Charm++: standalone mode (not using charmrun)
Charm++> Running in Multicore mode: 12 threads (PEs)
Charm++> Using recursive bisection (scheme 3) for topology aware partitions
Converse/Charm++ Commit ID: 
CharmLB> Load balancer assumes all CPUs are same.
Charm++> Running on 1 hosts (1 sockets x 6 cores x 2 PUs = 12-way SMP)
Charm++> cpu topology info is gathered in 0.054 seconds.
CharmLB> Load balancing instrumentation for communication is off.
Info: NAMD Git-2025-12-04 for Linux-x86_64-multicore
Info: 
Info: Please visit http://www.ks.uiuc.edu/Research/namd/
Info: for updates, documentation, and support information.
Info: 
Info: Please cite Phillips et al., J. Chem. Phys. 153:044130 (2020) doi:10.1063/5.0014475
Info: in all publications reporting results obtained with NAMD.
Info: 
Info: Based on Charm++/Converse 80000 for multicore-linux-x86_64-gcc
Info: Built Thu Dec 4 09:25:02 CST 2025 by dhardy on athine.ks.uiuc.edu
Info: Source code at Git commit ID b856a9378ca44bcf5aa708d4b681af4ceb86d8ca
Info: 1 NAMD  Git-2025-12-04  Linux-x86_64-multicore  12    CCBC-pc4-09-L  1671530@uab.cat
Info: Running on 12 processors, 1 nodes, 1 physical nodes.
Info: CPU topology information available.
Info: Charm++/Converse parallel runtime startup completed at 0.0932312 s
CkLoopLib is used in SMP with simple dynamic scheduling (converse-level notification)
Info: 819.949 MB of memory in use based on /proc/self/stat
Info: Configuration file is equilibrationNpzT.namd
Info: Working in the current directory /home/UAB/1671530/Documents/30-04-26/nanotub/equilibration
TCL: Suspending until startup complete.
Warning: Option "1-4scaling" has been deprecated. Instead use "oneFourScaling".
Info: EXTENDED SYSTEM FILE   ../minimize/minimized.restart.xsc
Warning: The Langevin gamma parameters differ over the particles,
Warning: requiring extra work per step to constrain rigid bonds.
Info: SIMULATION PARAMETERS:
Info: TIMESTEP               2
Info: NUMBER OF STEPS        0
Info: STEPS PER CYCLE        10
Info: PERIODIC CELL BASIS 1  23 0 0
Info: PERIODIC CELL BASIS 2  0 19.919 0
Info: PERIODIC CELL BASIS 3  0 0 52
Info: PERIODIC CELL CENTER   0 0 0
Info: WRAPPING WATERS AROUND PERIODIC BOUNDARIES ON OUTPUT.
Info: WRAPPING ALL CLUSTERS AROUND PERIODIC BOUNDARIES ON OUTPUT.
Info: LOAD BALANCER  Centralized
Info: LOAD BALANCING STRATEGY  New Load Balancers -- DEFAULT
Info: LDB PERIOD             2000 steps
Info: FIRST LDB TIMESTEP     50
Info: LAST LDB TIMESTEP     -1
Info: LDB BACKGROUND SCALING 1
Info: HOM BACKGROUND SCALING 1
Info: PME BACKGROUND SCALING 1
Info: MIN ATOMS PER PATCH    40
Info: EMPTY PATCH LOAD       40 ATOMS
Info: VELOCITY FILE          ../minimize/minimized.restart.vel
Info: CENTER OF MASS MOVING INITIALLY? NO
Info: DIELECTRIC             1
Info: EXCLUDE                SCALED ONE-FOUR
Info: 1-4 ELECTROSTATICS SCALED BY 1
Info: MODIFIED 1-4 VDW PARAMETERS WILL BE USED
Info: DCD FILENAME           MDequil.dcd
Info: DCD FREQUENCY          5000
Info: DCD FIRST STEP         5000
Info: DCD FILE WILL CONTAIN UNIT CELL DATA
Info: XST FILENAME           MDequil.xst
Info: XST FREQUENCY          5000
Info: NO VELOCITY DCD OUTPUT
Info: NO FORCE DCD OUTPUT
Info: OUTPUT FILENAME        MDequil
Info: BINARY OUTPUT FILES WILL BE USED
Info: RESTART FILENAME       MDequil.restart
Info: RESTART FREQUENCY      50000
Info: BINARY RESTART FILES WILL BE USED
Info: NAMD will save positions and velocities to MDequil.crash.csv when  atoms are moving too fast.
Info: SWITCHING ACTIVE
Info: SWITCHING ON           10
Info: SWITCHING OFF          12
Info: PAIRLIST DISTANCE      14
Info: PAIRLIST SHRINK RATE   0.01
Info: PAIRLIST GROW RATE     0.01
Info: PAIRLIST TRIGGER       0.3
Info: PAIRLISTS PER CYCLE    2
Info: PAIRLISTS ENABLED
Info: MARGIN                 0.99
Info: HYDROGEN GROUP CUTOFF  2.5
Info: PATCH DIMENSION        17.49
Info: ENERGY OUTPUT STEPS    5000
Info: ENERGY EVALUATION STEPS    5000
Info: OUTPUT ENERGY PRECISION 4
Info: CROSSTERM ENERGY INCLUDED IN DIHEDRAL
Info: TIMING OUTPUT STEPS    50000
Info: PRESSURE OUTPUT STEPS  5000
Info: FIXED ATOMS ACTIVE
Info: LANGEVIN DYNAMICS ACTIVE
Info: LANGEVIN TEMPERATURE   300
Info: LANGEVIN USING BBK INTEGRATOR
Info: LANGEVIN DAMPING COEFFICIENT IS 1 INVERSE PS
Info: LANGEVIN DYNAMICS NOT APPLIED TO HYDROGENS
Info: LANGEVIN PISTON PRESSURE CONTROL ACTIVE
Info:        TARGET PRESSURE IS 1.01325 BAR
Info:     OSCILLATION PERIOD IS 200 FS
Info:             DECAY TIME IS 100 FS
Info:     PISTON TEMPERATURE IS 300 K
Info:       PRESSURE CONTROL IS GROUP-BASED
Info:    INITIAL STRAIN RATE IS 0 0 0
Info:       CELL FLUCTUATION IS ANISOTROPIC
Info:     CONSTANT AREA PRESSURE CONTROL ACTIVE
Info: PARTICLE MESH EWALD (PME) ACTIVE
Info: PME TOLERANCE               1e-06
Info: PME EWALD COEFFICIENT       0.257952
Info: PME INTERPOLATION ORDER     4
Info: PME GRID DIMENSIONS         24 20 54
Info: PME MAXIMUM GRID SPACING    1
Info: Attempting to read FFTW data from FFTW_NAMD_Git-2025-12-04_Linux-x86_64-multicore.txt
Info: Optimizing 6 FFT steps.  1... 2... 3... 4... 5... 6...   Done.
Info: Writing FFTW data to FFTW_NAMD_Git-2025-12-04_Linux-x86_64-multicore.txt
Info: FULL ELECTROSTATIC EVALUATION FREQUENCY      2
Info: USING VERLET I (r-RESPA) MTS SCHEME.
Info: C1 SPLITTING OF LONG RANGE ELECTROSTATICS
Info: PLACING ATOMS IN PATCHES BY HYDROGEN GROUPS
Info: RIGID BONDS TO HYDROGEN : ALL
Info:         ERROR TOLERANCE : 1e-08
Info:          MAX ITERATIONS : 100
Info: RIGID WATER USING SETTLE ALGORITHM
Info: RANDOM NUMBER SEED     1777544318
Info: USE HYDROGEN BONDS?    NO
Info: COORDINATE PDB         ../input/system.pdb
Info: STRUCTURE FILE         ../input/system.psf
Info: PARAMETER file: CHARMM format! 
Info: PARAMETERS             ../input/par_nanotubes.inp
Info: PARAMETERS             ../input/par_water_ions.inp
Info: USING ARITHMETIC MEAN TO COMBINE L-J SIGMA PARAMETERS
Info: BINARY COORDINATES     ../minimize/minimized.restart.coor
Info: SUMMARY OF PARAMETERS:
Info: 4 BONDS
Info: 2 ANGLES
Info: 1 DIHEDRAL
Info: 0 IMPROPER
Info: 0 CROSSTERM
Info: 16 VDW
Info: 2 VDW_PAIRS
Info: 0 NBTHOLE_PAIRS
Info: TIME FOR READING PSF FILE: 0.00932503
Info: Reading pdb file ../input/system.pdb
Info: TIME FOR READING PDB FILE: 0.00210461
Info: 
Info: ****************************
Info: STRUCTURE SUMMARY:
Info: 2160 ATOMS
Info: 1872 BONDS
Info: 2064 ANGLES
Info: 2928 DIHEDRALS
Info: 0 IMPROPERS
Info: 0 CROSSTERMS
Info: 0 EXCLUSIONS
Info: 576 FIXED ATOMS
Info: 1584 RIGID BONDS
Info: 0 RIGID BONDS BETWEEN FIXED ATOMS
Info: 3168 DEGREES OF FREEDOM
Info: 1104 HYDROGEN GROUPS
Info: 3 ATOMS IN LARGEST HYDROGEN GROUP
Info: 1104 MIGRATION GROUPS
Info: 3 ATOMS IN LARGEST MIGRATION GROUP
Info: 576 HYDROGEN GROUPS WITH ALL ATOMS FIXED
Info: TOTAL MASS = 16430.5 amu
Info: TOTAL CHARGE = 0 e
Info: MASS DENSITY = 1.14528 g/cm^3
Info: ATOM DENSITY = 0.0906682 atoms/A^3
Info: *****************************
Info: Reading from binary file ../minimize/minimized.restart.coor
Info: 
Info: Entering startup at 13.1418 s, 0.448026 MB of memory in use
Info: Startup phase 0 took 0.000102694 s, 0.448026 MB of memory in use
Info: ADDED 6144 IMPLICIT EXCLUSIONS
Info: Startup phase 1 took 0.00142472 s, 0.448026 MB of memory in use
Info: NONBONDED TABLE R-SQUARED SPACING: 0.0625
Info: NONBONDED TABLE SIZE: 769 POINTS
Info: INCONSISTENCY IN FAST TABLE ENERGY VS FORCE: 0.000325096 AT 11.9556
Info: INCONSISTENCY IN SCOR TABLE ENERGY VS FORCE: 0.000324844 AT 11.9556
Info: INCONSISTENCY IN VDWA TABLE ENERGY VS FORCE: 0.0040507 AT 0.251946
Info: INCONSISTENCY IN VDWB TABLE ENERGY VS FORCE: 0.00150189 AT 0.251946
Info: Startup phase 2 took 0.000675293 s, 0.448026 MB of memory in use
Info: Startup phase 3 took 7.2672e-05 s, 0.448026 MB of memory in use
Info: Startup phase 4 took 8.0795e-05 s, 0.448026 MB of memory in use
Info: Startup phase 5 took 7.9559e-05 s, 0.448026 MB of memory in use
Info: PATCH GRID IS 2 (PERIODIC) BY 1 (PERIODIC) BY 2 (PERIODIC)
Info: PATCH GRID IS 2-AWAY BY 1-AWAY BY 1-AWAY
Info: Reading from binary file ../minimize/minimized.restart.vel
Info: REMOVING COM VELOCITY 0 0 0
Info: LARGEST PATCH (0) HAS 564 ATOMS
Info: TORUS A SIZE 1 USING 0
Info: TORUS B SIZE 1 USING 0
Info: TORUS C SIZE 1 USING 0
Info: TORUS MINIMAL MESH SIZE IS 1 BY 1 BY 1
Info: Placed 100% of base nodes on same physical node as patch
Info: Startup phase 6 took 0.000792605 s, 0.448026 MB of memory in use
Info: PME using 12 and 10 processors for FFT and reciprocal sum.
Info: PME GRID LOCATIONS: 0 1 2 3 4 5 6 7 8 9 ...
Info: PME TRANS LOCATIONS: 1 2 3 4 5 6 8 9 10 11
Info: PME USING 1 GRID NODES AND 1 TRANS NODES
Info: Optimizing 4 FFT steps.  1... 2... 3... 4...   Done.
Info: Startup phase 7 took 0.000419247 s, 0.448026 MB of memory in use
Info: Startup phase 8 took 6.4498e-05 s, 0.448026 MB of memory in use
Info: Startup phase 9 took 6.558e-05 s, 0.448026 MB of memory in use
Info: Startup phase 10 took 6.4744e-05 s, 0.448026 MB of memory in use
Info: Startup phase 11 took 0.000125122 s, 0.448026 MB of memory in use
LDB: Central LB being created...
Info: Startup phase 12 took 8.9719e-05 s, 0.448026 MB of memory in use
Info: Startup phase 13 took 6.4501e-05 s, 0.448026 MB of memory in use
Info: Startup phase 14 took 6.8791e-05 s, 0.448026 MB of memory in use
Info: Startup phase 15 took 7.1866e-05 s, 0.448026 MB of memory in use
Info: CREATING 136 COMPUTE OBJECTS
Info: useSync: 0 useProxySync: 0
Info: Startup phase 16 took 0.000209356 s, 0.448026 MB of memory in use
Info: Startup phase 17 took 9.2054e-05 s, 0.448026 MB of memory in use
Info: Startup phase 18 took 4.6033e-05 s, 0.448026 MB of memory in use
Info: Finished startup at 13.1464 s, 0.448026 MB of memory in use

TCL: Running for 500000 steps
PRESSURE: 0 2921.08 147.195 539.044 -344.051 4237.05 -1130.15 -2331.38 -1092.05 12390.6
GPRESSURE: 0 2928.3 218.738 601.067 -128.146 4291.18 -1204.91 -2367.29 -977.989 12365.5
ETITLE:      TS           BOND          ANGLE          DIHED          IMPRP               ELECT            VDW       BOUNDARY           MISC        KINETIC               TOTAL           TEMP      POTENTIAL         TOTAL3        TEMPAVG            PRESSURE      GPRESSURE         VOLUME       PRESSAVG      GPRESSAVG

ENERGY:       0         0.0000         0.0000         0.0000         0.0000          -5460.6263       775.2765         0.0000         0.0000         0.0000          -4685.3497         0.0000     -4685.3497     -4684.5917         0.0000           6516.2579      6528.3354     23823.1240      6516.2579      6528.3354

OPENING EXTENDED SYSTEM TRAJECTORY FILE
LDB: ============= START OF LOAD BALANCING ============== 13.1984
LDB: ============== END OF LOAD BALANCING =============== 13.2014
Info: useSync: 0 useProxySync: 0
LDB: =============== DONE WITH MIGRATION ================ 13.2024
LDB: ============= START OF LOAD BALANCING ============== 13.3129
LDB: Largest compute 30 load 0.040090 is 109.3% of average load 0.036667
LDB: Average compute 0.003379 is 9.2% of average load 0.036667
LDB: Partitioning computes with target load 0.006757
LDB: Increased migratable compute count from 112 to 145
LDB: Largest unpartitionable compute is 0.000407
LDB: ============== END OF LOAD BALANCING =============== 13.3133
Info: useSync: 0 useProxySync: 0
LDB: =============== DONE WITH MIGRATION ================ 13.3208
Info: Initial time: 12 CPUs 0.00311146 s/step 0.0180062 days/ns 0.448026 MB memory
LDB: ============= START OF LOAD BALANCING ============== 13.3442
LDB: ============== END OF LOAD BALANCING =============== 13.3443
Info: useSync: 0 useProxySync: 0
LDB: =============== DONE WITH MIGRATION ================ 13.3444
LDB: ============= START OF LOAD BALANCING ============== 13.492
LDB: Largest compute 34 load 0.009973 is 28.5% of average load 0.035014
LDB: Average compute 0.002492 is 7.1% of average load 0.035014
LDB: TIME 13.4923 LOAD: AVG 0.0350145 MAX 0.0722028  PROXIES: TOTAL 24 MAXPE 4 MAXPATCH 6 None MEM: 0.448026 MB
LDB: TIME 13.4924 LOAD: AVG 0.0350145 MAX 0.0418189  PROXIES: TOTAL 24 MAXPE 4 MAXPATCH 6 TorusLB MEM: 0.448026 MB
LDB: ============== END OF LOAD BALANCING =============== 13.4925
Info: useSync: 0 useProxySync: 0
LDB: =============== DONE WITH MIGRATION ================ 13.4929
Info: Initial time: 12 CPUs 0.00338367 s/step 0.0195814 days/ns 0.448026 MB memory
LDB: ============= START OF LOAD BALANCING ============== 13.5907
LDB: Largest compute 88 load 0.016532 is 33.2% of average load 0.049858
LDB: Average compute 0.003527 is 7.1% of average load 0.049858
LDB: TIME 13.591 LOAD: AVG 0.0498576 MAX 0.0762305  PROXIES: TOTAL 24 MAXPE 4 MAXPATCH 6 None MEM: 0.448026 MB
LDB: TIME 13.5911 LOAD: AVG 0.0498576 MAX 0.0762305  PROXIES: TOTAL 24 MAXPE 4 MAXPATCH 6 RefineTorusLB MEM: 0.448026 MB
LDB: TIME 13.5914 LOAD: AVG 0.0498576 MAX 0.0544066  PROXIES: TOTAL 25 MAXPE 4 MAXPATCH 7 RefineTorusLB MEM: 0.448026 MB
LDB: ============== END OF LOAD BALANCING =============== 13.5914
Info: useSync: 0 useProxySync: 0
LDB: =============== DONE WITH MIGRATION ================ 13.5918
Info: Initial time: 12 CPUs 0.00195883 s/step 0.0113358 days/ns 0.448026 MB memory
LDB: ============= START OF LOAD BALANCING ============== 13.6918
LDB: Largest compute 156 load 0.018303 is 37.2% of average load 0.049259
LDB: Average compute 0.003541 is 7.2% of average load 0.049259
LDB: TIME 13.692 LOAD: AVG 0.0492586 MAX 0.081573  PROXIES: TOTAL 24 MAXPE 4 MAXPATCH 6 None MEM: 0.448026 MB
LDB: TIME 13.6921 LOAD: AVG 0.0492586 MAX 0.081573  PROXIES: TOTAL 25 MAXPE 4 MAXPATCH 7 RefineTorusLB MEM: 0.448026 MB
LDB: TIME 13.6923 LOAD: AVG 0.0492586 MAX 0.0537607  PROXIES: TOTAL 26 MAXPE 4 MAXPATCH 8 RefineTorusLB MEM: 0.448026 MB
LDB: ============== END OF LOAD BALANCING =============== 13.6924
Info: useSync: 0 useProxySync: 0
LDB: =============== DONE WITH MIGRATION ================ 13.6927
Info: Benchmark time: 12 CPUs 0.0020004 s/step 0.0115764 days/ns 0.448026 MB memory
Info: Benchmark time: 12 CPUs 0.00293087 s/step 0.0169611 days/ns 0.448026 MB memory
Info: Benchmark time: 12 CPUs 0.00196019 s/step 0.0113437 days/ns 0.448026 MB memory
Info: Benchmark time: 12 CPUs 0.00185792 s/step 0.0107519 days/ns 0.448026 MB memory
Info: Benchmark time: 12 CPUs 0.0018503 s/step 0.0107078 days/ns 0.448026 MB memory
Info: Benchmark time: 12 CPUs 0.00194849 s/step 0.011276 days/ns 0.448026 MB memory
LDB: ============= START OF LOAD BALANCING ============== 18.7443
LDB: ============== END OF LOAD BALANCING =============== 18.7446
Info: useSync: 0 useProxySync: 0
LDB: =============== DONE WITH MIGRATION ================ 18.7448
LDB: ============= START OF LOAD BALANCING ============== 18.9256
LDB: Largest compute 144 load 0.029166 is 53.8% of average load 0.054171
LDB: Average compute 0.003640 is 6.7% of average load 0.054171
LDB: TIME 18.9258 LOAD: AVG 0.0541713 MAX 0.143007  PROXIES: TOTAL 24 MAXPE 4 MAXPATCH 6 None MEM: 0.448026 MB
LDB: TIME 18.9259 LOAD: AVG 0.0541713 MAX 0.143007  PROXIES: TOTAL 26 MAXPE 4 MAXPATCH 8 RefineTorusLB MEM: 0.448026 MB
LDB: TIME 18.9259 LOAD: AVG 0.0541713 MAX 0.0595819  PROXIES: TOTAL 27 MAXPE 4 MAXPATCH 8 RefineTorusLB MEM: 0.448026 MB
LDB: ============== END OF LOAD BALANCING =============== 18.926
Info: useSync: 0 useProxySync: 0
LDB: =============== DONE WITH MIGRATION ================ 18.9263
LDB: ============= START OF LOAD BALANCING ============== 23.5285
LDB: ============== END OF LOAD BALANCING =============== 23.5286
Info: useSync: 0 useProxySync: 0
LDB: =============== DONE WITH MIGRATION ================ 23.5287
LDB: ============= START OF LOAD BALANCING ============== 23.6586
LDB: Largest compute 142 load 0.021718 is 41.6% of average load 0.052210
LDB: Average compute 0.003654 is 7.0% of average load 0.052210
LDB: TIME 23.6588 LOAD: AVG 0.0522096 MAX 0.100356  PROXIES: TOTAL 24 MAXPE 4 MAXPATCH 6 None MEM: 0.448026 MB
LDB: TIME 23.6589 LOAD: AVG 0.0522096 MAX 0.100356  PROXIES: TOTAL 27 MAXPE 4 MAXPATCH 8 RefineTorusLB MEM: 0.448026 MB
LDB: TIME 23.6589 LOAD: AVG 0.0522096 MAX 0.0560902  PROXIES: TOTAL 28 MAXPE 4 MAXPATCH 8 RefineTorusLB MEM: 0.448026 MB
LDB: ============== END OF LOAD BALANCING =============== 23.659
Info: useSync: 0 useProxySync: 0
LDB: =============== DONE WITH MIGRATION ================ 23.6592
PRESSURE: 5000 -84.4352 133.422 -732.898 -44.6921 1041.13 -225.616 -1009.84 -223.39 -555.331
GPRESSURE: 5000 -41.6824 -8.57889 -585.544 -371.433 938.491 -445.574 -1117.34 -165.834 -463.487
PRESSAVG: 5000 -149.008 -17.6465 11.2952 -19.4947 -196.605 -22.6957 -88.5487 -37.0281 -14.1717
GPRESSAVG: 5000 -148.767 -17.5529 11.2708 -19.156 -196.682 -22.7433 -88.2769 -37.1573 -14.272
ENERGY:    5000         0.0000         0.0000         0.0000         0.0000          -5630.0390       473.7470         0.0000         0.0000       980.8324          -4175.4596       311.6018     -5156.2919     -4173.1818       283.1694            133.7884       144.4403     23107.7559      -119.9283      -119.9071

OPENING COORDINATE DCD FILE
WRITING COORDINATES TO DCD FILE MDequil.dcd AT STEP 5000
The last position output (seq=5000) takes 0.011 seconds, 0.448 MB of memory in use
LDB: ============= START OF LOAD BALANCING ============== 28.6411
LDB: ============== END OF LOAD BALANCING =============== 28.642
Info: useSync: 0 useProxySync: 0
LDB: =============== DONE WITH MIGRATION ================ 28.6544
LDB: ============= START OF LOAD BALANCING ============== 28.7588
LDB: Largest compute 52 load 0.017713 is 33.1% of average load 0.053445
LDB: Average compute 0.003827 is 7.2% of average load 0.053445
LDB: TIME 28.759 LOAD: AVG 0.0534446 MAX 0.0951002  PROXIES: TOTAL 24 MAXPE 4 MAXPATCH 6 None MEM: 0.448026 MB
LDB: TIME 28.759 LOAD: AVG 0.0534446 MAX 0.0951002  PROXIES: TOTAL 28 MAXPE 4 MAXPATCH 8 RefineTorusLB MEM: 0.448026 MB
LDB: TIME 28.7592 LOAD: AVG 0.0534446 MAX 0.0580605  PROXIES: TOTAL 29 MAXPE 4 MAXPATCH 8 RefineTorusLB MEM: 0.448026 MB
LDB: ============== END OF LOAD BALANCING =============== 28.7592
Info: useSync: 0 useProxySync: 0
LDB: =============== DONE WITH MIGRATION ================ 28.7596
LDB: ============= START OF LOAD BALANCING ============== 33.1777
LDB: ============== END OF LOAD BALANCING =============== 33.1778
Info: useSync: 0 useProxySync: 0
LDB: =============== DONE WITH MIGRATION ================ 33.1849
LDB: ============= START OF LOAD BALANCING ============== 33.2826
LDB: Largest compute 140 load 0.021729 is 42.7% of average load 0.050861
LDB: Average compute 0.003603 is 7.1% of average load 0.050861
LDB: TIME 33.2829 LOAD: AVG 0.0508606 MAX 0.0849631  PROXIES: TOTAL 24 MAXPE 4 MAXPATCH 6 None MEM: 0.448026 MB
LDB: TIME 33.283 LOAD: AVG 0.0508606 MAX 0.0849631  PROXIES: TOTAL 29 MAXPE 4 MAXPATCH 8 RefineTorusLB MEM: 0.448026 MB
LDB: TIME 33.2831 LOAD: AVG 0.0508606 MAX 0.0550428  PROXIES: TOTAL 29 MAXPE 4 MAXPATCH 8 RefineTorusLB MEM: 0.448026 MB
LDB: ============== END OF LOAD BALANCING =============== 33.2855
Info: useSync: 0 useProxySync: 0
LDB: =============== DONE WITH MIGRATION ================ 33.2857
PRESSURE: 10000 172.82 130.17 -230.923 469.666 356.577 367.713 123.709 -28.4328 -795.349
GPRESSURE: 10000 87.315 348.561 -508.821 383.873 496.02 372.776 319.005 0.216978 -803.566
PRESSAVG: 10000 -234.01 -64.9022 -51.1518 -52.5334 -139.316 6.52859 -81 22.2505 10.7552
GPRESSAVG: 10000 -234.052 -64.8236 -50.8466 -52.3882 -138.926 6.414 -80.5891 22.2222 10.9481
ENERGY:   10000         0.0000         0.0000         0.0000         0.0000          -5622.5999       474.4873         0.0000         0.0000       970.0334          -4178.0792       308.1711     -5148.1126     -4176.0504       303.7614            -88.6508       -73.4102     23287.8021      -120.8570      -120.6764

WRITING COORDINATES TO DCD FILE MDequil.dcd AT STEP 10000
The last position output (seq=10000) takes 0.000 seconds, 0.448 MB of memory in use
LDB: ============= START OF LOAD BALANCING ============== 37.9078
LDB: ============== END OF LOAD BALANCING =============== 37.908
Info: useSync: 0 useProxySync: 0
LDB: =============== DONE WITH MIGRATION ================ 37.9081
LDB: ============= START OF LOAD BALANCING ============== 38.0206
LDB: Largest compute 143 load 0.031893 is 60.5% of average load 0.052754
LDB: Average compute 0.003765 is 7.1% of average load 0.052754
LDB: TIME 38.0208 LOAD: AVG 0.0527545 MAX 0.106943  PROXIES: TOTAL 24 MAXPE 4 MAXPATCH 6 None MEM: 0.448026 MB
LDB: TIME 38.0209 LOAD: AVG 0.0527545 MAX 0.106943  PROXIES: TOTAL 29 MAXPE 4 MAXPATCH 8 RefineTorusLB MEM: 0.448026 MB
LDB: TIME 38.0211 LOAD: AVG 0.0527545 MAX 0.0579632  PROXIES: TOTAL 29 MAXPE 4 MAXPATCH 8 RefineTorusLB MEM: 0.448026 MB
LDB: ============== END OF LOAD BALANCING =============== 38.0212
Info: useSync: 0 useProxySync: 0
LDB: =============== DONE WITH MIGRATION ================ 38.0216
LDB: ============= START OF LOAD BALANCING ============== 42.7762
LDB: ============== END OF LOAD BALANCING =============== 42.7763
Info: useSync: 0 useProxySync: 0
LDB: =============== DONE WITH MIGRATION ================ 42.7765
LDB: ============= START OF LOAD BALANCING ============== 42.8736
LDB: Largest compute 140 load 0.014302 is 27.4% of average load 0.052217
LDB: Average compute 0.003664 is 7.0% of average load 0.052217
LDB: TIME 42.8739 LOAD: AVG 0.0522167 MAX 0.0780073  PROXIES: TOTAL 24 MAXPE 4 MAXPATCH 6 None MEM: 0.448026 MB
LDB: TIME 42.874 LOAD: AVG 0.0522167 MAX 0.0780073  PROXIES: TOTAL 29 MAXPE 4 MAXPATCH 8 RefineTorusLB MEM: 0.448026 MB
LDB: TIME 42.8742 LOAD: AVG 0.0522167 MAX 0.0565637  PROXIES: TOTAL 29 MAXPE 4 MAXPATCH 8 RefineTorusLB MEM: 0.448026 MB
LDB: ============== END OF LOAD BALANCING =============== 42.8743
Info: useSync: 0 useProxySync: 0
LDB: =============== DONE WITH MIGRATION ================ 42.8745
LDB: ============= START OF LOAD BALANCING ============== 46.7042
LDB: ============== END OF LOAD BALANCING =============== 46.7043
Info: useSync: 0 useProxySync: 0
LDB: =============== DONE WITH MIGRATION ================ 46.705
LDB: ============= START OF LOAD BALANCING ============== 46.8054
LDB: Largest compute 149 load 0.020238 is 39.2% of average load 0.051571
LDB: Average compute 0.003643 is 7.1% of average load 0.051571
LDB: TIME 46.8057 LOAD: AVG 0.0515711 MAX 0.0674904  PROXIES: TOTAL 24 MAXPE 4 MAXPATCH 6 None MEM: 0.448026 MB
LDB: TIME 46.8057 LOAD: AVG 0.0515711 MAX 0.0674904  PROXIES: TOTAL 29 MAXPE 4 MAXPATCH 8 RefineTorusLB MEM: 0.448026 MB
LDB: TIME 46.8058 LOAD: AVG 0.0515711 MAX 0.055627  PROXIES: TOTAL 29 MAXPE 4 MAXPATCH 8 RefineTorusLB MEM: 0.448026 MB
LDB: ============== END OF LOAD BALANCING =============== 46.8059
Info: useSync: 0 useProxySync: 0
LDB: =============== DONE WITH MIGRATION ================ 46.8062
PRESSURE: 15000 -447.355 -274.335 -101.673 -174.796 -892.121 -35.3767 -85.6483 85.1162 63.087
GPRESSURE: 15000 -448.04 -23.7873 -201.745 -7.62552 -774.171 -116.275 26.1945 -51.4528 -22.8713
PRESSAVG: 15000 -367.208 -3.61676 47.5002 -12.4158 -269.05 45.7747 -12.4772 43.3914 -5.08826
GPRESSAVG: 15000 -367.249 -3.80038 47.4415 -13.0043 -269.085 45.8716 -13.0423 43.3341 -4.84957
ENERGY:   15000         0.0000         0.0000         0.0000         0.0000          -5612.1801       403.4264         0.0000         0.0000       928.3145          -4280.4391       294.9174     -5208.7537     -4278.3200       298.7361           -425.4630      -415.0274     22858.9475      -213.7819      -213.7279

WRITING COORDINATES TO DCD FILE MDequil.dcd AT STEP 15000
The last position output (seq=15000) takes 0.000 seconds, 0.448 MB of memory in use
LDB: ============= START OF LOAD BALANCING ============== 52.1103
LDB: ============== END OF LOAD BALANCING =============== 52.1104
Info: useSync: 0 useProxySync: 0
LDB: =============== DONE WITH MIGRATION ================ 52.1106
LDB: ============= START OF LOAD BALANCING ============== 52.2418
LDB: Largest compute 166 load 0.021426 is 38.6% of average load 0.055513
LDB: Average compute 0.003970 is 7.2% of average load 0.055513
LDB: TIME 52.2419 LOAD: AVG 0.0555132 MAX 0.109411  PROXIES: TOTAL 24 MAXPE 4 MAXPATCH 6 None MEM: 0.448026 MB
LDB: TIME 52.2421 LOAD: AVG 0.0555132 MAX 0.109411  PROXIES: TOTAL 29 MAXPE 4 MAXPATCH 8 RefineTorusLB MEM: 0.448026 MB
LDB: TIME 52.2422 LOAD: AVG 0.0555132 MAX 0.0603173  PROXIES: TOTAL 30 MAXPE 4 MAXPATCH 8 RefineTorusLB MEM: 0.448026 MB
LDB: ============== END OF LOAD BALANCING =============== 52.2423
Info: useSync: 0 useProxySync: 0
LDB: =============== DONE WITH MIGRATION ================ 52.247
LDB: ============= START OF LOAD BALANCING ============== 56.7661
LDB: ============== END OF LOAD BALANCING =============== 56.7663
Info: useSync: 0 useProxySync: 0
LDB: =============== DONE WITH MIGRATION ================ 56.7664
LDB: ============= START OF LOAD BALANCING ============== 56.8707
LDB: Largest compute 150 load 0.017001 is 32.7% of average load 0.051985
LDB: Average compute 0.003702 is 7.1% of average load 0.051985
LDB: TIME 56.8708 LOAD: AVG 0.051985 MAX 0.0734478  PROXIES: TOTAL 24 MAXPE 4 MAXPATCH 6 None MEM: 0.448026 MB
LDB: TIME 56.8709 LOAD: AVG 0.051985 MAX 0.0734478  PROXIES: TOTAL 30 MAXPE 4 MAXPATCH 8 RefineTorusLB MEM: 0.448026 MB
LDB: TIME 56.8709 LOAD: AVG 0.051985 MAX 0.0559829  PROXIES: TOTAL 30 MAXPE 4 MAXPATCH 8 RefineTorusLB MEM: 0.448026 MB
LDB: ============== END OF LOAD BALANCING =============== 56.871
Info: useSync: 0 useProxySync: 0
LDB: =============== DONE WITH MIGRATION ================ 56.8712
WRITING COORDINATES TO DCD FILE MDequil.dcd AT STEP 20000
The last position output (seq=20000) takes 0.000 seconds, 0.448 MB of memory in use
PRESSURE: 20000 -1821.36 111.786 261.815 -21.4555 -1208.25 59.0633 231.255 128.845 959.498
GPRESSURE: 20000 -1713.38 41.8653 -10.3518 66.555 -1322.7 -47.3473 398.405 324.76 1028.48
PRESSAVG: 20000 -289.876 -14.9356 -31.2318 -26.9525 -416.067 -1.79664 0.28622 28.2573 -5.157
GPRESSAVG: 20000 -289.526 -15.0367 -31.3213 -26.9701 -416.315 -1.57242 0.510897 28.145 -5.30259
ENERGY:   20000         0.0000         0.0000         0.0000         0.0000          -5492.7202       354.8636         0.0000         0.0000       955.5035          -4182.3532       303.5551     -5137.8566     -4180.7502       300.2093           -690.0393      -669.2007     23039.8846      -237.0333      -237.0480

LDB: ============= START OF LOAD BALANCING ============== 61.1713
LDB: ============== END OF LOAD BALANCING =============== 61.1714
Info: useSync: 0 useProxySync: 0
LDB: =============== DONE WITH MIGRATION ================ 61.1715
LDB: ============= START OF LOAD BALANCING ============== 61.301
LDB: Largest compute 161 load 0.028359 is 52.4% of average load 0.054082
LDB: Average compute 0.003806 is 7.0% of average load 0.054082
LDB: TIME 61.3012 LOAD: AVG 0.0540817 MAX 0.0945665  PROXIES: TOTAL 24 MAXPE 4 MAXPATCH 6 None MEM: 0.448026 MB
LDB: TIME 61.3013 LOAD: AVG 0.0540817 MAX 0.0945665  PROXIES: TOTAL 30 MAXPE 4 MAXPATCH 8 RefineTorusLB MEM: 0.448026 MB
LDB: TIME 61.3013 LOAD: AVG 0.0540817 MAX 0.0586447  PROXIES: TOTAL 30 MAXPE 4 MAXPATCH 8 RefineTorusLB MEM: 0.448026 MB
LDB: ============== END OF LOAD BALANCING =============== 61.3014
Info: useSync: 0 useProxySync: 0
LDB: =============== DONE WITH MIGRATION ================ 61.3021
LDB: ============= START OF LOAD BALANCING ============== 65.9898
LDB: ============== END OF LOAD BALANCING =============== 65.9899
Info: useSync: 0 useProxySync: 0
LDB: =============== DONE WITH MIGRATION ================ 65.9901
LDB: ============= START OF LOAD BALANCING ============== 66.0899
LDB: Largest compute 78 load 0.022045 is 40.4% of average load 0.054612
LDB: Average compute 0.003924 is 7.2% of average load 0.054612
LDB: TIME 66.0901 LOAD: AVG 0.0546124 MAX 0.0864175  PROXIES: TOTAL 24 MAXPE 4 MAXPATCH 6 None MEM: 0.448026 MB
LDB: TIME 66.0902 LOAD: AVG 0.0546124 MAX 0.0864175  PROXIES: TOTAL 30 MAXPE 4 MAXPATCH 8 RefineTorusLB MEM: 0.448026 MB
LDB: TIME 66.0902 LOAD: AVG 0.0546124 MAX 0.058824  PROXIES: TOTAL 30 MAXPE 4 MAXPATCH 8 RefineTorusLB MEM: 0.448026 MB
LDB: ============== END OF LOAD BALANCING =============== 66.0903
Info: useSync: 0 useProxySync: 0
LDB: =============== DONE WITH MIGRATION ================ 66.0905
LDB: ============= START OF LOAD BALANCING ============== 70.5055
LDB: ============== END OF LOAD BALANCING =============== 70.5057
Info: useSync: 0 useProxySync: 0
LDB: =============== DONE WITH MIGRATION ================ 70.5057
LDB: ============= START OF LOAD BALANCING ============== 70.6124
LDB: Largest compute 7 load 0.038334 is 69.0% of average load 0.055566
LDB: Average compute 0.003981 is 7.2% of average load 0.055566
LDB: TIME 70.6151 LOAD: AVG 0.0555663 MAX 0.101988  PROXIES: TOTAL 24 MAXPE 4 MAXPATCH 6 None MEM: 0.448026 MB
LDB: TIME 70.6152 LOAD: AVG 0.0555663 MAX 0.101988  PROXIES: TOTAL 30 MAXPE 4 MAXPATCH 8 RefineTorusLB MEM: 0.448026 MB
LDB: TIME 70.6155 LOAD: AVG 0.0555663 MAX 0.0603648  PROXIES: TOTAL 31 MAXPE 4 MAXPATCH 9 RefineTorusLB MEM: 0.448026 MB
LDB: ============== END OF LOAD BALANCING =============== 70.6156
Info: useSync: 0 useProxySync: 0
LDB: =============== DONE WITH MIGRATION ================ 70.6159
PRESSURE: 25000 13.5114 -570.648 -304.571 -504.097 -268.423 -482.304 -186.409 69.2843 188.758
GPRESSURE: 25000 74.776 -821.712 -212.19 -373.547 -230.285 -634.027 -194.343 179.94 113.241
PRESSAVG: 25000 -396.164 107.928 -10.7531 99.5708 -303.822 18.1832 79.8052 10.2763 -7.59287
GPRESSAVG: 25000 -396.451 107.733 -10.8247 99.9561 -303.771 17.9833 79.6272 10.2855 -7.35098
ENERGY:   25000         0.0000         0.0000         0.0000         0.0000          -5605.5178       410.5716         0.0000         0.0000       964.7020          -4230.2442       306.4774     -5194.9462     -4228.4168       302.3707            -22.0513       -14.0893     22866.9664      -235.8597      -235.8576

WRITING COORDINATES TO DCD FILE MDequil.dcd AT STEP 25000
The last position output (seq=25000) takes 0.000 seconds, 0.448 MB of memory in use
LDB: ============= START OF LOAD BALANCING ============== 75.3651
LDB: ============== END OF LOAD BALANCING =============== 75.366
Info: useSync: 0 useProxySync: 0
LDB: =============== DONE WITH MIGRATION ================ 75.3661
LDB: ============= START OF LOAD BALANCING ============== 75.4683
LDB: Largest compute 7 load 0.017608 is 32.8% of average load 0.053705
LDB: Average compute 0.003867 is 7.2% of average load 0.053705
LDB: TIME 75.4685 LOAD: AVG 0.0537048 MAX 0.0868421  PROXIES: TOTAL 24 MAXPE 4 MAXPATCH 6 None MEM: 0.448026 MB
LDB: TIME 75.4685 LOAD: AVG 0.0537048 MAX 0.0868421  PROXIES: TOTAL 31 MAXPE 4 MAXPATCH 9 RefineTorusLB MEM: 0.448026 MB
LDB: TIME 75.4686 LOAD: AVG 0.0537048 MAX 0.0585444  PROXIES: TOTAL 31 MAXPE 4 MAXPATCH 9 RefineTorusLB MEM: 0.448026 MB
LDB: ============== END OF LOAD BALANCING =============== 75.4687
Info: useSync: 0 useProxySync: 0
LDB: =============== DONE WITH MIGRATION ================ 75.4691
LDB: ============= START OF LOAD BALANCING ============== 80.4636
LDB: ============== END OF LOAD BALANCING =============== 80.466
Info: useSync: 0 useProxySync: 0
LDB: =============== DONE WITH MIGRATION ================ 80.4687
LDB: ============= START OF LOAD BALANCING ============== 80.5837
LDB: Largest compute 162 load 0.023134 is 42.4% of average load 0.054602
LDB: Average compute 0.003917 is 7.2% of average load 0.054602
LDB: TIME 80.5839 LOAD: AVG 0.0546016 MAX 0.0907499  PROXIES: TOTAL 24 MAXPE 4 MAXPATCH 6 None MEM: 0.448026 MB
LDB: TIME 80.584 LOAD: AVG 0.0546016 MAX 0.0907499  PROXIES: TOTAL 31 MAXPE 4 MAXPATCH 9 RefineTorusLB MEM: 0.448026 MB
LDB: TIME 80.5841 LOAD: AVG 0.0546016 MAX 0.0582084  PROXIES: TOTAL 31 MAXPE 4 MAXPATCH 9 RefineTorusLB MEM: 0.448026 MB
LDB: ============== END OF LOAD BALANCING =============== 80.5842
Info: useSync: 0 useProxySync: 0
LDB: =============== DONE WITH MIGRATION ================ 80.5845
PRESSURE: 30000 -482.544 -182.572 -863.921 -249.896 314.798 -407.2 -685.643 -151.533 -18.9293
GPRESSURE: 30000 -642.077 -149.672 -905.852 -202.938 342.668 -460.053 -691.411 5.39429 179.557
PRESSAVG: 30000 -370.488 -11.9478 5.44658 5.65461 -235.499 -31.7452 25.4818 -36.1904 7.0541
GPRESSAVG: 30000 -370.075 -12.0778 5.5778 6.23612 -235.741 -31.7695 25.6128 -36.2208 6.77459
ENERGY:   30000         0.0000         0.0000         0.0000         0.0000          -5609.9780       419.9827         0.0000         0.0000       952.5646          -4237.4306       302.6214     -5189.9952     -4236.9424       297.7856            -62.2251       -39.9506     22811.0306      -199.6443      -199.6805

WRITING COORDINATES TO DCD FILE MDequil.dcd AT STEP 30000
The last position output (seq=30000) takes 0.000 seconds, 0.448 MB of memory in use
LDB: ============= START OF LOAD BALANCING ============== 84.9366
LDB: ============== END OF LOAD BALANCING =============== 84.9367
Info: useSync: 0 useProxySync: 0
LDB: =============== DONE WITH MIGRATION ================ 84.9368
LDB: ============= START OF LOAD BALANCING ============== 85.0345
LDB: Largest compute 136 load 0.026324 is 48.9% of average load 0.053823
LDB: Average compute 0.003835 is 7.1% of average load 0.053823
LDB: TIME 85.0347 LOAD: AVG 0.0538227 MAX 0.0696546  PROXIES: TOTAL 24 MAXPE 4 MAXPATCH 6 None MEM: 0.448026 MB
LDB: TIME 85.0348 LOAD: AVG 0.0538227 MAX 0.0696546  PROXIES: TOTAL 31 MAXPE 4 MAXPATCH 9 RefineTorusLB MEM: 0.448026 MB
LDB: TIME 85.0348 LOAD: AVG 0.0538227 MAX 0.0587507  PROXIES: TOTAL 31 MAXPE 4 MAXPATCH 9 RefineTorusLB MEM: 0.448026 MB
LDB: ============== END OF LOAD BALANCING =============== 85.0348
Info: useSync: 0 useProxySync: 0
LDB: =============== DONE WITH MIGRATION ================ 85.0351
LDB: ============= START OF LOAD BALANCING ============== 89.4864
LDB: ============== END OF LOAD BALANCING =============== 89.4866
Info: useSync: 0 useProxySync: 0
LDB: =============== DONE WITH MIGRATION ================ 89.4867
LDB: ============= START OF LOAD BALANCING ============== 89.5965
LDB: Largest compute 136 load 0.019503 is 35.9% of average load 0.054368
LDB: Average compute 0.003865 is 7.1% of average load 0.054368
LDB: TIME 89.6 LOAD: AVG 0.0543681 MAX 0.0792926  PROXIES: TOTAL 24 MAXPE 4 MAXPATCH 6 None MEM: 0.448026 MB
LDB: TIME 89.6001 LOAD: AVG 0.0543681 MAX 0.0792926  PROXIES: TOTAL 31 MAXPE 4 MAXPATCH 9 RefineTorusLB MEM: 0.448026 MB
LDB: TIME 89.6002 LOAD: AVG 0.0543681 MAX 0.0593954  PROXIES: TOTAL 31 MAXPE 4 MAXPATCH 9 RefineTorusLB MEM: 0.448026 MB
LDB: ============== END OF LOAD BALANCING =============== 89.6063
Info: useSync: 0 useProxySync: 0
LDB: =============== DONE WITH MIGRATION ================ 89.6156
LDB: ============= START OF LOAD BALANCING ============== 95.2376
LDB: ============== END OF LOAD BALANCING =============== 95.2377
Info: useSync: 0 useProxySync: 0
LDB: =============== DONE WITH MIGRATION ================ 95.2379
LDB: ============= START OF LOAD BALANCING ============== 95.3521
LDB: Largest compute 6 load 0.024223 is 43.4% of average load 0.055869
LDB: Average compute 0.004011 is 7.2% of average load 0.055869
LDB: TIME 95.3523 LOAD: AVG 0.0558691 MAX 0.096871  PROXIES: TOTAL 24 MAXPE 4 MAXPATCH 6 None MEM: 0.448026 MB
LDB: TIME 95.3523 LOAD: AVG 0.0558691 MAX 0.096871  PROXIES: TOTAL 31 MAXPE 4 MAXPATCH 9 RefineTorusLB MEM: 0.448026 MB
LDB: TIME 95.3524 LOAD: AVG 0.0558691 MAX 0.06066  PROXIES: TOTAL 31 MAXPE 4 MAXPATCH 9 RefineTorusLB MEM: 0.448026 MB
LDB: ============== END OF LOAD BALANCING =============== 95.3525
Info: useSync: 0 useProxySync: 0
LDB: =============== DONE WITH MIGRATION ================ 95.3528
PRESSURE: 35000 -793.847 273.027 -211.604 -252.778 -1779.7 -728.822 -770.141 -433.402 206.828
GPRESSURE: 35000 -833.265 181.71 -367.341 -237.171 -1768.08 -1041.37 -341.316 -274.555 315.301
PRESSAVG: 35000 -353.328 39.4009 -38.313 51.0886 -348.114 -6.62129 -11.1829 -50.6139 10.9392
GPRESSAVG: 35000 -353.64 39.416 -38.2226 50.5646 -347.985 -6.90187 -11.4455 -50.5006 10.375
ENERGY:   35000         0.0000         0.0000         0.0000         0.0000          -5625.6838       375.7019         0.0000         0.0000       886.8584          -4363.1235       281.7471     -5249.9819     -4360.9309       303.2996           -788.9058      -762.0146     22725.2447      -230.1675      -230.4169

WRITING COORDINATES TO DCD FILE MDequil.dcd AT STEP 35000
The last position output (seq=35000) takes 0.000 seconds, 0.448 MB of memory in use
LDB: ============= START OF LOAD BALANCING ============== 100.168
LDB: ============== END OF LOAD BALANCING =============== 100.169
Info: useSync: 0 useProxySync: 0
LDB: =============== DONE WITH MIGRATION ================ 100.169
LDB: ============= START OF LOAD BALANCING ============== 100.28
LDB: Largest compute 160 load 0.029834 is 53.0% of average load 0.056322
LDB: Average compute 0.003977 is 7.1% of average load 0.056322
LDB: TIME 100.299 LOAD: AVG 0.0563215 MAX 0.0908061  PROXIES: TOTAL 24 MAXPE 4 MAXPATCH 6 None MEM: 0.448026 MB
LDB: TIME 100.299 LOAD: AVG 0.0563215 MAX 0.0908061  PROXIES: TOTAL 31 MAXPE 4 MAXPATCH 9 RefineTorusLB MEM: 0.448026 MB
LDB: TIME 100.299 LOAD: AVG 0.0563215 MAX 0.061284  PROXIES: TOTAL 32 MAXPE 4 MAXPATCH 9 RefineTorusLB MEM: 0.448026 MB
LDB: ============== END OF LOAD BALANCING =============== 100.3
Info: useSync: 0 useProxySync: 0
LDB: =============== DONE WITH MIGRATION ================ 100.301
LDB: ============= START OF LOAD BALANCING ============== 105.686
LDB: ============== END OF LOAD BALANCING =============== 105.686
Info: useSync: 0 useProxySync: 0
LDB: =============== DONE WITH MIGRATION ================ 105.686
LDB: ============= START OF LOAD BALANCING ============== 105.818
LDB: Largest compute 151 load 0.023861 is 44.0% of average load 0.054288
LDB: Average compute 0.003822 is 7.0% of average load 0.054288
LDB: TIME 105.818 LOAD: AVG 0.0542884 MAX 0.114611  PROXIES: TOTAL 24 MAXPE 4 MAXPATCH 6 None MEM: 0.448026 MB
LDB: TIME 105.819 LOAD: AVG 0.0542884 MAX 0.114611  PROXIES: TOTAL 32 MAXPE 4 MAXPATCH 9 RefineTorusLB MEM: 0.448026 MB
LDB: TIME 105.819 LOAD: AVG 0.0542884 MAX 0.0587695  PROXIES: TOTAL 33 MAXPE 4 MAXPATCH 9 RefineTorusLB MEM: 0.448026 MB
LDB: ============== END OF LOAD BALANCING =============== 105.819
Info: useSync: 0 useProxySync: 0
LDB: =============== DONE WITH MIGRATION ================ 105.819
WRITING COORDINATES TO DCD FILE MDequil.dcd AT STEP 40000
The last position output (seq=40000) takes 0.000 seconds, 0.448 MB of memory in use
PRESSURE: 40000 -373.623 -84.092 150.452 271.65 -6.19924 725.694 371.903 1106.54 815.547
GPRESSURE: 40000 -269.854 -364.099 211.305 312.674 -30.0751 554.399 364.641 887.276 841.616
PRESSAVG: 40000 -375.995 -24.5165 -1.15202 -32.4267 -383.062 24.4288 -45.1243 25.1609 16.0925
GPRESSAVG: 40000 -376.177 -25.0438 -1.32627 -32.3571 -383.084 24.4041 -44.9283 25.2608 16.2885
ENERGY:   40000         0.0000         0.0000         0.0000         0.0000          -5605.2171       407.1582         0.0000         0.0000       938.4874          -4259.5715       298.1492     -5198.0589     -4256.3133       295.7461            145.2413       180.5620     22425.8681      -247.6547      -247.6575

LDB: ============= START OF LOAD BALANCING ============== 118.613
LDB: ============== END OF LOAD BALANCING =============== 118.616
Info: useSync: 0 useProxySync: 0
LDB: =============== DONE WITH MIGRATION ================ 118.643
LDB: ============= START OF LOAD BALANCING ============== 119.01
LDB: Largest compute 151 load 0.023592 is 39.0% of average load 0.060478
LDB: Average compute 0.003926 is 6.5% of average load 0.060478
LDB: TIME 119.017 LOAD: AVG 0.060478 MAX 0.0872781  PROXIES: TOTAL 24 MAXPE 4 MAXPATCH 6 None MEM: 0.448026 MB
LDB: TIME 119.017 LOAD: AVG 0.060478 MAX 0.0872781  PROXIES: TOTAL 33 MAXPE 4 MAXPATCH 9 RefineTorusLB MEM: 0.448026 MB
LDB: TIME 119.017 LOAD: AVG 0.060478 MAX 0.0664697  PROXIES: TOTAL 33 MAXPE 4 MAXPATCH 9 RefineTorusLB MEM: 0.448026 MB
LDB: ============== END OF LOAD BALANCING =============== 119.026
Info: useSync: 0 useProxySync: 0
LDB: =============== DONE WITH MIGRATION ================ 119.082
LDB: ============= START OF LOAD BALANCING ============== 134.924
LDB: ============== END OF LOAD BALANCING =============== 134.926
Info: useSync: 0 useProxySync: 0
LDB: =============== DONE WITH MIGRATION ================ 134.942
LDB: ============= START OF LOAD BALANCING ============== 135.474
LDB: Largest compute 144 load 0.019122 is 33.3% of average load 0.057434
LDB: Average compute 0.003752 is 6.5% of average load 0.057434
LDB: TIME 135.479 LOAD: AVG 0.0574337 MAX 0.0878886  PROXIES: TOTAL 24 MAXPE 4 MAXPATCH 6 None MEM: 0.448026 MB
LDB: TIME 135.479 LOAD: AVG 0.0574337 MAX 0.0878886  PROXIES: TOTAL 33 MAXPE 4 MAXPATCH 9 RefineTorusLB MEM: 0.448026 MB
LDB: TIME 135.479 LOAD: AVG 0.0574337 MAX 0.0621738  PROXIES: TOTAL 33 MAXPE 4 MAXPATCH 9 RefineTorusLB MEM: 0.448026 MB
LDB: ============== END OF LOAD BALANCING =============== 135.485
Info: useSync: 0 useProxySync: 0
LDB: =============== DONE WITH MIGRATION ================ 135.547
LDB: ============= START OF LOAD BALANCING ============== 149.253
LDB: ============== END OF LOAD BALANCING =============== 149.253
Info: useSync: 0 useProxySync: 0
LDB: =============== DONE WITH MIGRATION ================ 149.263
LDB: ============= START OF LOAD BALANCING ============== 149.398
LDB: Largest compute 146 load 0.025480 is 46.6% of average load 0.054681
LDB: Average compute 0.003931 is 7.2% of average load 0.054681
LDB: TIME 149.398 LOAD: AVG 0.0546806 MAX 0.0848864  PROXIES: TOTAL 24 MAXPE 4 MAXPATCH 6 None MEM: 0.448026 MB
LDB: TIME 149.398 LOAD: AVG 0.0546806 MAX 0.0848864  PROXIES: TOTAL 33 MAXPE 4 MAXPATCH 9 RefineTorusLB MEM: 0.448026 MB
LDB: TIME 149.398 LOAD: AVG 0.0546806 MAX 0.0596529  PROXIES: TOTAL 33 MAXPE 4 MAXPATCH 9 RefineTorusLB MEM: 0.448026 MB
LDB: ============== END OF LOAD BALANCING =============== 149.398
Info: useSync: 0 useProxySync: 0
LDB: =============== DONE WITH MIGRATION ================ 149.399
PRESSURE: 45000 45.4265 -876.573 230.681 -1273.69 -59.7922 35.9725 211.323 48.695 -429.459
GPRESSURE: 45000 41.9209 -802.781 202.187 -954.043 -123.104 -116.174 311.036 191.21 -326.027
PRESSAVG: 45000 -293.339 -46.6553 42.1758 -56.612 -316.991 -41.5725 16.2402 -35.7368 -19.1146
GPRESSAVG: 45000 -294.067 -46.4654 42.4635 -57.2438 -316.675 -41.732 16.3568 -35.9227 -19.0353
ENERGY:   45000         0.0000         0.0000         0.0000         0.0000          -5610.5701       400.2061         0.0000         0.0000       927.0905          -4283.2734       294.5285     -5210.3640     -4279.7760       297.3424           -147.9415      -135.7365     22652.3315      -209.8149      -209.9260

WRITING COORDINATES TO DCD FILE MDequil.dcd AT STEP 45000
The last position output (seq=45000) takes 0.000 seconds, 0.448 MB of memory in use
LDB: ============= START OF LOAD BALANCING ============== 154.752
LDB: ============== END OF LOAD BALANCING =============== 154.764
Info: useSync: 0 useProxySync: 0
LDB: =============== DONE WITH MIGRATION ================ 154.764
LDB: ============= START OF LOAD BALANCING ============== 154.891
LDB: Largest compute 151 load 0.021899 is 39.5% of average load 0.055392
LDB: Average compute 0.003977 is 7.2% of average load 0.055392
LDB: TIME 154.891 LOAD: AVG 0.0553923 MAX 0.114996  PROXIES: TOTAL 24 MAXPE 4 MAXPATCH 6 None MEM: 0.448026 MB
LDB: TIME 154.892 LOAD: AVG 0.0553923 MAX 0.114996  PROXIES: TOTAL 33 MAXPE 4 MAXPATCH 9 RefineTorusLB MEM: 0.448026 MB
LDB: TIME 154.892 LOAD: AVG 0.0553923 MAX 0.0592066  PROXIES: TOTAL 33 MAXPE 4 MAXPATCH 9 RefineTorusLB MEM: 0.448026 MB
LDB: ============== END OF LOAD BALANCING =============== 154.892
Info: useSync: 0 useProxySync: 0
LDB: =============== DONE WITH MIGRATION ================ 154.892
LDB: ============= START OF LOAD BALANCING ============== 159.198
LDB: ============== END OF LOAD BALANCING =============== 159.198
Info: useSync: 0 useProxySync: 0
LDB: =============== DONE WITH MIGRATION ================ 159.199
LDB: ============= START OF LOAD BALANCING ============== 159.308
LDB: Largest compute 148 load 0.021798 is 38.7% of average load 0.056360
LDB: Average compute 0.003902 is 6.9% of average load 0.056360
LDB: TIME 159.308 LOAD: AVG 0.0563596 MAX 0.0969211  PROXIES: TOTAL 24 MAXPE 4 MAXPATCH 6 None MEM: 0.448026 MB
LDB: TIME 159.308 LOAD: AVG 0.0563596 MAX 0.0969211  PROXIES: TOTAL 33 MAXPE 4 MAXPATCH 9 RefineTorusLB MEM: 0.448026 MB
LDB: TIME 159.309 LOAD: AVG 0.0563596 MAX 0.0615399  PROXIES: TOTAL 33 MAXPE 4 MAXPATCH 9 RefineTorusLB MEM: 0.448026 MB
LDB: ============== END OF LOAD BALANCING =============== 159.309
Info: useSync: 0 useProxySync: 0
LDB: =============== DONE WITH MIGRATION ================ 159.309
WRITING COORDINATES TO DCD FILE MDequil.dcd AT STEP 50000
WRITING COORDINATES TO RESTART FILE AT STEP 50000
FINISHED WRITING RESTART COORDINATES
The last position output (seq=50000) takes 0.001 seconds, 0.448 MB of memory in use
WRITING VELOCITIES TO RESTART FILE AT STEP 50000
FINISHED WRITING RESTART VELOCITIES
The last velocity output (seq=50000) takes 0.000 seconds, 0.448 MB of memory in use
PRESSURE: 50000 60.8004 -516.506 341.962 -685.925 -71.7251 -16.7635 844.72 363.974 82.9085
GPRESSURE: 50000 255.259 -719.93 101.956 -642.098 -157.758 -13.9153 1058.4 271.353 42.3322
PRESSAVG: 50000 -320.606 25.2077 -8.21239 0.769251 -228.195 46.7901 12.9167 32.533 3.76339
GPRESSAVG: 50000 -320.782 24.5436 -8.20755 1.1987 -228.192 46.787 12.932 32.5892 4.0618
TIMING: 50000  CPU: 136.3, 0.00272577/step  Wall: 150.771, 0.0030152/step, 0.376899 hours remaining, 0.448026 MB of memory in use.
PERFORMANCE: 50000  averaging 57.3097 ns/day, 0.0030152 sec/step with standard deviation 0
ETITLE:      TS           BOND          ANGLE          DIHED          IMPRP               ELECT            VDW       BOUNDARY           MISC        KINETIC               TOTAL           TEMP      POTENTIAL         TOTAL3        TEMPAVG            PRESSURE      GPRESSURE         VOLUME       PRESSAVG      GPRESSAVG

ENERGY:   50000         0.0000         0.0000         0.0000         0.0000          -5696.3596       444.0132         0.0000         0.0000       909.7189          -4342.6275       289.0097     -5252.3463     -4340.8071       297.8037             23.9946        46.6109     22577.4846      -181.6792      -181.6377

WRITING EXTENDED SYSTEM TO RESTART FILE AT STEP 50000
LDB: ============= START OF LOAD BALANCING ============== 164.249
LDB: ============== END OF LOAD BALANCING =============== 164.249
Info: useSync: 0 useProxySync: 0
LDB: =============== DONE WITH MIGRATION ================ 164.249
LDB: ============= START OF LOAD BALANCING ============== 164.359
LDB: Largest compute 138 load 0.021814 is 39.8% of average load 0.054812
LDB: Average compute 0.003949 is 7.2% of average load 0.054812
LDB: TIME 164.359 LOAD: AVG 0.054812 MAX 0.088465  PROXIES: TOTAL 24 MAXPE 4 MAXPATCH 6 None MEM: 0.448026 MB
LDB: TIME 164.359 LOAD: AVG 0.054812 MAX 0.088465  PROXIES: TOTAL 33 MAXPE 4 MAXPATCH 9 RefineTorusLB MEM: 0.448026 MB
LDB: TIME 164.359 LOAD: AVG 0.054812 MAX 0.0596396  PROXIES: TOTAL 33 MAXPE 4 MAXPATCH 9 RefineTorusLB MEM: 0.448026 MB
LDB: ============== END OF LOAD BALANCING =============== 164.359
Info: useSync: 0 useProxySync: 0
LDB: =============== DONE WITH MIGRATION ================ 164.36
LDB: ============= START OF LOAD BALANCING ============== 169.946
LDB: ============== END OF LOAD BALANCING =============== 169.946
Info: useSync: 0 useProxySync: 0
LDB: =============== DONE WITH MIGRATION ================ 169.947
LDB: ============= START OF LOAD BALANCING ============== 170.057
LDB: Largest compute 52 load 0.021468 is 38.9% of average load 0.055126
LDB: Average compute 0.003943 is 7.2% of average load 0.055126
LDB: TIME 170.058 LOAD: AVG 0.0551264 MAX 0.106773  PROXIES: TOTAL 24 MAXPE 4 MAXPATCH 6 None MEM: 0.448026 MB
LDB: TIME 170.058 LOAD: AVG 0.0551264 MAX 0.106773  PROXIES: TOTAL 33 MAXPE 4 MAXPATCH 9 RefineTorusLB MEM: 0.448026 MB
LDB: TIME 170.058 LOAD: AVG 0.0551264 MAX 0.0597742  PROXIES: TOTAL 33 MAXPE 4 MAXPATCH 10 RefineTorusLB MEM: 0.448026 MB
LDB: ============== END OF LOAD BALANCING =============== 170.058
Info: useSync: 0 useProxySync: 0
LDB: =============== DONE WITH MIGRATION ================ 170.058
LDB: ============= START OF LOAD BALANCING ============== 175.548
LDB: ============== END OF LOAD BALANCING =============== 175.548
Info: useSync: 0 useProxySync: 0
LDB: =============== DONE WITH MIGRATION ================ 175.556
LDB: ============= START OF LOAD BALANCING ============== 175.662
LDB: Largest compute 56 load 0.019082 is 35.4% of average load 0.053961
LDB: Average compute 0.003801 is 7.0% of average load 0.053961
LDB: TIME 175.663 LOAD: AVG 0.0539608 MAX 0.0885584  PROXIES: TOTAL 24 MAXPE 4 MAXPATCH 6 None MEM: 0.448026 MB
LDB: TIME 175.663 LOAD: AVG 0.0539608 MAX 0.0885584  PROXIES: TOTAL 33 MAXPE 4 MAXPATCH 10 RefineTorusLB MEM: 0.448026 MB
LDB: TIME 175.663 LOAD: AVG 0.0539608 MAX 0.0588505  PROXIES: TOTAL 33 MAXPE 4 MAXPATCH 10 RefineTorusLB MEM: 0.448026 MB
LDB: ============== END OF LOAD BALANCING =============== 175.663
Info: useSync: 0 useProxySync: 0
LDB: =============== DONE WITH MIGRATION ================ 175.663
PRESSURE: 55000 147.676 100.828 748.053 -357.479 -780.435 -96.6657 463.267 -84.3138 429.603
GPRESSURE: 55000 245.957 381.407 786.997 -379.472 -795.079 -59.9246 481.733 -190.323 358.879
PRESSAVG: 55000 -287.045 -17.2075 -55.7095 15.7509 -284.502 -10.0007 3.1233 29.8096 17.0633
GPRESSAVG: 55000 -286.911 -16.7264 -55.3751 15.4669 -284.227 -9.81105 2.78197 29.8573 17.1398
ENERGY:   55000         0.0000         0.0000         0.0000         0.0000          -5629.1930       406.6358         0.0000         0.0000       947.1196          -4275.4376       300.8916     -5222.5572     -4271.4797       298.4663            -67.7188       -63.4144     22619.3860      -184.8278      -184.6662

WRITING COORDINATES TO DCD FILE MDequil.dcd AT STEP 55000
LDB: ============= START OF LOAD BALANCING ============== 180.73
LDB: ============== END OF LOAD BALANCING =============== 180.739
Info: useSync: 0 useProxySync: 0
LDB: =============== DONE WITH MIGRATION ================ 180.739
LDB: ============= START OF LOAD BALANCING ============== 180.843
LDB: Largest compute 142 load 0.022991 is 41.7% of average load 0.055160
LDB: Average compute 0.003852 is 7.0% of average load 0.055160
LDB: TIME 180.843 LOAD: AVG 0.0551599 MAX 0.0852901  PROXIES: TOTAL 24 MAXPE 4 MAXPATCH 6 None MEM: 0.448026 MB
LDB: TIME 180.843 LOAD: AVG 0.0551599 MAX 0.0852901  PROXIES: TOTAL 33 MAXPE 4 MAXPATCH 10 RefineTorusLB MEM: 0.448026 MB
LDB: TIME 180.844 LOAD: AVG 0.0551599 MAX 0.0595656  PROXIES: TOTAL 34 MAXPE 4 MAXPATCH 10 RefineTorusLB MEM: 0.448026 MB
LDB: ============== END OF LOAD BALANCING =============== 180.844
Info: useSync: 0 useProxySync: 0
LDB: =============== DONE WITH MIGRATION ================ 180.844
LDB: ============= START OF LOAD BALANCING ============== 185.297
LDB: ============== END OF LOAD BALANCING =============== 185.297
Info: useSync: 0 useProxySync: 0
LDB: =============== DONE WITH MIGRATION ================ 185.297
LDB: ============= START OF LOAD BALANCING ============== 185.408
LDB: Largest compute 136 load 0.021741 is 38.2% of average load 0.056952
LDB: Average compute 0.004110 is 7.2% of average load 0.056952
LDB: TIME 185.408 LOAD: AVG 0.0569518 MAX 0.0901842  PROXIES: TOTAL 24 MAXPE 4 MAXPATCH 6 None MEM: 0.448026 MB
LDB: TIME 185.408 LOAD: AVG 0.0569518 MAX 0.0901842  PROXIES: TOTAL 34 MAXPE 4 MAXPATCH 10 RefineTorusLB MEM: 0.448026 MB
LDB: TIME 185.408 LOAD: AVG 0.0569518 MAX 0.0609136  PROXIES: TOTAL 34 MAXPE 4 MAXPATCH 10 RefineTorusLB MEM: 0.448026 MB
LDB: ============== END OF LOAD BALANCING =============== 185.408
Info: useSync: 0 useProxySync: 0
LDB: =============== DONE WITH MIGRATION ================ 185.408
WRITING COORDINATES TO DCD FILE MDequil.dcd AT STEP 60000
PRESSURE: 60000 -804.726 48.1787 -309.72 145.308 -307.065 -368.206 -285.908 -518.898 -112.071
GPRESSURE: 60000 -780.478 358.256 -720.659 -99.9624 -370.38 -105.481 -252.894 -532.225 31.5987
PRESSAVG: 60000 -372.186 -21.3361 77.3904 -21.3001 -360.89 -57.2748 43.7376 -33.8966 -2.09769
GPRESSAVG: 60000 -372.326 -21.2438 77.3352 -21.4332 -361.102 -58.1369 43.8563 -33.5382 -1.6618
ENERGY:   60000         0.0000         0.0000         0.0000         0.0000          -5575.1901       352.1147         0.0000         0.0000       932.1160          -4290.9595       296.1251     -5223.0755     -4290.5044       295.6502           -407.9540      -373.0863     22430.4664      -245.0580      -245.0301

LDB: ============= START OF LOAD BALANCING ============== 189.605
LDB: ============== END OF LOAD BALANCING =============== 189.605
Info: useSync: 0 useProxySync: 0
LDB: =============== DONE WITH MIGRATION ================ 189.605
LDB: ============= START OF LOAD BALANCING ============== 189.708
LDB: Largest compute 160 load 0.026352 is 47.1% of average load 0.056000
LDB: Average compute 0.003967 is 7.1% of average load 0.056000
LDB: TIME 189.708 LOAD: AVG 0.056 MAX 0.0857194  PROXIES: TOTAL 24 MAXPE 4 MAXPATCH 6 None MEM: 0.448026 MB
LDB: TIME 189.708 LOAD: AVG 0.056 MAX 0.0857194  PROXIES: TOTAL 34 MAXPE 4 MAXPATCH 10 RefineTorusLB MEM: 0.448026 MB
LDB: TIME 189.708 LOAD: AVG 0.056 MAX 0.0605861  PROXIES: TOTAL 35 MAXPE 4 MAXPATCH 11 RefineTorusLB MEM: 0.448026 MB
LDB: ============== END OF LOAD BALANCING =============== 189.708
Info: useSync: 0 useProxySync: 0
LDB: =============== DONE WITH MIGRATION ================ 189.709
LDB: ============= START OF LOAD BALANCING ============== 194.242
LDB: ============== END OF LOAD BALANCING =============== 194.242
Info: useSync: 0 useProxySync: 0
LDB: =============== DONE WITH MIGRATION ================ 194.242
LDB: ============= START OF LOAD BALANCING ============== 194.346
LDB: Largest compute 146 load 0.023793 is 41.8% of average load 0.056915
LDB: Average compute 0.003978 is 7.0% of average load 0.056915
LDB: TIME 194.347 LOAD: AVG 0.0569154 MAX 0.094328  PROXIES: TOTAL 24 MAXPE 4 MAXPATCH 6 None MEM: 0.448026 MB
LDB: TIME 194.347 LOAD: AVG 0.0569154 MAX 0.094328  PROXIES: TOTAL 35 MAXPE 4 MAXPATCH 11 RefineTorusLB MEM: 0.448026 MB
LDB: TIME 194.347 LOAD: AVG 0.0569154 MAX 0.0601613  PROXIES: TOTAL 34 MAXPE 4 MAXPATCH 10 RefineTorusLB MEM: 0.448026 MB
LDB: ============== END OF LOAD BALANCING =============== 194.347
Info: useSync: 0 useProxySync: 0
LDB: =============== DONE WITH MIGRATION ================ 194.358
LDB: ============= START OF LOAD BALANCING ============== 198.692
LDB: ============== END OF LOAD BALANCING =============== 198.692
Info: useSync: 0 useProxySync: 0
LDB: =============== DONE WITH MIGRATION ================ 198.692
LDB: ============= START OF LOAD BALANCING ============== 198.81
LDB: Largest compute 151 load 0.015505 is 28.3% of average load 0.054776
LDB: Average compute 0.003838 is 7.0% of average load 0.054776
LDB: TIME 198.81 LOAD: AVG 0.0547758 MAX 0.0796914  PROXIES: TOTAL 24 MAXPE 4 MAXPATCH 6 None MEM: 0.448026 MB
LDB: TIME 198.811 LOAD: AVG 0.0547758 MAX 0.0796914  PROXIES: TOTAL 34 MAXPE 4 MAXPATCH 10 RefineTorusLB MEM: 0.448026 MB
LDB: TIME 198.811 LOAD: AVG 0.0547758 MAX 0.0597386  PROXIES: TOTAL 34 MAXPE 4 MAXPATCH 10 RefineTorusLB MEM: 0.448026 MB
LDB: ============== END OF LOAD BALANCING =============== 198.811
Info: useSync: 0 useProxySync: 0
LDB: =============== DONE WITH MIGRATION ================ 198.811
WRITING COORDINATES TO DCD FILE MDequil.dcd AT STEP 65000
PRESSURE: 65000 329.664 -78.69 -61.8881 1.74897 152.048 432.624 375.507 274.028 -858.532
GPRESSURE: 65000 356.928 -141.955 54.4005 -35.836 373.448 403.752 307.632 370.008 -1019.52
PRESSAVG: 65000 -317.544 -39.4213 13.008 -15.4487 -366.054 63.2956 -39.6883 -17.8367 16.6113
GPRESSAVG: 65000 -317.75 -39.3335 13.3846 -15.6249 -366.472 63.2811 -39.7509 -18.0704 16.7147
ENERGY:   65000         0.0000         0.0000         0.0000         0.0000          -5677.1517       418.0675         0.0000         0.0000       966.2926          -4292.7916       306.9827     -5259.0843     -4289.8071       296.9678           -125.6067       -96.3826     22613.0539      -222.3288      -222.5025

LDB: ============= START OF LOAD BALANCING ============== 203.258
LDB: ============== END OF LOAD BALANCING =============== 203.258
Info: useSync: 0 useProxySync: 0
LDB: =============== DONE WITH MIGRATION ================ 203.258
LDB: ============= START OF LOAD BALANCING ============== 203.367
LDB: Largest compute 140 load 0.019548 is 34.1% of average load 0.057369
LDB: Average compute 0.004058 is 7.1% of average load 0.057369
LDB: TIME 203.367 LOAD: AVG 0.0573693 MAX 0.079797  PROXIES: TOTAL 24 MAXPE 4 MAXPATCH 6 None MEM: 0.448026 MB
LDB: TIME 203.367 LOAD: AVG 0.0573693 MAX 0.079797  PROXIES: TOTAL 34 MAXPE 4 MAXPATCH 10 RefineTorusLB MEM: 0.448026 MB
LDB: TIME 203.367 LOAD: AVG 0.0573693 MAX 0.0619785  PROXIES: TOTAL 35 MAXPE 4 MAXPATCH 11 RefineTorusLB MEM: 0.448026 MB
LDB: ============== END OF LOAD BALANCING =============== 203.372
Info: useSync: 0 useProxySync: 0
LDB: =============== DONE WITH MIGRATION ================ 203.372
LDB: ============= START OF LOAD BALANCING ============== 207.846
LDB: ============== END OF LOAD BALANCING =============== 207.846
Info: useSync: 0 useProxySync: 0
LDB: =============== DONE WITH MIGRATION ================ 207.846
LDB: ============= START OF LOAD BALANCING ============== 207.959
LDB: Largest compute 136 load 0.027261 is 48.6% of average load 0.056079
LDB: Average compute 0.003915 is 7.0% of average load 0.056079
LDB: TIME 207.959 LOAD: AVG 0.0560789 MAX 0.0982513  PROXIES: TOTAL 24 MAXPE 4 MAXPATCH 6 None MEM: 0.448026 MB
LDB: TIME 207.959 LOAD: AVG 0.0560789 MAX 0.0982513  PROXIES: TOTAL 35 MAXPE 4 MAXPATCH 11 RefineTorusLB MEM: 0.448026 MB
LDB: TIME 207.96 LOAD: AVG 0.0560789 MAX 0.060363  PROXIES: TOTAL 35 MAXPE 4 MAXPATCH 10 RefineTorusLB MEM: 0.448026 MB
LDB: ============== END OF LOAD BALANCING =============== 207.96
Info: useSync: 0 useProxySync: 0
LDB: =============== DONE WITH MIGRATION ================ 207.96
PRESSURE: 70000 -380.14 -66.0583 228.643 -285.032 -1013.6 -155.669 468.684 -58.8947 -626.22
GPRESSURE: 70000 -525.527 103.104 428.251 -340.577 -946.29 -361.901 679.508 79.4489 -487.662
PRESSAVG: 70000 -351.772 -4.48522 73.8414 -11.1153 -382.461 -29.2549 63.4734 -78.215 6.32675
GPRESSAVG: 70000 -351.528 -4.19383 73.5357 -11.1793 -382.668 -28.7441 63.2712 -78.3239 6.18099
ENERGY:   70000         0.0000         0.0000         0.0000         0.0000          -5507.7755       342.9777         0.0000         0.0000       995.9169          -4168.8810       316.3940     -5164.7978     -4165.5920       301.4833           -673.3199      -653.1598     22914.8665      -242.6354      -242.6717

WRITING COORDINATES TO DCD FILE MDequil.dcd AT STEP 70000
LDB: ============= START OF LOAD BALANCING ============== 212.912
LDB: ============== END OF LOAD BALANCING =============== 212.912
Info: useSync: 0 useProxySync: 0
LDB: =============== DONE WITH MIGRATION ================ 212.923
LDB: ============= START OF LOAD BALANCING ============== 213.038
LDB: Largest compute 152 load 0.021590 is 38.0% of average load 0.056772
LDB: Average compute 0.004011 is 7.1% of average load 0.056772
LDB: TIME 213.039 LOAD: AVG 0.0567719 MAX 0.107819  PROXIES: TOTAL 24 MAXPE 4 MAXPATCH 6 None MEM: 0.448026 MB
LDB: TIME 213.039 LOAD: AVG 0.0567719 MAX 0.107819  PROXIES: TOTAL 35 MAXPE 4 MAXPATCH 10 RefineTorusLB MEM: 0.448026 MB
LDB: TIME 213.039 LOAD: AVG 0.0567719 MAX 0.0610564  PROXIES: TOTAL 35 MAXPE 4 MAXPATCH 10 RefineTorusLB MEM: 0.448026 MB
LDB: ============== END OF LOAD BALANCING =============== 213.039
Info: useSync: 0 useProxySync: 0
LDB: =============== DONE WITH MIGRATION ================ 213.04
LDB: ============= START OF LOAD BALANCING ============== 218.261
LDB: ============== END OF LOAD BALANCING =============== 218.272
Info: useSync: 0 useProxySync: 0
LDB: =============== DONE WITH MIGRATION ================ 218.272
LDB: ============= START OF LOAD BALANCING ============== 218.392
LDB: Largest compute 160 load 0.022387 is 39.6% of average load 0.056510
LDB: Average compute 0.004029 is 7.1% of average load 0.056510
LDB: TIME 218.392 LOAD: AVG 0.0565101 MAX 0.108215  PROXIES: TOTAL 24 MAXPE 4 MAXPATCH 6 None MEM: 0.448026 MB
LDB: TIME 218.393 LOAD: AVG 0.0565101 MAX 0.108215  PROXIES: TOTAL 35 MAXPE 4 MAXPATCH 10 RefineTorusLB MEM: 0.448026 MB
LDB: TIME 218.393 LOAD: AVG 0.0565101 MAX 0.0611775  PROXIES: TOTAL 35 MAXPE 4 MAXPATCH 10 RefineTorusLB MEM: 0.448026 MB
LDB: ============== END OF LOAD BALANCING =============== 218.393
Info: useSync: 0 useProxySync: 0
LDB: =============== DONE WITH MIGRATION ================ 218.393
LDB: ============= START OF LOAD BALANCING ============== 222.887
LDB: ============== END OF LOAD BALANCING =============== 222.887
Info: useSync: 0 useProxySync: 0
LDB: =============== DONE WITH MIGRATION ================ 222.887
LDB: ============= START OF LOAD BALANCING ============== 222.989
LDB: Largest compute 163 load 0.014316 is 26.7% of average load 0.053554
LDB: Average compute 0.003778 is 7.1% of average load 0.053554
LDB: TIME 222.989 LOAD: AVG 0.0535536 MAX 0.0737037  PROXIES: TOTAL 24 MAXPE 4 MAXPATCH 6 None MEM: 0.448026 MB
LDB: TIME 222.989 LOAD: AVG 0.0535536 MAX 0.0737037  PROXIES: TOTAL 35 MAXPE 4 MAXPATCH 10 RefineTorusLB MEM: 0.448026 MB
LDB: TIME 222.989 LOAD: AVG 0.0535536 MAX 0.0580625  PROXIES: TOTAL 35 MAXPE 4 MAXPATCH 10 RefineTorusLB MEM: 0.448026 MB
LDB: ============== END OF LOAD BALANCING =============== 222.99
Info: useSync: 0 useProxySync: 0
LDB: =============== DONE WITH MIGRATION ================ 222.99
PRESSURE: 75000 -451.499 -563.393 -321.224 83.8469 -12.9541 -618.613 -276.645 -840.577 1125.25
GPRESSURE: 75000 -414.47 -713.634 -356.347 128.046 55.6086 -637.205 -300.374 -863.99 1119.56
PRESSAVG: 75000 -430.687 -40.774 9.994 2.68125 -306.532 21.3222 87.2556 -51.834 -8.15894
GPRESSAVG: 75000 -430.637 -40.7623 10.5008 2.4821 -306.234 20.8729 86.989 -52.2014 -8.5651
ENERGY:   75000         0.0000         0.0000         0.0000         0.0000          -5686.3969       428.3289         0.0000         0.0000       908.8162          -4349.2518       288.7229     -5258.0680     -4347.1050       298.4849            220.2665       253.5670     22400.9246      -248.4592      -248.4789

WRITING COORDINATES TO DCD FILE MDequil.dcd AT STEP 75000
LDB: ============= START OF LOAD BALANCING ============== 227.01
LDB: ============== END OF LOAD BALANCING =============== 227.01
Info: useSync: 0 useProxySync: 0
LDB: =============== DONE WITH MIGRATION ================ 227.01
LDB: ============= START OF LOAD BALANCING ============== 227.12
LDB: Largest compute 147 load 0.022411 is 38.6% of average load 0.057990
LDB: Average compute 0.004053 is 7.0% of average load 0.057990
LDB: TIME 227.121 LOAD: AVG 0.0579901 MAX 0.0947063  PROXIES: TOTAL 24 MAXPE 4 MAXPATCH 6 None MEM: 0.448026 MB
LDB: TIME 227.121 LOAD: AVG 0.0579901 MAX 0.0947063  PROXIES: TOTAL 35 MAXPE 4 MAXPATCH 10 RefineTorusLB MEM: 0.448026 MB
LDB: TIME 227.121 LOAD: AVG 0.0579901 MAX 0.0632987  PROXIES: TOTAL 34 MAXPE 4 MAXPATCH 10 RefineTorusLB MEM: 0.448026 MB
LDB: ============== END OF LOAD BALANCING =============== 227.121
Info: useSync: 0 useProxySync: 0
LDB: =============== DONE WITH MIGRATION ================ 227.121
LDB: ============= START OF LOAD BALANCING ============== 231.961
LDB: ============== END OF LOAD BALANCING =============== 231.973
Info: useSync: 0 useProxySync: 0
LDB: =============== DONE WITH MIGRATION ================ 231.974
LDB: ============= START OF LOAD BALANCING ============== 232.105
LDB: Largest compute 7 load 0.028566 is 52.5% of average load 0.054367
LDB: Average compute 0.003854 is 7.1% of average load 0.054367
LDB: TIME 232.105 LOAD: AVG 0.0543675 MAX 0.0822169  PROXIES: TOTAL 24 MAXPE 4 MAXPATCH 6 None MEM: 0.448026 MB
LDB: TIME 232.105 LOAD: AVG 0.0543675 MAX 0.0822169  PROXIES: TOTAL 34 MAXPE 4 MAXPATCH 10 RefineTorusLB MEM: 0.448026 MB
LDB: TIME 232.105 LOAD: AVG 0.0543675 MAX 0.0591047  PROXIES: TOTAL 34 MAXPE 4 MAXPATCH 10 RefineTorusLB MEM: 0.448026 MB
LDB: ============== END OF LOAD BALANCING =============== 232.105
Info: useSync: 0 useProxySync: 0
LDB: =============== DONE WITH MIGRATION ================ 232.106
PRESSURE: 80000 455.245 74.7684 -13.4547 -381.26 -589.769 -363.145 152.281 154.848 136.967
GPRESSURE: 80000 489.294 39.6086 -93.4897 -572.347 -692.86 -682.104 210.187 189.413 271.722
PRESSAVG: 80000 -344.488 -41.1238 75.0112 -72.2272 -316.749 -26.1123 71.2458 -36.3504 7.20214
GPRESSAVG: 80000 -344.641 -40.5836 74.4831 -72.2766 -316.754 -26.083 71.6561 -36.1907 7.90171
ENERGY:   80000         0.0000         0.0000         0.0000         0.0000          -5639.2033       411.9237         0.0000         0.0000       918.4244          -4308.8552       291.7754     -5227.2796     -4305.3616       293.2556              0.8143        22.7188     22455.6917      -218.0118      -217.8312

WRITING COORDINATES TO DCD FILE MDequil.dcd AT STEP 80000
LDB: ============= START OF LOAD BALANCING ============== 236.375
LDB: ============== END OF LOAD BALANCING =============== 236.376
Info: useSync: 0 useProxySync: 0
LDB: =============== DONE WITH MIGRATION ================ 236.388
LDB: ============= START OF LOAD BALANCING ============== 236.493
LDB: Largest compute 152 load 0.021611 is 39.7% of average load 0.054393
LDB: Average compute 0.003895 is 7.2% of average load 0.054393
LDB: TIME 236.493 LOAD: AVG 0.0543935 MAX 0.0887168  PROXIES: TOTAL 24 MAXPE 4 MAXPATCH 6 None MEM: 0.448026 MB
LDB: TIME 236.493 LOAD: AVG 0.0543935 MAX 0.0887168  PROXIES: TOTAL 34 MAXPE 4 MAXPATCH 10 RefineTorusLB MEM: 0.448026 MB
LDB: TIME 236.493 LOAD: AVG 0.0543935 MAX 0.0574583  PROXIES: TOTAL 36 MAXPE 4 MAXPATCH 10 RefineTorusLB MEM: 0.448026 MB
LDB: ============== END OF LOAD BALANCING =============== 236.493
Info: useSync: 0 useProxySync: 0
LDB: =============== DONE WITH MIGRATION ================ 236.494
LDB: ============= START OF LOAD BALANCING ============== 241.058
LDB: ============== END OF LOAD BALANCING =============== 241.058
Info: useSync: 0 useProxySync: 0
LDB: =============== DONE WITH MIGRATION ================ 241.058
LDB: ============= START OF LOAD BALANCING ============== 241.187
LDB: Largest compute 52 load 0.020933 is 37.3% of average load 0.056141
LDB: Average compute 0.003915 is 7.0% of average load 0.056141
LDB: TIME 241.187 LOAD: AVG 0.0561415 MAX 0.0864365  PROXIES: TOTAL 24 MAXPE 4 MAXPATCH 6 None MEM: 0.448026 MB
LDB: TIME 241.187 LOAD: AVG 0.0561415 MAX 0.0864365  PROXIES: TOTAL 36 MAXPE 4 MAXPATCH 10 RefineTorusLB MEM: 0.448026 MB
LDB: TIME 241.187 LOAD: AVG 0.0561415 MAX 0.0610782  PROXIES: TOTAL 35 MAXPE 4 MAXPATCH 10 RefineTorusLB MEM: 0.448026 MB
LDB: ============== END OF LOAD BALANCING =============== 241.187
Info: useSync: 0 useProxySync: 0
LDB: =============== DONE WITH MIGRATION ================ 241.188
LDB: ============= START OF LOAD BALANCING ============== 245.452
LDB: ============== END OF LOAD BALANCING =============== 245.452
Info: useSync: 0 useProxySync: 0
LDB: =============== DONE WITH MIGRATION ================ 245.453
LDB: ============= START OF LOAD BALANCING ============== 245.558
LDB: Largest compute 7 load 0.024961 is 45.2% of average load 0.055171
LDB: Average compute 0.003917 is 7.1% of average load 0.055171
LDB: TIME 245.558 LOAD: AVG 0.055171 MAX 0.0844533  PROXIES: TOTAL 24 MAXPE 4 MAXPATCH 6 None MEM: 0.448026 MB
LDB: TIME 245.558 LOAD: AVG 0.055171 MAX 0.0844533  PROXIES: TOTAL 35 MAXPE 4 MAXPATCH 10 RefineTorusLB MEM: 0.448026 MB
LDB: TIME 245.558 LOAD: AVG 0.055171 MAX 0.0587139  PROXIES: TOTAL 33 MAXPE 4 MAXPATCH 10 RefineTorusLB MEM: 0.448026 MB
LDB: ============== END OF LOAD BALANCING =============== 245.558
Info: useSync: 0 useProxySync: 0
LDB: =============== DONE WITH MIGRATION ================ 245.558
WRITING COORDINATES TO DCD FILE MDequil.dcd AT STEP 85000
PRESSURE: 85000 -457.709 -5.25214 745.625 335.575 -474.811 -47.0112 902.925 229.115 -514.316
GPRESSURE: 85000 -558.397 -32.769 570.656 323.589 -457.367 221.716 945.467 98.7997 -374.998
PRESSAVG: 85000 -223.68 10.7322 -7.65197 28.223 -343.248 -28.9484 -27.9709 -1.11511 1.25853
GPRESSAVG: 85000 -223.476 10.4168 -7.13853 28.0934 -343.294 -28.5521 -27.8861 -0.949108 1.07914
ENERGY:   85000         0.0000         0.0000         0.0000         0.0000          -5632.5893       389.4721         0.0000         0.0000       924.7917          -4318.3255       293.7982     -5243.1173     -4315.8674       295.3645           -482.2786      -463.5874     22564.6300      -188.5564      -188.5635

LDB: ============= START OF LOAD BALANCING ============== 249.742
LDB: ============== END OF LOAD BALANCING =============== 249.742
Info: useSync: 0 useProxySync: 0
LDB: =============== DONE WITH MIGRATION ================ 249.742
LDB: ============= START OF LOAD BALANCING ============== 249.852
LDB: Largest compute 12 load 0.020920 is 38.1% of average load 0.054927
LDB: Average compute 0.003874 is 7.1% of average load 0.054927
LDB: TIME 249.855 LOAD: AVG 0.0549266 MAX 0.0884114  PROXIES: TOTAL 24 MAXPE 4 MAXPATCH 6 None MEM: 0.448026 MB
LDB: TIME 249.855 LOAD: AVG 0.0549266 MAX 0.0884114  PROXIES: TOTAL 33 MAXPE 4 MAXPATCH 10 RefineTorusLB MEM: 0.448026 MB
LDB: TIME 249.855 LOAD: AVG 0.0549266 MAX 0.0594632  PROXIES: TOTAL 33 MAXPE 4 MAXPATCH 10 RefineTorusLB MEM: 0.448026 MB
LDB: ============== END OF LOAD BALANCING =============== 249.856
Info: useSync: 0 useProxySync: 0
LDB: =============== DONE WITH MIGRATION ================ 249.856
LDB: ============= START OF LOAD BALANCING ============== 254.158
LDB: ============== END OF LOAD BALANCING =============== 254.158
Info: useSync: 0 useProxySync: 0
LDB: =============== DONE WITH MIGRATION ================ 254.158
LDB: ============= START OF LOAD BALANCING ============== 254.271
LDB: Largest compute 6 load 0.015679 is 28.9% of average load 0.054288
LDB: Average compute 0.003788 is 7.0% of average load 0.054288
LDB: TIME 254.271 LOAD: AVG 0.0542885 MAX 0.0878307  PROXIES: TOTAL 24 MAXPE 4 MAXPATCH 6 None MEM: 0.448026 MB
LDB: TIME 254.271 LOAD: AVG 0.0542885 MAX 0.0878307  PROXIES: TOTAL 33 MAXPE 4 MAXPATCH 10 RefineTorusLB MEM: 0.448026 MB
LDB: TIME 254.271 LOAD: AVG 0.0542885 MAX 0.0590406  PROXIES: TOTAL 33 MAXPE 4 MAXPATCH 10 RefineTorusLB MEM: 0.448026 MB
LDB: ============== END OF LOAD BALANCING =============== 254.271
Info: useSync: 0 useProxySync: 0
LDB: =============== DONE WITH MIGRATION ================ 254.272
WRITING COORDINATES TO DCD FILE MDequil.dcd AT STEP 90000
PRESSURE: 90000 -855.9 -387.956 305.759 -880.065 -216.774 20.6935 -40.0622 -207.941 847.285
GPRESSURE: 90000 -656.709 -595.678 305.043 -670.853 -341.289 9.96887 80.587 -179.354 829.414
PRESSAVG: 90000 -307.03 -5.7041 -19.6889 -18.8365 -364.146 9.42212 14.5908 38.7044 5.63694
GPRESSAVG: 90000 -307.206 -5.50797 -20.2386 -18.6518 -364.226 9.97527 15.0891 38.385 5.67953
ENERGY:   90000         0.0000         0.0000         0.0000         0.0000          -5649.5714       416.2694         0.0000         0.0000       908.5331          -4324.7689       288.6330     -5233.3020     -4322.9250       294.4528            -75.1300       -56.1946     22655.3447      -221.8465      -221.9174

LDB: ============= START OF LOAD BALANCING ============== 259.406
LDB: ============== END OF LOAD BALANCING =============== 259.406
Info: useSync: 0 useProxySync: 0
LDB: =============== DONE WITH MIGRATION ================ 259.422
LDB: ============= START OF LOAD BALANCING ============== 259.623
LDB: Largest compute 155 load 0.030021 is 53.5% of average load 0.056138
LDB: Average compute 0.003977 is 7.1% of average load 0.056138
LDB: TIME 259.623 LOAD: AVG 0.056138 MAX 0.0958145  PROXIES: TOTAL 24 MAXPE 4 MAXPATCH 6 None MEM: 0.448026 MB
LDB: TIME 259.623 LOAD: AVG 0.056138 MAX 0.0958145  PROXIES: TOTAL 33 MAXPE 4 MAXPATCH 10 RefineTorusLB MEM: 0.448026 MB
LDB: TIME 259.623 LOAD: AVG 0.056138 MAX 0.0591837  PROXIES: TOTAL 36 MAXPE 4 MAXPATCH 10 RefineTorusLB MEM: 0.448026 MB
LDB: ============== END OF LOAD BALANCING =============== 259.623
Info: useSync: 0 useProxySync: 0
LDB: =============== DONE WITH MIGRATION ================ 259.624
LDB: ============= START OF LOAD BALANCING ============== 264.169
LDB: ============== END OF LOAD BALANCING =============== 264.169
Info: useSync: 0 useProxySync: 0
LDB: =============== DONE WITH MIGRATION ================ 264.169
LDB: ============= START OF LOAD BALANCING ============== 264.271
LDB: Largest compute 147 load 0.022496 is 40.0% of average load 0.056251
LDB: Average compute 0.003898 is 6.9% of average load 0.056251
LDB: TIME 264.272 LOAD: AVG 0.056251 MAX 0.088802  PROXIES: TOTAL 24 MAXPE 4 MAXPATCH 6 None MEM: 0.448026 MB
LDB: TIME 264.272 LOAD: AVG 0.056251 MAX 0.088802  PROXIES: TOTAL 36 MAXPE 4 MAXPATCH 10 RefineTorusLB MEM: 0.448026 MB
LDB: TIME 264.272 LOAD: AVG 0.056251 MAX 0.0609067  PROXIES: TOTAL 37 MAXPE 4 MAXPATCH 11 RefineTorusLB MEM: 0.448026 MB
LDB: ============== END OF LOAD BALANCING =============== 264.272
Info: useSync: 0 useProxySync: 0
LDB: =============== DONE WITH MIGRATION ================ 264.272
LDB: ============= START OF LOAD BALANCING ============== 268.725
LDB: ============== END OF LOAD BALANCING =============== 268.725
Info: useSync: 0 useProxySync: 0
LDB: =============== DONE WITH MIGRATION ================ 268.725
LDB: ============= START OF LOAD BALANCING ============== 268.842
LDB: Largest compute 77 load 0.019899 is 35.2% of average load 0.056591
LDB: Average compute 0.004027 is 7.1% of average load 0.056591
LDB: TIME 268.842 LOAD: AVG 0.0565914 MAX 0.100621  PROXIES: TOTAL 24 MAXPE 4 MAXPATCH 6 None MEM: 0.448026 MB
LDB: TIME 268.842 LOAD: AVG 0.0565914 MAX 0.100621  PROXIES: TOTAL 37 MAXPE 4 MAXPATCH 11 RefineTorusLB MEM: 0.448026 MB
LDB: TIME 268.842 LOAD: AVG 0.0565914 MAX 0.0612527  PROXIES: TOTAL 37 MAXPE 4 MAXPATCH 11 RefineTorusLB MEM: 0.448026 MB
LDB: ============== END OF LOAD BALANCING =============== 268.849
Info: useSync: 0 useProxySync: 0
LDB: =============== DONE WITH MIGRATION ================ 268.85
WRITING COORDINATES TO DCD FILE MDequil.dcd AT STEP 95000
PRESSURE: 95000 299.868 -291.634 -461.44 -662.904 -686.275 246.363 -777.288 350.685 -17.8454
GPRESSURE: 95000 332.921 -137.258 -364.7 -576.61 -722.25 58.7304 -389.708 604.318 51.1637
PRESSAVG: 95000 -304.187 28.032 7.63865 27.2817 -295.771 -32.2137 -6.74918 16.9946 -9.73168
GPRESSAVG: 95000 -303.976 27.8862 7.62752 27.257 -295.915 -32.1472 -7.09511 17.5392 -9.52098
ENERGY:   95000         0.0000         0.0000         0.0000         0.0000          -5665.5268       422.6900         0.0000         0.0000       959.8735          -4282.9633       304.9434     -5242.8368     -4279.7447       295.8423           -134.7508      -112.7219     22725.8272      -203.2299      -203.1374

LDB: ============= START OF LOAD BALANCING ============== 273.048
LDB: ============== END OF LOAD BALANCING =============== 273.049
Info: useSync: 0 useProxySync: 0
LDB: =============== DONE WITH MIGRATION ================ 273.049
LDB: ============= START OF LOAD BALANCING ============== 273.154
LDB: Largest compute 136 load 0.022071 is 39.3% of average load 0.056189
LDB: Average compute 0.003927 is 7.0% of average load 0.056189
LDB: TIME 273.155 LOAD: AVG 0.0561892 MAX 0.100864  PROXIES: TOTAL 24 MAXPE 4 MAXPATCH 6 None MEM: 0.448026 MB
LDB: TIME 273.155 LOAD: AVG 0.0561892 MAX 0.100864  PROXIES: TOTAL 37 MAXPE 4 MAXPATCH 11 RefineTorusLB MEM: 0.448026 MB
LDB: TIME 273.155 LOAD: AVG 0.0561892 MAX 0.0671586  PROXIES: TOTAL 36 MAXPE 4 MAXPATCH 10 RefineTorusLB MEM: 0.448026 MB
LDB: ============== END OF LOAD BALANCING =============== 273.155
Info: useSync: 0 useProxySync: 0
LDB: =============== DONE WITH MIGRATION ================ 273.155
LDB: ============= START OF LOAD BALANCING ============== 277.536
LDB: ============== END OF LOAD BALANCING =============== 277.536
Info: useSync: 0 useProxySync: 0
LDB: =============== DONE WITH MIGRATION ================ 277.536
LDB: ============= START OF LOAD BALANCING ============== 277.65
LDB: Largest compute 162 load 0.028530 is 50.7% of average load 0.056228
LDB: Average compute 0.004047 is 7.2% of average load 0.056228
LDB: TIME 277.651 LOAD: AVG 0.0562279 MAX 0.0886853  PROXIES: TOTAL 24 MAXPE 4 MAXPATCH 6 None MEM: 0.448026 MB
LDB: TIME 277.651 LOAD: AVG 0.0562279 MAX 0.0886853  PROXIES: TOTAL 36 MAXPE 4 MAXPATCH 10 RefineTorusLB MEM: 0.448026 MB
LDB: TIME 277.651 LOAD: AVG 0.0562279 MAX 0.0614017  PROXIES: TOTAL 34 MAXPE 4 MAXPATCH 9 RefineTorusLB MEM: 0.448026 MB
LDB: ============== END OF LOAD BALANCING =============== 277.651
Info: useSync: 0 useProxySync: 0
LDB: =============== DONE WITH MIGRATION ================ 277.651
PRESSURE: 100000 -139.79 69.7549 149.662 -202.685 -514.091 -549.669 145.684 -22.8708 -797.83
GPRESSURE: 100000 -288.993 94.7336 65.9484 -144.207 -588.687 -501.403 277.257 63.0753 -532.69
PRESSAVG: 100000 -283.649 7.5402 5.31165 10.3681 -356.188 -9.43955 89.2296 29.203 19.3752
GPRESSAVG: 100000 -283.483 8.06041 5.357 10.4086 -356.497 -9.75267 89.0671 29.3318 19.6964
TIMING: 100000  CPU: 244.228, 0.00215856/step  Wall: 268.377, 0.00235211/step, 0.261346 hours remaining, 0.448026 MB of memory in use.
PERFORMANCE: 100000  averaging 64.3898 ns/day, 0.00268365 sec/step with standard deviation 0.00046887
ETITLE:      TS           BOND          ANGLE          DIHED          IMPRP               ELECT            VDW       BOUNDARY           MISC        KINETIC               TOTAL           TEMP      POTENTIAL         TOTAL3        TEMPAVG            PRESSURE      GPRESSURE         VOLUME       PRESSAVG      GPRESSAVG

ENERGY:  100000         0.0000         0.0000         0.0000         0.0000          -5625.6562       365.9423         0.0000         0.0000       918.8084          -4340.9055       291.8973     -5259.7139     -4338.9575       294.6716           -483.9038      -470.1235     22608.1748      -206.8207      -206.7613

WRITING EXTENDED SYSTEM TO RESTART FILE AT STEP 100000
WRITING COORDINATES TO DCD FILE MDequil.dcd AT STEP 100000
WRITING COORDINATES TO RESTART FILE AT STEP 100000
FINISHED WRITING RESTART COORDINATES
WRITING VELOCITIES TO RESTART FILE AT STEP 100000
FINISHED WRITING RESTART VELOCITIES
The last velocity output (seq=100000) takes 0.000 seconds, 0.448 MB of memory in use
LDB: ============= START OF LOAD BALANCING ============== 281.851
LDB: ============== END OF LOAD BALANCING =============== 281.851
Info: useSync: 0 useProxySync: 0
LDB: =============== DONE WITH MIGRATION ================ 281.852
LDB: ============= START OF LOAD BALANCING ============== 281.956
LDB: Largest compute 146 load 0.016676 is 30.4% of average load 0.054787
LDB: Average compute 0.003838 is 7.0% of average load 0.054787
LDB: TIME 281.956 LOAD: AVG 0.0547872 MAX 0.0833247  PROXIES: TOTAL 24 MAXPE 4 MAXPATCH 6 None MEM: 0.448026 MB
LDB: TIME 281.956 LOAD: AVG 0.0547872 MAX 0.0833247  PROXIES: TOTAL 34 MAXPE 4 MAXPATCH 9 RefineTorusLB MEM: 0.448026 MB
LDB: TIME 281.956 LOAD: AVG 0.0547872 MAX 0.0597504  PROXIES: TOTAL 34 MAXPE 4 MAXPATCH 9 RefineTorusLB MEM: 0.448026 MB
LDB: ============== END OF LOAD BALANCING =============== 281.957
Info: useSync: 0 useProxySync: 0
LDB: =============== DONE WITH MIGRATION ================ 281.957
LDB: ============= START OF LOAD BALANCING ============== 286.474
LDB: ============== END OF LOAD BALANCING =============== 286.481
Info: useSync: 0 useProxySync: 0
LDB: =============== DONE WITH MIGRATION ================ 286.481
LDB: ============= START OF LOAD BALANCING ============== 286.584
LDB: Largest compute 162 load 0.022753 is 41.3% of average load 0.055046
LDB: Average compute 0.003866 is 7.0% of average load 0.055046
LDB: TIME 286.584 LOAD: AVG 0.0550461 MAX 0.0697016  PROXIES: TOTAL 24 MAXPE 4 MAXPATCH 6 None MEM: 0.448026 MB
LDB: TIME 286.584 LOAD: AVG 0.0550461 MAX 0.0697016  PROXIES: TOTAL 34 MAXPE 4 MAXPATCH 9 RefineTorusLB MEM: 0.448026 MB
LDB: TIME 286.584 LOAD: AVG 0.0550461 MAX 0.0593976  PROXIES: TOTAL 33 MAXPE 4 MAXPATCH 9 RefineTorusLB MEM: 0.448026 MB
LDB: ============== END OF LOAD BALANCING =============== 286.584
Info: useSync: 0 useProxySync: 0
LDB: =============== DONE WITH MIGRATION ================ 286.585
LDB: ============= START OF LOAD BALANCING ============== 301.569
LDB: ============== END OF LOAD BALANCING =============== 301.569
Info: useSync: 0 useProxySync: 0
LDB: =============== DONE WITH MIGRATION ================ 301.569
LDB: ============= START OF LOAD BALANCING ============== 301.853
LDB: Largest compute 147 load 0.018865 is 33.5% of average load 0.056327
LDB: Average compute 0.003834 is 6.8% of average load 0.056327
LDB: TIME 301.865 LOAD: AVG 0.0563269 MAX 0.0763899  PROXIES: TOTAL 24 MAXPE 4 MAXPATCH 6 None MEM: 0.448026 MB
LDB: TIME 301.865 LOAD: AVG 0.0563269 MAX 0.0763899  PROXIES: TOTAL 33 MAXPE 4 MAXPATCH 9 RefineTorusLB MEM: 0.448026 MB
LDB: TIME 301.865 LOAD: AVG 0.0563269 MAX 0.0611988  PROXIES: TOTAL 35 MAXPE 4 MAXPATCH 9 RefineTorusLB MEM: 0.448026 MB
LDB: ============== END OF LOAD BALANCING =============== 301.87
Info: useSync: 0 useProxySync: 0
LDB: =============== DONE WITH MIGRATION ================ 301.949
PRESSURE: 105000 -463.446 668.257 -380.117 139.527 -1170.07 -305.2 135.036 -32.3981 -392.87
GPRESSURE: 105000 -312.641 537.49 -234.48 -38.9695 -1256.6 -469.404 61.0028 70.8694 -413.031
PRESSAVG: 105000 -298.219 16.0149 18.7842 29.7268 -188.235 -73.4629 22.4079 -28.6913 8.90965
GPRESSAVG: 105000 -298.36 15.9831 18.6149 29.8314 -188.177 -73.4444 22.3323 -28.6067 9.03999
ENERGY:  105000         0.0000         0.0000         0.0000         0.0000          -5576.7299       349.9407         0.0000         0.0000       934.5500          -4292.2393       296.8983     -5226.7892     -4288.9101       296.7389           -675.4610      -660.7582     22467.6042      -159.1816      -159.1657

WRITING COORDINATES TO DCD FILE MDequil.dcd AT STEP 105000
LDB: ============= START OF LOAD BALANCING ============== 324.297
LDB: ============== END OF LOAD BALANCING =============== 324.303
Info: useSync: 0 useProxySync: 0
LDB: =============== DONE WITH MIGRATION ================ 324.327
LDB: ============= START OF LOAD BALANCING ============== 324.887
LDB: Largest compute 7 load 0.031415 is 44.4% of average load 0.070753
LDB: Average compute 0.004726 is 6.7% of average load 0.070753
LDB: TIME 324.895 LOAD: AVG 0.0707534 MAX 0.158218  PROXIES: TOTAL 24 MAXPE 4 MAXPATCH 6 None MEM: 0.448026 MB
LDB: TIME 324.895 LOAD: AVG 0.0707534 MAX 0.158218  PROXIES: TOTAL 35 MAXPE 4 MAXPATCH 9 RefineTorusLB MEM: 0.448026 MB
LDB: TIME 324.896 LOAD: AVG 0.0707534 MAX 0.0776744  PROXIES: TOTAL 35 MAXPE 4 MAXPATCH 9 RefineTorusLB MEM: 0.448026 MB
LDB: ============== END OF LOAD BALANCING =============== 324.902
Info: useSync: 0 useProxySync: 0
LDB: =============== DONE WITH MIGRATION ================ 324.976
LDB: ============= START OF LOAD BALANCING ============== 343.004
LDB: ============== END OF LOAD BALANCING =============== 343.007
Info: useSync: 0 useProxySync: 0
LDB: =============== DONE WITH MIGRATION ================ 343.025
LDB: ============= START OF LOAD BALANCING ============== 343.481
LDB: Largest compute 164 load 0.026557 is 44.8% of average load 0.059339
LDB: Average compute 0.003918 is 6.6% of average load 0.059339
LDB: TIME 343.486 LOAD: AVG 0.0593388 MAX 0.106307  PROXIES: TOTAL 24 MAXPE 4 MAXPATCH 6 None MEM: 0.448026 MB
LDB: TIME 343.486 LOAD: AVG 0.0593388 MAX 0.106307  PROXIES: TOTAL 35 MAXPE 4 MAXPATCH 9 RefineTorusLB MEM: 0.448026 MB
LDB: TIME 343.486 LOAD: AVG 0.0593388 MAX 0.0644206  PROXIES: TOTAL 35 MAXPE 4 MAXPATCH 9 RefineTorusLB MEM: 0.448026 MB
LDB: ============== END OF LOAD BALANCING =============== 343.495
Info: useSync: 0 useProxySync: 0
LDB: =============== DONE WITH MIGRATION ================ 343.545
PRESSURE: 110000 -1867.33 176.59 -10.3411 265.524 173.607 378.719 629.469 462.623 233.204
GPRESSURE: 110000 -1968.4 185.724 93.3145 -122.261 119.037 325.474 539.461 263.069 468.311
PRESSAVG: 110000 -264.452 65.2356 7.5879 29.5427 -305.704 -39.9488 -54.0866 -52.2444 2.64822
GPRESSAVG: 110000 -264.263 65.0095 7.91171 29.3144 -305.976 -39.8534 -53.832 -52.2253 2.74091
ENERGY:  110000         0.0000         0.0000         0.0000         0.0000          -5525.5055       341.5253         0.0000         0.0000       939.6329          -4244.3473       298.5131     -5183.9802     -4242.0777       298.4862           -486.8383      -460.3500     22727.9333      -189.1694      -189.1660

WRITING COORDINATES TO DCD FILE MDequil.dcd AT STEP 110000
LDB: ============= START OF LOAD BALANCING ============== 360.958
LDB: ============== END OF LOAD BALANCING =============== 360.964
Info: useSync: 0 useProxySync: 0
LDB: =============== DONE WITH MIGRATION ================ 360.988
LDB: ============= START OF LOAD BALANCING ============== 361.435
LDB: Largest compute 88 load 0.032429 is 53.3% of average load 0.060805
LDB: Average compute 0.003951 is 6.5% of average load 0.060805
LDB: TIME 361.441 LOAD: AVG 0.0608049 MAX 0.090087  PROXIES: TOTAL 24 MAXPE 4 MAXPATCH 6 None MEM: 0.448026 MB
LDB: TIME 361.441 LOAD: AVG 0.0608049 MAX 0.090087  PROXIES: TOTAL 35 MAXPE 4 MAXPATCH 9 RefineTorusLB MEM: 0.448026 MB
LDB: TIME 361.442 LOAD: AVG 0.0608049 MAX 0.0664022  PROXIES: TOTAL 35 MAXPE 4 MAXPATCH 9 RefineTorusLB MEM: 0.448026 MB
LDB: ============== END OF LOAD BALANCING =============== 361.45
Info: useSync: 0 useProxySync: 0
LDB: =============== DONE WITH MIGRATION ================ 361.501
LDB: ============= START OF LOAD BALANCING ============== 370.979
LDB: ============== END OF LOAD BALANCING =============== 370.979
Info: useSync: 0 useProxySync: 0
LDB: =============== DONE WITH MIGRATION ================ 370.979
LDB: ============= START OF LOAD BALANCING ============== 371.086
LDB: Largest compute 140 load 0.016344 is 30.8% of average load 0.052984
LDB: Average compute 0.003779 is 7.1% of average load 0.052984
LDB: TIME 371.086 LOAD: AVG 0.0529841 MAX 0.0845633  PROXIES: TOTAL 24 MAXPE 4 MAXPATCH 6 None MEM: 0.448026 MB
LDB: TIME 371.086 LOAD: AVG 0.0529841 MAX 0.0845633  PROXIES: TOTAL 35 MAXPE 4 MAXPATCH 9 RefineTorusLB MEM: 0.448026 MB
LDB: TIME 371.087 LOAD: AVG 0.0529841 MAX 0.0569101  PROXIES: TOTAL 35 MAXPE 4 MAXPATCH 9 RefineTorusLB MEM: 0.448026 MB
LDB: ============== END OF LOAD BALANCING =============== 371.092
Info: useSync: 0 useProxySync: 0
LDB: =============== DONE WITH MIGRATION ================ 371.094
LDB: ============= START OF LOAD BALANCING ============== 375.23
LDB: ============== END OF LOAD BALANCING =============== 375.23
Info: useSync: 0 useProxySync: 0
LDB: =============== DONE WITH MIGRATION ================ 375.23
LDB: ============= START OF LOAD BALANCING ============== 375.33
LDB: Largest compute 78 load 0.020335 is 38.4% of average load 0.052912
LDB: Average compute 0.003668 is 6.9% of average load 0.052912
LDB: TIME 375.331 LOAD: AVG 0.052912 MAX 0.0828665  PROXIES: TOTAL 24 MAXPE 4 MAXPATCH 6 None MEM: 0.448026 MB
LDB: TIME 375.331 LOAD: AVG 0.052912 MAX 0.0828665  PROXIES: TOTAL 35 MAXPE 4 MAXPATCH 9 RefineTorusLB MEM: 0.448026 MB
LDB: TIME 375.331 LOAD: AVG 0.052912 MAX 0.0572035  PROXIES: TOTAL 34 MAXPE 4 MAXPATCH 9 RefineTorusLB MEM: 0.448026 MB
LDB: ============== END OF LOAD BALANCING =============== 375.331
Info: useSync: 0 useProxySync: 0
LDB: =============== DONE WITH MIGRATION ================ 375.332
PRESSURE: 115000 -1000.79 -308.827 486.446 301.596 -325.807 -683.494 -96.5975 -429.998 922.666
GPRESSURE: 115000 -865.027 -368.084 711.049 528.576 -273.326 -906.105 -302.349 -384.297 808.404
PRESSAVG: 115000 -356.668 -50.151 -15.9969 -35.7468 -279.713 24.1503 -41.936 -42.58 -16.4972
GPRESSAVG: 115000 -356.589 -50.7227 -15.7941 -35.2134 -279.689 24.497 -42.1919 -42.2387 -16.2466
ENERGY:  115000         0.0000         0.0000         0.0000         0.0000          -5590.0642       380.9312         0.0000         0.0000       952.2242          -4256.9088       302.5133     -5209.1330     -4255.1661       300.9060           -134.6437      -109.9830     22669.3930      -217.6259      -217.5082

WRITING COORDINATES TO DCD FILE MDequil.dcd AT STEP 115000
LDB: ============= START OF LOAD BALANCING ============== 379.486
LDB: ============== END OF LOAD BALANCING =============== 379.486
Info: useSync: 0 useProxySync: 0
LDB: =============== DONE WITH MIGRATION ================ 379.486
LDB: ============= START OF LOAD BALANCING ============== 379.591
LDB: Largest compute 136 load 0.019516 is 37.2% of average load 0.052459
LDB: Average compute 0.003697 is 7.0% of average load 0.052459
LDB: TIME 379.591 LOAD: AVG 0.052459 MAX 0.0728267  PROXIES: TOTAL 24 MAXPE 4 MAXPATCH 6 None MEM: 0.448026 MB
LDB: TIME 379.591 LOAD: AVG 0.052459 MAX 0.0728267  PROXIES: TOTAL 34 MAXPE 4 MAXPATCH 9 RefineTorusLB MEM: 0.448026 MB
LDB: TIME 379.591 LOAD: AVG 0.052459 MAX 0.0563825  PROXIES: TOTAL 34 MAXPE 4 MAXPATCH 9 RefineTorusLB MEM: 0.448026 MB
LDB: ============== END OF LOAD BALANCING =============== 379.594
Info: useSync: 0 useProxySync: 0
LDB: =============== DONE WITH MIGRATION ================ 379.594
LDB: ============= START OF LOAD BALANCING ============== 384.329
LDB: ============== END OF LOAD BALANCING =============== 384.329
Info: useSync: 0 useProxySync: 0
LDB: =============== DONE WITH MIGRATION ================ 384.329
LDB: ============= START OF LOAD BALANCING ============== 384.43
LDB: Largest compute 136 load 0.029911 is 55.5% of average load 0.053905
LDB: Average compute 0.003800 is 7.0% of average load 0.053905
LDB: TIME 384.431 LOAD: AVG 0.0539045 MAX 0.095638  PROXIES: TOTAL 24 MAXPE 4 MAXPATCH 6 None MEM: 0.448026 MB
LDB: TIME 384.431 LOAD: AVG 0.0539045 MAX 0.095638  PROXIES: TOTAL 34 MAXPE 4 MAXPATCH 9 RefineTorusLB MEM: 0.448026 MB
LDB: TIME 384.431 LOAD: AVG 0.0539045 MAX 0.0590322  PROXIES: TOTAL 34 MAXPE 4 MAXPATCH 9 RefineTorusLB MEM: 0.448026 MB
LDB: ============== END OF LOAD BALANCING =============== 384.431
Info: useSync: 0 useProxySync: 0
LDB: =============== DONE WITH MIGRATION ================ 384.431
PRESSURE: 120000 -5.95326 -313.361 -151.02 -284.378 -1039.83 184.1 -155.822 -75.4663 -134.528
GPRESSURE: 120000 80.705 -196.085 -285.243 -183.666 -1000.2 -55.6782 -55.5843 296.34 -190.658
PRESSAVG: 120000 -290.982 -9.12161 -2.04308 -27.4966 -303.238 60.3385 -13.1995 -27.3847 14.4757
GPRESSAVG: 120000 -291.075 -9.05114 -1.56217 -28.2511 -302.888 60.7028 -12.413 -27.5953 14.5588
ENERGY:  120000         0.0000         0.0000         0.0000         0.0000          -5576.9073       365.2632         0.0000         0.0000       939.9070          -4271.7371       298.6002     -5211.6441     -4268.5081       301.5386           -393.4363      -370.0525     22890.2181      -193.2478      -193.1349

WRITING COORDINATES TO DCD FILE MDequil.dcd AT STEP 120000
LDB: ============= START OF LOAD BALANCING ============== 388.543
LDB: ============== END OF LOAD BALANCING =============== 388.543
Info: useSync: 0 useProxySync: 0
LDB: =============== DONE WITH MIGRATION ================ 388.543
LDB: ============= START OF LOAD BALANCING ============== 388.643
LDB: Largest compute 34 load 0.023521 is 43.1% of average load 0.054530
LDB: Average compute 0.003925 is 7.2% of average load 0.054530
LDB: TIME 388.643 LOAD: AVG 0.0545297 MAX 0.0838296  PROXIES: TOTAL 24 MAXPE 4 MAXPATCH 6 None MEM: 0.448026 MB
LDB: TIME 388.643 LOAD: AVG 0.0545297 MAX 0.0838296  PROXIES: TOTAL 34 MAXPE 4 MAXPATCH 9 RefineTorusLB MEM: 0.448026 MB
LDB: TIME 388.643 LOAD: AVG 0.0545297 MAX 0.0595178  PROXIES: TOTAL 35 MAXPE 4 MAXPATCH 9 RefineTorusLB MEM: 0.448026 MB
LDB: ============== END OF LOAD BALANCING =============== 388.643
Info: useSync: 0 useProxySync: 0
LDB: =============== DONE WITH MIGRATION ================ 388.644
LDB: ============= START OF LOAD BALANCING ============== 394.045
LDB: ============== END OF LOAD BALANCING =============== 394.045
Info: useSync: 0 useProxySync: 0
LDB: =============== DONE WITH MIGRATION ================ 394.046
LDB: ============= START OF LOAD BALANCING ============== 394.146
LDB: Largest compute 151 load 0.019565 is 37.5% of average load 0.052141
LDB: Average compute 0.003649 is 7.0% of average load 0.052141
LDB: TIME 394.149 LOAD: AVG 0.0521413 MAX 0.0756639  PROXIES: TOTAL 24 MAXPE 4 MAXPATCH 6 None MEM: 0.448026 MB
LDB: TIME 394.149 LOAD: AVG 0.0521413 MAX 0.0756639  PROXIES: TOTAL 35 MAXPE 4 MAXPATCH 9 RefineTorusLB MEM: 0.448026 MB
LDB: TIME 394.149 LOAD: AVG 0.0521413 MAX 0.055899  PROXIES: TOTAL 34 MAXPE 4 MAXPATCH 9 RefineTorusLB MEM: 0.448026 MB
LDB: ============== END OF LOAD BALANCING =============== 394.155
Info: useSync: 0 useProxySync: 0
LDB: =============== DONE WITH MIGRATION ================ 394.157
LDB: ============= START OF LOAD BALANCING ============== 399.831
LDB: ============== END OF LOAD BALANCING =============== 399.831
Info: useSync: 0 useProxySync: 0
LDB: =============== DONE WITH MIGRATION ================ 399.831
LDB: ============= START OF LOAD BALANCING ============== 399.943
LDB: Largest compute 7 load 0.018198 is 33.1% of average load 0.054989
LDB: Average compute 0.003868 is 7.0% of average load 0.054989
LDB: TIME 399.943 LOAD: AVG 0.0549889 MAX 0.0977467  PROXIES: TOTAL 24 MAXPE 4 MAXPATCH 6 None MEM: 0.448026 MB
LDB: TIME 399.943 LOAD: AVG 0.0549889 MAX 0.0977467  PROXIES: TOTAL 34 MAXPE 4 MAXPATCH 9 RefineTorusLB MEM: 0.448026 MB
LDB: TIME 399.943 LOAD: AVG 0.0549889 MAX 0.0591154  PROXIES: TOTAL 35 MAXPE 4 MAXPATCH 9 RefineTorusLB MEM: 0.448026 MB
LDB: ============== END OF LOAD BALANCING =============== 399.943
Info: useSync: 0 useProxySync: 0
LDB: =============== DONE WITH MIGRATION ================ 399.944
PRESSURE: 125000 -1036.93 -156.536 629.206 -412.412 -162.564 -230.885 401.486 -131.743 539.687
GPRESSURE: 125000 -1068.92 -573.398 567.396 -158.017 74.2163 -167.317 462.822 -104.442 435.191
PRESSAVG: 125000 -412.45 -21.1043 -37.215 -15.2664 -427.858 46.5942 46.8651 68.1654 20.9947
GPRESSAVG: 125000 -412.42 -20.8666 -37.614 -15.0833 -427.997 46.1301 46.52 68.2624 21.1405
ENERGY:  125000         0.0000         0.0000         0.0000         0.0000          -5561.8851       372.2659         0.0000         0.0000       949.9873          -4239.6319       301.8026     -5189.6192     -4237.4767       299.5505           -219.9344      -186.5039     22564.0808      -273.1043      -273.0921

WRITING COORDINATES TO DCD FILE MDequil.dcd AT STEP 125000
LDB: ============= START OF LOAD BALANCING ============== 404.591
LDB: ============== END OF LOAD BALANCING =============== 404.595
Info: useSync: 0 useProxySync: 0
LDB: =============== DONE WITH MIGRATION ================ 404.597
LDB: ============= START OF LOAD BALANCING ============== 404.797
LDB: Largest compute 148 load 0.038089 is 67.6% of average load 0.056355
LDB: Average compute 0.003964 is 7.0% of average load 0.056355
LDB: TIME 404.798 LOAD: AVG 0.0563545 MAX 0.10469  PROXIES: TOTAL 24 MAXPE 4 MAXPATCH 6 None MEM: 0.448026 MB
LDB: TIME 404.798 LOAD: AVG 0.0563545 MAX 0.10469  PROXIES: TOTAL 35 MAXPE 4 MAXPATCH 9 RefineTorusLB MEM: 0.448026 MB
LDB: TIME 404.798 LOAD: AVG 0.0563545 MAX 0.0670914  PROXIES: TOTAL 35 MAXPE 4 MAXPATCH 9 RefineTorusLB MEM: 0.448026 MB
LDB: ============== END OF LOAD BALANCING =============== 404.798
Info: useSync: 0 useProxySync: 0
LDB: =============== DONE WITH MIGRATION ================ 404.798
LDB: ============= START OF LOAD BALANCING ============== 409.243
LDB: ============== END OF LOAD BALANCING =============== 409.246
Info: useSync: 0 useProxySync: 0
LDB: =============== DONE WITH MIGRATION ================ 409.246
LDB: ============= START OF LOAD BALANCING ============== 409.35
LDB: Largest compute 5 load 0.014147 is 26.3% of average load 0.053740
LDB: Average compute 0.003757 is 7.0% of average load 0.053740
LDB: TIME 409.35 LOAD: AVG 0.0537404 MAX 0.0759176  PROXIES: TOTAL 24 MAXPE 4 MAXPATCH 6 None MEM: 0.448026 MB
LDB: TIME 409.35 LOAD: AVG 0.0537404 MAX 0.0759176  PROXIES: TOTAL 35 MAXPE 4 MAXPATCH 9 RefineTorusLB MEM: 0.448026 MB
LDB: TIME 409.35 LOAD: AVG 0.0537404 MAX 0.0584619  PROXIES: TOTAL 35 MAXPE 4 MAXPATCH 9 RefineTorusLB MEM: 0.448026 MB
LDB: ============== END OF LOAD BALANCING =============== 409.35
Info: useSync: 0 useProxySync: 0
LDB: =============== DONE WITH MIGRATION ================ 409.35
WRITING COORDINATES TO DCD FILE MDequil.dcd AT STEP 130000
PRESSURE: 130000 1052.92 156.837 501.875 256.949 228.099 -305.585 341.103 -304.363 246.228
GPRESSURE: 130000 946.358 269.236 110.87 -67.2726 365.686 1.52957 142.741 -347.875 252.906
PRESSAVG: 130000 -368.848 8.81946 24.2547 -9.18546 -334.962 -8.35903 -19.8107 37.6757 -20.3106
GPRESSAVG: 130000 -368.743 8.68944 24.0143 -9.72107 -334.78 -8.91958 -19.4148 38.105 -20.3411
ENERGY:  130000         0.0000         0.0000         0.0000         0.0000          -5640.6363       442.9678         0.0000         0.0000       989.8013          -4207.8672       314.4512     -5197.6685     -4206.7853       303.9247            509.0839       521.6501     22666.8565      -241.3735      -241.2882

LDB: ============= START OF LOAD BALANCING ============== 413.811
LDB: ============== END OF LOAD BALANCING =============== 413.811
Info: useSync: 0 useProxySync: 0
LDB: =============== DONE WITH MIGRATION ================ 413.811
LDB: ============= START OF LOAD BALANCING ============== 413.913
LDB: Largest compute 161 load 0.020493 is 36.3% of average load 0.056480
LDB: Average compute 0.004001 is 7.1% of average load 0.056480
LDB: TIME 413.913 LOAD: AVG 0.0564799 MAX 0.0891214  PROXIES: TOTAL 24 MAXPE 4 MAXPATCH 6 None MEM: 0.448026 MB
LDB: TIME 413.913 LOAD: AVG 0.0564799 MAX 0.0891214  PROXIES: TOTAL 35 MAXPE 4 MAXPATCH 9 RefineTorusLB MEM: 0.448026 MB
LDB: TIME 413.913 LOAD: AVG 0.0564799 MAX 0.0610556  PROXIES: TOTAL 34 MAXPE 4 MAXPATCH 9 RefineTorusLB MEM: 0.448026 MB
LDB: ============== END OF LOAD BALANCING =============== 413.914
Info: useSync: 0 useProxySync: 0
LDB: =============== DONE WITH MIGRATION ================ 413.914
LDB: ============= START OF LOAD BALANCING ============== 418.231
LDB: ============== END OF LOAD BALANCING =============== 418.231
Info: useSync: 0 useProxySync: 0
LDB: =============== DONE WITH MIGRATION ================ 418.231
LDB: ============= START OF LOAD BALANCING ============== 418.346
LDB: Largest compute 149 load 0.024863 is 44.3% of average load 0.056187
LDB: Average compute 0.004048 is 7.2% of average load 0.056187
LDB: TIME 418.349 LOAD: AVG 0.0561868 MAX 0.105466  PROXIES: TOTAL 24 MAXPE 4 MAXPATCH 6 None MEM: 0.448026 MB
LDB: TIME 418.349 LOAD: AVG 0.0561868 MAX 0.105466  PROXIES: TOTAL 34 MAXPE 4 MAXPATCH 9 RefineTorusLB MEM: 0.448026 MB
LDB: TIME 418.349 LOAD: AVG 0.0561868 MAX 0.0608454  PROXIES: TOTAL 34 MAXPE 4 MAXPATCH 9 RefineTorusLB MEM: 0.448026 MB
LDB: ============== END OF LOAD BALANCING =============== 418.356
Info: useSync: 0 useProxySync: 0
LDB: =============== DONE WITH MIGRATION ================ 418.358
LDB: ============= START OF LOAD BALANCING ============== 422.861
LDB: ============== END OF LOAD BALANCING =============== 422.861
Info: useSync: 0 useProxySync: 0
LDB: =============== DONE WITH MIGRATION ================ 422.861
LDB: ============= START OF LOAD BALANCING ============== 422.966
LDB: Largest compute 161 load 0.023179 is 41.2% of average load 0.056227
LDB: Average compute 0.003961 is 7.0% of average load 0.056227
LDB: TIME 422.966 LOAD: AVG 0.0562268 MAX 0.0856792  PROXIES: TOTAL 24 MAXPE 4 MAXPATCH 6 None MEM: 0.448026 MB
LDB: TIME 422.966 LOAD: AVG 0.0562268 MAX 0.0856792  PROXIES: TOTAL 34 MAXPE 4 MAXPATCH 9 RefineTorusLB MEM: 0.448026 MB
LDB: TIME 422.966 LOAD: AVG 0.0562268 MAX 0.061904  PROXIES: TOTAL 33 MAXPE 4 MAXPATCH 9 RefineTorusLB MEM: 0.448026 MB
LDB: ============== END OF LOAD BALANCING =============== 422.966
Info: useSync: 0 useProxySync: 0
LDB: =============== DONE WITH MIGRATION ================ 422.967
WRITING COORDINATES TO DCD FILE MDequil.dcd AT STEP 135000
PRESSURE: 135000 -184.663 310.398 -555.898 412.262 -355.501 -416.271 -482.382 192.862 141.243
GPRESSURE: 135000 -83.2901 337.883 -561.303 488.179 -401.291 -395.317 -830.838 310.54 148.687
PRESSAVG: 135000 -410.672 -47.4369 13.5061 38.7323 -328.245 -27.3329 12.6146 -43.7782 -31.9788
GPRESSAVG: 135000 -410.656 -46.9593 13.3499 39.0281 -328.446 -27.4948 13.0804 -43.9306 -31.8306
ENERGY:  135000         0.0000         0.0000         0.0000         0.0000          -5626.4310       407.9946         0.0000         0.0000       897.5943          -4320.8421       285.1578     -5218.4364     -4318.8276       299.8965           -132.9736      -111.9644     22708.1325      -256.9652      -256.9777

LDB: ============= START OF LOAD BALANCING ============== 427.713
LDB: ============== END OF LOAD BALANCING =============== 427.713
Info: useSync: 0 useProxySync: 0
LDB: =============== DONE WITH MIGRATION ================ 427.713
LDB: ============= START OF LOAD BALANCING ============== 427.826
LDB: Largest compute 7 load 0.017297 is 30.1% of average load 0.057388
LDB: Average compute 0.004069 is 7.1% of average load 0.057388
LDB: TIME 427.83 LOAD: AVG 0.0573878 MAX 0.087028  PROXIES: TOTAL 24 MAXPE 4 MAXPATCH 6 None MEM: 0.448026 MB
LDB: TIME 427.83 LOAD: AVG 0.0573878 MAX 0.087028  PROXIES: TOTAL 33 MAXPE 4 MAXPATCH 9 RefineTorusLB MEM: 0.448026 MB
LDB: TIME 427.831 LOAD: AVG 0.0573878 MAX 0.0618295  PROXIES: TOTAL 34 MAXPE 4 MAXPATCH 9 RefineTorusLB MEM: 0.448026 MB
LDB: ============== END OF LOAD BALANCING =============== 427.831
Info: useSync: 0 useProxySync: 0
LDB: =============== DONE WITH MIGRATION ================ 427.831
LDB: ============= START OF LOAD BALANCING ============== 432.144
LDB: ============== END OF LOAD BALANCING =============== 432.144
Info: useSync: 0 useProxySync: 0
LDB: =============== DONE WITH MIGRATION ================ 432.145
LDB: ============= START OF LOAD BALANCING ============== 432.259
LDB: Largest compute 168 load 0.022463 is 40.3% of average load 0.055679
LDB: Average compute 0.004002 is 7.2% of average load 0.055679
LDB: TIME 432.259 LOAD: AVG 0.055679 MAX 0.101769  PROXIES: TOTAL 24 MAXPE 4 MAXPATCH 6 None MEM: 0.448026 MB
LDB: TIME 432.259 LOAD: AVG 0.055679 MAX 0.101769  PROXIES: TOTAL 34 MAXPE 4 MAXPATCH 9 RefineTorusLB MEM: 0.448026 MB
LDB: TIME 432.26 LOAD: AVG 0.055679 MAX 0.0597911  PROXIES: TOTAL 34 MAXPE 4 MAXPATCH 9 RefineTorusLB MEM: 0.448026 MB
LDB: ============== END OF LOAD BALANCING =============== 432.26
Info: useSync: 0 useProxySync: 0
LDB: =============== DONE WITH MIGRATION ================ 432.26
PRESSURE: 140000 144.842 -873.541 637.2 -739.003 804.335 -0.366078 685.235 233.917 128.034
GPRESSURE: 140000 146.891 -1044.41 816.798 -813.147 750.801 -79.7693 522.553 489.581 207.483
PRESSAVG: 140000 -399.02 -31.099 -7.06734 -36.3206 -482.771 0.707251 -61.4513 -35.8553 -4.31114
GPRESSAVG: 140000 -398.902 -31.7077 -6.91862 -36.0849 -482.436 1.01 -61.9422 -36.0166 -4.50182
ENERGY:  140000         0.0000         0.0000         0.0000         0.0000          -5642.4272       430.0845         0.0000         0.0000       981.9718          -4230.3710       311.9638     -5212.3427     -4228.2272       291.4001            359.0704       368.3915     22612.6829      -295.3674      -295.2800

WRITING COORDINATES TO DCD FILE MDequil.dcd AT STEP 140000
LDB: ============= START OF LOAD BALANCING ============== 436.783
LDB: ============== END OF LOAD BALANCING =============== 436.783
Info: useSync: 0 useProxySync: 0
LDB: =============== DONE WITH MIGRATION ================ 436.783
LDB: ============= START OF LOAD BALANCING ============== 436.937
LDB: Largest compute 165 load 0.037465 is 70.3% of average load 0.053288
LDB: Average compute 0.003777 is 7.1% of average load 0.053288
LDB: TIME 436.943 LOAD: AVG 0.0532883 MAX 0.0650682  PROXIES: TOTAL 24 MAXPE 4 MAXPATCH 6 None MEM: 0.448026 MB
LDB: TIME 436.943 LOAD: AVG 0.0532883 MAX 0.0650682  PROXIES: TOTAL 34 MAXPE 4 MAXPATCH 9 RefineTorusLB MEM: 0.448026 MB
LDB: TIME 436.943 LOAD: AVG 0.0532883 MAX 0.056672  PROXIES: TOTAL 35 MAXPE 4 MAXPATCH 10 RefineTorusLB MEM: 0.448026 MB
LDB: ============== END OF LOAD BALANCING =============== 436.946
Info: useSync: 0 useProxySync: 0
LDB: =============== DONE WITH MIGRATION ================ 436.946
LDB: ============= START OF LOAD BALANCING ============== 441.981
LDB: ============== END OF LOAD BALANCING =============== 441.982
Info: useSync: 0 useProxySync: 0
LDB: =============== DONE WITH MIGRATION ================ 441.982
LDB: ============= START OF LOAD BALANCING ============== 442.083
LDB: Largest compute 77 load 0.013720 is 24.6% of average load 0.055679
LDB: Average compute 0.003905 is 7.0% of average load 0.055679
LDB: TIME 442.083 LOAD: AVG 0.055679 MAX 0.0794209  PROXIES: TOTAL 24 MAXPE 4 MAXPATCH 6 None MEM: 0.448026 MB
LDB: TIME 442.083 LOAD: AVG 0.055679 MAX 0.0794209  PROXIES: TOTAL 35 MAXPE 4 MAXPATCH 10 RefineTorusLB MEM: 0.448026 MB
LDB: TIME 442.083 LOAD: AVG 0.055679 MAX 0.0589495  PROXIES: TOTAL 35 MAXPE 4 MAXPATCH 10 RefineTorusLB MEM: 0.448026 MB
LDB: ============== END OF LOAD BALANCING =============== 442.085
Info: useSync: 0 useProxySync: 0
LDB: =============== DONE WITH MIGRATION ================ 442.085
LDB: ============= START OF LOAD BALANCING ============== 446.597
LDB: ============== END OF LOAD BALANCING =============== 446.597
Info: useSync: 0 useProxySync: 0
LDB: =============== DONE WITH MIGRATION ================ 446.597
LDB: ============= START OF LOAD BALANCING ============== 446.713
LDB: Largest compute 148 load 0.016327 is 28.4% of average load 0.057514
LDB: Average compute 0.004145 is 7.2% of average load 0.057514
LDB: TIME 446.713 LOAD: AVG 0.0575145 MAX 0.0960636  PROXIES: TOTAL 24 MAXPE 4 MAXPATCH 6 None MEM: 0.448026 MB
LDB: TIME 446.713 LOAD: AVG 0.0575145 MAX 0.0960636  PROXIES: TOTAL 35 MAXPE 4 MAXPATCH 10 RefineTorusLB MEM: 0.448026 MB
LDB: TIME 446.713 LOAD: AVG 0.0575145 MAX 0.0630923  PROXIES: TOTAL 35 MAXPE 4 MAXPATCH 10 RefineTorusLB MEM: 0.448026 MB
LDB: ============== END OF LOAD BALANCING =============== 446.714
Info: useSync: 0 useProxySync: 0
LDB: =============== DONE WITH MIGRATION ================ 446.714
PRESSURE: 145000 -694.11 171.606 -67.6574 396.054 -1100.92 17.4974 343.546 496.32 -508.441
GPRESSURE: 145000 -878.383 79.4359 -66.3789 431.81 -902.711 102.169 399.725 604.541 -480.998
PRESSAVG: 145000 -323.571 -13.3412 71.3431 -18.1952 -233.605 15.7057 206.643 85.0641 8.18739
GPRESSAVG: 145000 -323.434 -12.6015 71.4188 -18.5953 -233.49 15.718 207.112 84.5769 8.42976
ENERGY:  145000         0.0000         0.0000         0.0000         0.0000          -5545.1705       358.4864         0.0000         0.0000       907.9512          -4278.7328       288.4481     -5186.6840     -4275.5002       297.5843           -767.8241      -754.0303     23081.3917      -182.9962      -182.8315

WRITING COORDINATES TO DCD FILE MDequil.dcd AT STEP 145000
LDB: ============= START OF LOAD BALANCING ============== 451.342
LDB: ============== END OF LOAD BALANCING =============== 451.343
Info: useSync: 0 useProxySync: 0
LDB: =============== DONE WITH MIGRATION ================ 451.343
LDB: ============= START OF LOAD BALANCING ============== 451.458
LDB: Largest compute 52 load 0.035165 is 62.1% of average load 0.056636
LDB: Average compute 0.003927 is 6.9% of average load 0.056636
LDB: TIME 451.459 LOAD: AVG 0.0566359 MAX 0.104478  PROXIES: TOTAL 24 MAXPE 4 MAXPATCH 6 None MEM: 0.448026 MB
LDB: TIME 451.459 LOAD: AVG 0.0566359 MAX 0.104478  PROXIES: TOTAL 35 MAXPE 4 MAXPATCH 10 RefineTorusLB MEM: 0.448026 MB
LDB: TIME 451.459 LOAD: AVG 0.0566359 MAX 0.0632752  PROXIES: TOTAL 35 MAXPE 4 MAXPATCH 10 RefineTorusLB MEM: 0.448026 MB
LDB: ============== END OF LOAD BALANCING =============== 451.459
Info: useSync: 0 useProxySync: 0
LDB: =============== DONE WITH MIGRATION ================ 451.459
LDB: ============= START OF LOAD BALANCING ============== 456.36
LDB: ============== END OF LOAD BALANCING =============== 456.361
Info: useSync: 0 useProxySync: 0
LDB: =============== DONE WITH MIGRATION ================ 456.361
LDB: ============= START OF LOAD BALANCING ============== 456.464
LDB: Largest compute 159 load 0.016930 is 32.3% of average load 0.052428
LDB: Average compute 0.003679 is 7.0% of average load 0.052428
LDB: TIME 456.464 LOAD: AVG 0.0524284 MAX 0.0719603  PROXIES: TOTAL 24 MAXPE 4 MAXPATCH 6 None MEM: 0.448026 MB
LDB: TIME 456.465 LOAD: AVG 0.0524284 MAX 0.0719603  PROXIES: TOTAL 35 MAXPE 4 MAXPATCH 10 RefineTorusLB MEM: 0.448026 MB
LDB: TIME 456.465 LOAD: AVG 0.0524284 MAX 0.0560523  PROXIES: TOTAL 34 MAXPE 4 MAXPATCH 9 RefineTorusLB MEM: 0.448026 MB
LDB: ============== END OF LOAD BALANCING =============== 456.465
Info: useSync: 0 useProxySync: 0
LDB: =============== DONE WITH MIGRATION ================ 456.465
PRESSURE: 150000 -774.706 -46.4294 155.417 112.817 5.44626 -450.895 50.4253 -144.792 175.831
GPRESSURE: 150000 -673.111 -114.743 -283.791 114.769 -74.8922 -448.679 400.344 -381.338 222.734
PRESSAVG: 150000 -416.825 -48.1807 -23.6876 -36.0817 -429.815 1.80383 76.7158 48.4389 15.4147
GPRESSAVG: 150000 -416.838 -48.2299 -23.741 -36.1575 -429.801 2.08705 76.5742 49.072 15.4357
TIMING: 150000  CPU: 403.002, 0.00317548/step  Wall: 447.232, 0.00357711/step, 0.347775 hours remaining, 0.448026 MB of memory in use.
PERFORMANCE: 150000  averaging 57.9579 ns/day, 0.00298147 sec/step with standard deviation 0.000613195
ETITLE:      TS           BOND          ANGLE          DIHED          IMPRP               ELECT            VDW       BOUNDARY           MISC        KINETIC               TOTAL           TEMP      POTENTIAL         TOTAL3        TEMPAVG            PRESSURE      GPRESSURE         VOLUME       PRESSAVG      GPRESSAVG

ENERGY:  150000         0.0000         0.0000         0.0000         0.0000          -5623.9420       403.6803         0.0000         0.0000       943.8136          -4276.4481       299.8413     -5220.2617     -4274.2055       296.0629           -197.8096      -175.0898     22940.0798      -277.0754      -277.0677

WRITING EXTENDED SYSTEM TO RESTART FILE AT STEP 150000
WRITING COORDINATES TO DCD FILE MDequil.dcd AT STEP 150000
WRITING COORDINATES TO RESTART FILE AT STEP 150000
FINISHED WRITING RESTART COORDINATES
WRITING VELOCITIES TO RESTART FILE AT STEP 150000
FINISHED WRITING RESTART VELOCITIES
The last velocity output (seq=150000) takes 0.000 seconds, 0.448 MB of memory in use
LDB: ============= START OF LOAD BALANCING ============== 460.731
LDB: ============== END OF LOAD BALANCING =============== 460.731
Info: useSync: 0 useProxySync: 0
LDB: =============== DONE WITH MIGRATION ================ 460.731
LDB: ============= START OF LOAD BALANCING ============== 460.842
LDB: Largest compute 167 load 0.024465 is 43.2% of average load 0.056696
LDB: Average compute 0.004045 is 7.1% of average load 0.056696
LDB: TIME 460.842 LOAD: AVG 0.0566964 MAX 0.0920878  PROXIES: TOTAL 24 MAXPE 4 MAXPATCH 6 None MEM: 0.448026 MB
LDB: TIME 460.843 LOAD: AVG 0.0566964 MAX 0.0920878  PROXIES: TOTAL 34 MAXPE 4 MAXPATCH 9 RefineTorusLB MEM: 0.448026 MB
LDB: TIME 460.843 LOAD: AVG 0.0566964 MAX 0.0647765  PROXIES: TOTAL 33 MAXPE 4 MAXPATCH 9 RefineTorusLB MEM: 0.448026 MB
LDB: ============== END OF LOAD BALANCING =============== 460.843
Info: useSync: 0 useProxySync: 0
LDB: =============== DONE WITH MIGRATION ================ 460.843
LDB: ============= START OF LOAD BALANCING ============== 466.126
LDB: ============== END OF LOAD BALANCING =============== 466.126
Info: useSync: 0 useProxySync: 0
LDB: =============== DONE WITH MIGRATION ================ 466.126
LDB: ============= START OF LOAD BALANCING ============== 466.23
LDB: Largest compute 4 load 0.014219 is 26.1% of average load 0.054383
LDB: Average compute 0.003831 is 7.0% of average load 0.054383
LDB: TIME 466.234 LOAD: AVG 0.0543833 MAX 0.0781992  PROXIES: TOTAL 24 MAXPE 4 MAXPATCH 6 None MEM: 0.448026 MB
LDB: TIME 466.234 LOAD: AVG 0.0543833 MAX 0.0781992  PROXIES: TOTAL 33 MAXPE 4 MAXPATCH 9 RefineTorusLB MEM: 0.448026 MB
LDB: TIME 466.234 LOAD: AVG 0.0543833 MAX 0.0593128  PROXIES: TOTAL 33 MAXPE 4 MAXPATCH 9 RefineTorusLB MEM: 0.448026 MB
LDB: ============== END OF LOAD BALANCING =============== 466.239
Info: useSync: 0 useProxySync: 0
LDB: =============== DONE WITH MIGRATION ================ 466.239
LDB: ============= START OF LOAD BALANCING ============== 481.39
LDB: ============== END OF LOAD BALANCING =============== 481.394
Info: useSync: 0 useProxySync: 0
LDB: =============== DONE WITH MIGRATION ================ 481.406
LDB: ============= START OF LOAD BALANCING ============== 481.629
LDB: Largest compute 161 load 0.019946 is 35.5% of average load 0.056240
LDB: Average compute 0.003844 is 6.8% of average load 0.056240
LDB: TIME 481.63 LOAD: AVG 0.05624 MAX 0.0891608  PROXIES: TOTAL 24 MAXPE 4 MAXPATCH 6 None MEM: 0.448026 MB
LDB: TIME 481.63 LOAD: AVG 0.05624 MAX 0.0891608  PROXIES: TOTAL 33 MAXPE 4 MAXPATCH 9 RefineTorusLB MEM: 0.448026 MB
LDB: TIME 481.63 LOAD: AVG 0.05624 MAX 0.060807  PROXIES: TOTAL 33 MAXPE 4 MAXPATCH 9 RefineTorusLB MEM: 0.448026 MB
LDB: ============== END OF LOAD BALANCING =============== 481.63
Info: useSync: 0 useProxySync: 0
LDB: =============== DONE WITH MIGRATION ================ 481.63
PRESSURE: 155000 75.048 -55.7287 -322.726 69.2162 127.03 469.438 -308.536 306.507 192.12
GPRESSURE: 155000 168.854 -8.74386 -272.266 289.459 53.4694 513.712 -263.284 333.101 222.481
PRESSAVG: 155000 -367.518 40.9204 90.7705 60.3222 -371.172 17.6127 53.1964 1.65508 -18.6576
GPRESSAVG: 155000 -367.221 41.2405 91.093 60.0651 -371.266 17.2401 52.9922 1.63027 -18.8286
ENERGY:  155000         0.0000         0.0000         0.0000         0.0000          -5674.7667       434.6302         0.0000         0.0000       936.3219          -4303.8146       297.4612     -5240.1365     -4301.2756       294.7342            131.3992       148.2678     22592.4248      -252.4491      -252.4386

WRITING COORDINATES TO DCD FILE MDequil.dcd AT STEP 155000
LDB: ============= START OF LOAD BALANCING ============== 496.966
LDB: ============== END OF LOAD BALANCING =============== 496.977
Info: useSync: 0 useProxySync: 0
LDB: =============== DONE WITH MIGRATION ================ 496.982
LDB: ============= START OF LOAD BALANCING ============== 497.423
LDB: Largest compute 145 load 0.018358 is 30.4% of average load 0.060318
LDB: Average compute 0.003999 is 6.6% of average load 0.060318
LDB: TIME 497.429 LOAD: AVG 0.060318 MAX 0.0910167  PROXIES: TOTAL 24 MAXPE 4 MAXPATCH 6 None MEM: 0.448026 MB
LDB: TIME 497.429 LOAD: AVG 0.060318 MAX 0.0910167  PROXIES: TOTAL 33 MAXPE 4 MAXPATCH 9 RefineTorusLB MEM: 0.448026 MB
LDB: TIME 497.429 LOAD: AVG 0.060318 MAX 0.0657067  PROXIES: TOTAL 33 MAXPE 4 MAXPATCH 9 RefineTorusLB MEM: 0.448026 MB
LDB: ============== END OF LOAD BALANCING =============== 497.435
Info: useSync: 0 useProxySync: 0
LDB: =============== DONE WITH MIGRATION ================ 497.479
LDB: ============= START OF LOAD BALANCING ============== 509.552
LDB: ============== END OF LOAD BALANCING =============== 509.552
Info: useSync: 0 useProxySync: 0
LDB: =============== DONE WITH MIGRATION ================ 509.56
LDB: ============= START OF LOAD BALANCING ============== 509.674
LDB: Largest compute 7 load 0.024349 is 44.7% of average load 0.054528
LDB: Average compute 0.003849 is 7.1% of average load 0.054528
LDB: TIME 509.674 LOAD: AVG 0.054528 MAX 0.0978856  PROXIES: TOTAL 24 MAXPE 4 MAXPATCH 6 None MEM: 0.448026 MB
LDB: TIME 509.674 LOAD: AVG 0.054528 MAX 0.0978856  PROXIES: TOTAL 33 MAXPE 4 MAXPATCH 9 RefineTorusLB MEM: 0.448026 MB
LDB: TIME 509.674 LOAD: AVG 0.054528 MAX 0.0590833  PROXIES: TOTAL 33 MAXPE 4 MAXPATCH 9 RefineTorusLB MEM: 0.448026 MB
LDB: ============== END OF LOAD BALANCING =============== 509.675
Info: useSync: 0 useProxySync: 0
LDB: =============== DONE WITH MIGRATION ================ 509.675
PRESSURE: 160000 -98.7472 -630.037 152.451 -559.167 193.254 29.3394 107.549 -197.994 -496.192
GPRESSURE: 160000 -163.89 -784.224 -185.319 -203.279 243.049 13.6808 137.766 -113.529 -412.756
PRESSAVG: 160000 -337.224 1.70297 56.9369 5.74013 -393.289 53.8019 -18.1176 11.2662 -14.6497
GPRESSAVG: 160000 -337.119 1.27952 57.1339 6.03391 -393.132 53.7696 -17.9103 11.0094 -14.5957
ENERGY:  160000         0.0000         0.0000         0.0000         0.0000          -5547.5493       379.9654         0.0000         0.0000       916.2163          -4251.3676       291.0739     -5167.5839     -4248.5154       296.9906           -133.8951      -111.1989     22621.7709      -248.3875      -248.2823

WRITING COORDINATES TO DCD FILE MDequil.dcd AT STEP 160000
LDB: ============= START OF LOAD BALANCING ============== 514.943
LDB: ============== END OF LOAD BALANCING =============== 514.943
Info: useSync: 0 useProxySync: 0
LDB: =============== DONE WITH MIGRATION ================ 514.943
LDB: ============= START OF LOAD BALANCING ============== 515.044
LDB: Largest compute 160 load 0.019677 is 37.5% of average load 0.052465
LDB: Average compute 0.003733 is 7.1% of average load 0.052465
LDB: TIME 515.045 LOAD: AVG 0.0524647 MAX 0.07401  PROXIES: TOTAL 24 MAXPE 4 MAXPATCH 6 None MEM: 0.448026 MB
LDB: TIME 515.045 LOAD: AVG 0.0524647 MAX 0.07401  PROXIES: TOTAL 33 MAXPE 4 MAXPATCH 9 RefineTorusLB MEM: 0.448026 MB
LDB: TIME 515.045 LOAD: AVG 0.0524647 MAX 0.057173  PROXIES: TOTAL 33 MAXPE 4 MAXPATCH 9 RefineTorusLB MEM: 0.448026 MB
LDB: ============== END OF LOAD BALANCING =============== 515.045
Info: useSync: 0 useProxySync: 0
LDB: =============== DONE WITH MIGRATION ================ 515.045
LDB: ============= START OF LOAD BALANCING ============== 519.75
LDB: ============== END OF LOAD BALANCING =============== 519.751
Info: useSync: 0 useProxySync: 0
LDB: =============== DONE WITH MIGRATION ================ 519.751
LDB: ============= START OF LOAD BALANCING ============== 519.929
LDB: Largest compute 164 load 0.045598 is 80.2% of average load 0.056821
LDB: Average compute 0.004031 is 7.1% of average load 0.056821
LDB: TIME 519.929 LOAD: AVG 0.0568213 MAX 0.113031  PROXIES: TOTAL 24 MAXPE 4 MAXPATCH 6 None MEM: 0.448026 MB
LDB: TIME 519.929 LOAD: AVG 0.0568213 MAX 0.113031  PROXIES: TOTAL 33 MAXPE 4 MAXPATCH 9 RefineTorusLB MEM: 0.448026 MB
LDB: TIME 519.929 LOAD: AVG 0.0568213 MAX 0.0613722  PROXIES: TOTAL 33 MAXPE 4 MAXPATCH 9 RefineTorusLB MEM: 0.448026 MB
LDB: ============== END OF LOAD BALANCING =============== 519.929
Info: useSync: 0 useProxySync: 0
LDB: =============== DONE WITH MIGRATION ================ 519.93
LDB: ============= START OF LOAD BALANCING ============== 525.872
LDB: ============== END OF LOAD BALANCING =============== 525.872
Info: useSync: 0 useProxySync: 0
LDB: =============== DONE WITH MIGRATION ================ 525.872
LDB: ============= START OF LOAD BALANCING ============== 525.972
LDB: Largest compute 143 load 0.020852 is 39.9% of average load 0.052324
LDB: Average compute 0.003691 is 7.1% of average load 0.052324
LDB: TIME 525.972 LOAD: AVG 0.0523245 MAX 0.0748315  PROXIES: TOTAL 24 MAXPE 4 MAXPATCH 6 None MEM: 0.448026 MB
LDB: TIME 525.973 LOAD: AVG 0.0523245 MAX 0.0748315  PROXIES: TOTAL 33 MAXPE 4 MAXPATCH 9 RefineTorusLB MEM: 0.448026 MB
LDB: TIME 525.973 LOAD: AVG 0.0523245 MAX 0.0564939  PROXIES: TOTAL 32 MAXPE 4 MAXPATCH 9 RefineTorusLB MEM: 0.448026 MB
LDB: ============== END OF LOAD BALANCING =============== 525.973
Info: useSync: 0 useProxySync: 0
LDB: =============== DONE WITH MIGRATION ================ 525.973
WRITING COORDINATES TO DCD FILE MDequil.dcd AT STEP 165000
PRESSURE: 165000 164.588 452.493 -39.8324 775.372 102.502 272.324 -325.002 590.793 553.055
GPRESSURE: 165000 -26.0503 470.439 101.922 737.903 197.562 616.253 -644.206 290.671 712.172
PRESSAVG: 165000 -344.781 -9.19536 -65.1428 13.153 -414.852 55.3673 -21.2799 40.5076 4.15827
GPRESSAVG: 165000 -344.578 -9.16708 -65.1971 12.8473 -414.854 55.3746 -21.6312 40.7103 4.27817
ENERGY:  165000         0.0000         0.0000         0.0000         0.0000          -5607.6705       426.4228         0.0000         0.0000       982.5613          -4198.6864       312.1511     -5181.2477     -4196.6480       299.4614            273.3819       294.5612     22733.4779      -251.8247      -251.7178

LDB: ============= START OF LOAD BALANCING ============== 530.64
LDB: ============== END OF LOAD BALANCING =============== 530.64
Info: useSync: 0 useProxySync: 0
LDB: =============== DONE WITH MIGRATION ================ 530.64
LDB: ============= START OF LOAD BALANCING ============== 530.743
LDB: Largest compute 149 load 0.019697 is 36.2% of average load 0.054392
LDB: Average compute 0.003849 is 7.1% of average load 0.054392
LDB: TIME 530.743 LOAD: AVG 0.0543915 MAX 0.0894958  PROXIES: TOTAL 24 MAXPE 4 MAXPATCH 6 None MEM: 0.448026 MB
LDB: TIME 530.743 LOAD: AVG 0.0543915 MAX 0.0894958  PROXIES: TOTAL 32 MAXPE 4 MAXPATCH 9 RefineTorusLB MEM: 0.448026 MB
LDB: TIME 530.743 LOAD: AVG 0.0543915 MAX 0.059775  PROXIES: TOTAL 32 MAXPE 4 MAXPATCH 9 RefineTorusLB MEM: 0.448026 MB
LDB: ============== END OF LOAD BALANCING =============== 530.743
Info: useSync: 0 useProxySync: 0
LDB: =============== DONE WITH MIGRATION ================ 530.744
LDB: ============= START OF LOAD BALANCING ============== 535.694
LDB: ============== END OF LOAD BALANCING =============== 535.695
Info: useSync: 0 useProxySync: 0
LDB: =============== DONE WITH MIGRATION ================ 535.695
LDB: ============= START OF LOAD BALANCING ============== 535.808
LDB: Largest compute 52 load 0.024406 is 42.6% of average load 0.057346
LDB: Average compute 0.004085 is 7.1% of average load 0.057346
LDB: TIME 535.809 LOAD: AVG 0.0573462 MAX 0.0874476  PROXIES: TOTAL 24 MAXPE 4 MAXPATCH 6 None MEM: 0.448026 MB
LDB: TIME 535.809 LOAD: AVG 0.0573462 MAX 0.0874476  PROXIES: TOTAL 32 MAXPE 4 MAXPATCH 9 RefineTorusLB MEM: 0.448026 MB
LDB: TIME 535.809 LOAD: AVG 0.0573462 MAX 0.0620028  PROXIES: TOTAL 32 MAXPE 4 MAXPATCH 9 RefineTorusLB MEM: 0.448026 MB
LDB: ============== END OF LOAD BALANCING =============== 535.809
Info: useSync: 0 useProxySync: 0
LDB: =============== DONE WITH MIGRATION ================ 535.809
PRESSURE: 170000 1327.64 -450.935 123.623 -538.209 -371.401 709.499 12.9089 429.677 814.858
GPRESSURE: 170000 1302.75 -121.155 160.265 -940.391 -343.111 605.39 -307.965 117.574 822.954
PRESSAVG: 170000 -335.412 39.7443 51.6903 51.5529 -217.191 -58.67 -37.4771 -55.7847 -35.4906
GPRESSAVG: 170000 -335.817 39.6123 51.8655 51.7943 -217.217 -58.7577 -37.0537 -55.4399 -35.2121
ENERGY:  170000         0.0000         0.0000         0.0000         0.0000          -5609.1519       438.2022         0.0000         0.0000       919.8009          -4251.1488       292.2127     -5170.9497     -4249.6210       298.4911            590.3658       594.1991     22543.1637      -196.0311      -196.0819

WRITING COORDINATES TO DCD FILE MDequil.dcd AT STEP 170000
LDB: ============= START OF LOAD BALANCING ============== 540.23
LDB: ============== END OF LOAD BALANCING =============== 540.23
Info: useSync: 0 useProxySync: 0
LDB: =============== DONE WITH MIGRATION ================ 540.237
LDB: ============= START OF LOAD BALANCING ============== 540.343
LDB: Largest compute 150 load 0.015935 is 28.8% of average load 0.055296
LDB: Average compute 0.003966 is 7.2% of average load 0.055296
LDB: TIME 540.343 LOAD: AVG 0.055296 MAX 0.0795229  PROXIES: TOTAL 24 MAXPE 4 MAXPATCH 6 None MEM: 0.448026 MB
LDB: TIME 540.343 LOAD: AVG 0.055296 MAX 0.0795229  PROXIES: TOTAL 32 MAXPE 4 MAXPATCH 9 RefineTorusLB MEM: 0.448026 MB
LDB: TIME 540.343 LOAD: AVG 0.055296 MAX 0.0597029  PROXIES: TOTAL 32 MAXPE 4 MAXPATCH 9 RefineTorusLB MEM: 0.448026 MB
LDB: ============== END OF LOAD BALANCING =============== 540.343
Info: useSync: 0 useProxySync: 0
LDB: =============== DONE WITH MIGRATION ================ 540.344
LDB: ============= START OF LOAD BALANCING ============== 544.771
LDB: ============== END OF LOAD BALANCING =============== 544.771
Info: useSync: 0 useProxySync: 0
LDB: =============== DONE WITH MIGRATION ================ 544.771
LDB: ============= START OF LOAD BALANCING ============== 544.868
LDB: Largest compute 56 load 0.017759 is 32.6% of average load 0.054534
LDB: Average compute 0.003837 is 7.0% of average load 0.054534
LDB: TIME 544.871 LOAD: AVG 0.0545343 MAX 0.0669694  PROXIES: TOTAL 24 MAXPE 4 MAXPATCH 6 None MEM: 0.448026 MB
LDB: TIME 544.871 LOAD: AVG 0.0545343 MAX 0.0669694  PROXIES: TOTAL 32 MAXPE 4 MAXPATCH 9 RefineTorusLB MEM: 0.448026 MB
LDB: TIME 544.871 LOAD: AVG 0.0545343 MAX 0.0595813  PROXIES: TOTAL 32 MAXPE 4 MAXPATCH 9 RefineTorusLB MEM: 0.448026 MB
LDB: ============== END OF LOAD BALANCING =============== 544.871
Info: useSync: 0 useProxySync: 0
LDB: =============== DONE WITH MIGRATION ================ 544.871
LDB: ============= START OF LOAD BALANCING ============== 549.275
LDB: ============== END OF LOAD BALANCING =============== 549.275
Info: useSync: 0 useProxySync: 0
LDB: =============== DONE WITH MIGRATION ================ 549.275
LDB: ============= START OF LOAD BALANCING ============== 549.387
LDB: Largest compute 166 load 0.021728 is 38.2% of average load 0.056818
LDB: Average compute 0.004058 is 7.1% of average load 0.056818
LDB: TIME 549.388 LOAD: AVG 0.0568177 MAX 0.097215  PROXIES: TOTAL 24 MAXPE 4 MAXPATCH 6 None MEM: 0.448026 MB
LDB: TIME 549.388 LOAD: AVG 0.0568177 MAX 0.097215  PROXIES: TOTAL 32 MAXPE 4 MAXPATCH 9 RefineTorusLB MEM: 0.448026 MB
LDB: TIME 549.388 LOAD: AVG 0.0568177 MAX 0.0615938  PROXIES: TOTAL 32 MAXPE 4 MAXPATCH 9 RefineTorusLB MEM: 0.448026 MB
LDB: ============== END OF LOAD BALANCING =============== 549.388
Info: useSync: 0 useProxySync: 0
LDB: =============== DONE WITH MIGRATION ================ 549.389
PRESSURE: 175000 -636.875 -230.061 32.7475 -188.741 -538.866 328.704 19.3548 244.16 440.445
GPRESSURE: 175000 -638.074 -226.147 21.2338 -286.162 -502.463 244.385 141.514 -88.5362 497.469
PRESSAVG: 175000 -332.391 -34.8355 -45.0594 -39.2153 -331.407 -29.7687 -15.5533 59.8414 23.6695
GPRESSAVG: 175000 -332.456 -34.8987 -45.2471 -39.3802 -331.23 -29.7403 -15.916 60.2013 23.4164
ENERGY:  175000         0.0000         0.0000         0.0000         0.0000          -5676.7449       407.7111         0.0000         0.0000       940.4812          -4328.5526       298.7826     -5269.0338     -4326.4560       301.8278           -245.0987      -214.3559     22521.4416      -213.3762      -213.4232

WRITING COORDINATES TO DCD FILE MDequil.dcd AT STEP 175000
LDB: ============= START OF LOAD BALANCING ============== 553.877
LDB: ============== END OF LOAD BALANCING =============== 553.877
Info: useSync: 0 useProxySync: 0
LDB: =============== DONE WITH MIGRATION ================ 553.877
LDB: ============= START OF LOAD BALANCING ============== 553.989
LDB: Largest compute 161 load 0.018645 is 34.1% of average load 0.054752
LDB: Average compute 0.003868 is 7.1% of average load 0.054752
LDB: TIME 553.989 LOAD: AVG 0.0547523 MAX 0.0968566  PROXIES: TOTAL 24 MAXPE 4 MAXPATCH 6 None MEM: 0.448026 MB
LDB: TIME 553.989 LOAD: AVG 0.0547523 MAX 0.0968566  PROXIES: TOTAL 32 MAXPE 4 MAXPATCH 9 RefineTorusLB MEM: 0.448026 MB
LDB: TIME 553.99 LOAD: AVG 0.0547523 MAX 0.0598466  PROXIES: TOTAL 32 MAXPE 4 MAXPATCH 9 RefineTorusLB MEM: 0.448026 MB
LDB: ============== END OF LOAD BALANCING =============== 553.99
Info: useSync: 0 useProxySync: 0
LDB: =============== DONE WITH MIGRATION ================ 553.99
LDB: ============= START OF LOAD BALANCING ============== 558.528
LDB: ============== END OF LOAD BALANCING =============== 558.529
Info: useSync: 0 useProxySync: 0
LDB: =============== DONE WITH MIGRATION ================ 558.529
LDB: ============= START OF LOAD BALANCING ============== 558.638
LDB: Largest compute 148 load 0.019053 is 35.0% of average load 0.054483
LDB: Average compute 0.003883 is 7.1% of average load 0.054483
LDB: TIME 558.638 LOAD: AVG 0.0544827 MAX 0.0921824  PROXIES: TOTAL 24 MAXPE 4 MAXPATCH 6 None MEM: 0.448026 MB
LDB: TIME 558.638 LOAD: AVG 0.0544827 MAX 0.0921824  PROXIES: TOTAL 32 MAXPE 4 MAXPATCH 9 RefineTorusLB MEM: 0.448026 MB
LDB: TIME 558.638 LOAD: AVG 0.0544827 MAX 0.0594387  PROXIES: TOTAL 32 MAXPE 4 MAXPATCH 9 RefineTorusLB MEM: 0.448026 MB
LDB: ============== END OF LOAD BALANCING =============== 558.638
Info: useSync: 0 useProxySync: 0
LDB: =============== DONE WITH MIGRATION ================ 558.639
PRESSURE: 180000 421.409 106.01 495.711 -1.9505 -818.1 494.796 794.366 868.123 731.722
GPRESSURE: 180000 843.906 220.719 834.737 -205.55 -897.142 280.997 448.61 868.5 464.829
PRESSAVG: 180000 -325.027 6.57245 0.390536 6.99635 -273.364 -26.5906 -18.5373 74.02 14.0953
GPRESSAVG: 180000 -324.837 6.55956 0.520242 6.70825 -273.501 -26.1471 -18.1603 73.6354 13.6699
ENERGY:  180000         0.0000         0.0000         0.0000         0.0000          -5595.3367       387.3050         0.0000         0.0000       970.4564          -4237.5753       308.3055     -5208.0317     -4236.2877       295.8636            111.6768       137.1980     22565.5710      -194.7653      -194.8895

WRITING COORDINATES TO DCD FILE MDequil.dcd AT STEP 180000
LDB: ============= START OF LOAD BALANCING ============== 564.194
LDB: ============== END OF LOAD BALANCING =============== 564.194
Info: useSync: 0 useProxySync: 0
LDB: =============== DONE WITH MIGRATION ================ 564.195
LDB: ============= START OF LOAD BALANCING ============== 564.308
LDB: Largest compute 52 load 0.026084 is 48.1% of average load 0.054233
LDB: Average compute 0.003880 is 7.2% of average load 0.054233
LDB: TIME 564.309 LOAD: AVG 0.0542331 MAX 0.0761887  PROXIES: TOTAL 24 MAXPE 4 MAXPATCH 6 None MEM: 0.448026 MB
LDB: TIME 564.309 LOAD: AVG 0.0542331 MAX 0.0761887  PROXIES: TOTAL 32 MAXPE 4 MAXPATCH 9 RefineTorusLB MEM: 0.448026 MB
LDB: TIME 564.309 LOAD: AVG 0.0542331 MAX 0.0590802  PROXIES: TOTAL 32 MAXPE 4 MAXPATCH 9 RefineTorusLB MEM: 0.448026 MB
LDB: ============== END OF LOAD BALANCING =============== 564.309
Info: useSync: 0 useProxySync: 0
LDB: =============== DONE WITH MIGRATION ================ 564.309
LDB: ============= START OF LOAD BALANCING ============== 569.708
LDB: ============== END OF LOAD BALANCING =============== 569.708
Info: useSync: 0 useProxySync: 0
LDB: =============== DONE WITH MIGRATION ================ 569.708
LDB: ============= START OF LOAD BALANCING ============== 569.82
LDB: Largest compute 136 load 0.032328 is 59.3% of average load 0.054487
LDB: Average compute 0.003875 is 7.1% of average load 0.054487
LDB: TIME 569.82 LOAD: AVG 0.0544871 MAX 0.0956656  PROXIES: TOTAL 24 MAXPE 4 MAXPATCH 6 None MEM: 0.448026 MB
LDB: TIME 569.82 LOAD: AVG 0.0544871 MAX 0.0956656  PROXIES: TOTAL 32 MAXPE 4 MAXPATCH 9 RefineTorusLB MEM: 0.448026 MB
LDB: TIME 569.82 LOAD: AVG 0.0544871 MAX 0.0588391  PROXIES: TOTAL 33 MAXPE 4 MAXPATCH 9 RefineTorusLB MEM: 0.448026 MB
LDB: ============== END OF LOAD BALANCING =============== 569.82
Info: useSync: 0 useProxySync: 0
LDB: =============== DONE WITH MIGRATION ================ 569.821
LDB: ============= START OF LOAD BALANCING ============== 574.471
LDB: ============== END OF LOAD BALANCING =============== 574.471
Info: useSync: 0 useProxySync: 0
LDB: =============== DONE WITH MIGRATION ================ 574.471
LDB: ============= START OF LOAD BALANCING ============== 574.577
LDB: Largest compute 145 load 0.022991 is 41.9% of average load 0.054926
LDB: Average compute 0.003912 is 7.1% of average load 0.054926
LDB: TIME 574.577 LOAD: AVG 0.0549255 MAX 0.100499  PROXIES: TOTAL 24 MAXPE 4 MAXPATCH 6 None MEM: 0.448026 MB
LDB: TIME 574.577 LOAD: AVG 0.0549255 MAX 0.100499  PROXIES: TOTAL 33 MAXPE 4 MAXPATCH 9 RefineTorusLB MEM: 0.448026 MB
LDB: TIME 574.577 LOAD: AVG 0.0549255 MAX 0.0597522  PROXIES: TOTAL 34 MAXPE 4 MAXPATCH 10 RefineTorusLB MEM: 0.448026 MB
LDB: ============== END OF LOAD BALANCING =============== 574.577
Info: useSync: 0 useProxySync: 0
LDB: =============== DONE WITH MIGRATION ================ 574.578
PRESSURE: 185000 719.063 434.842 -234.419 676.216 -267.653 -312.148 106.252 -237.012 1240.25
GPRESSURE: 185000 681.292 550.679 12.6822 540.042 -264.767 -317.155 168.741 -131.674 1311.88
PRESSAVG: 185000 -376.227 56.036 28.9719 95.2156 -344.644 -121.524 -0.420367 -9.80196 12.1485
GPRESSAVG: 185000 -376.997 55.7891 28.6853 95.3201 -344.147 -121.836 -0.431273 -9.11415 12.2195
ENERGY:  185000         0.0000         0.0000         0.0000         0.0000          -5653.9456       455.7090         0.0000         0.0000       968.7449          -4229.4917       307.7618     -5198.2366     -4227.5110       298.5913            563.8873       576.1359     22834.6333      -236.2408      -236.3081

WRITING COORDINATES TO DCD FILE MDequil.dcd AT STEP 185000
LDB: ============= START OF LOAD BALANCING ============== 579.021
LDB: ============== END OF LOAD BALANCING =============== 579.021
Info: useSync: 0 useProxySync: 0
LDB: =============== DONE WITH MIGRATION ================ 579.021
LDB: ============= START OF LOAD BALANCING ============== 579.128
LDB: Largest compute 161 load 0.019137 is 34.6% of average load 0.055341
LDB: Average compute 0.003926 is 7.1% of average load 0.055341
LDB: TIME 579.128 LOAD: AVG 0.0553414 MAX 0.0998929  PROXIES: TOTAL 24 MAXPE 4 MAXPATCH 6 None MEM: 0.448026 MB
LDB: TIME 579.128 LOAD: AVG 0.0553414 MAX 0.0998929  PROXIES: TOTAL 34 MAXPE 4 MAXPATCH 10 RefineTorusLB MEM: 0.448026 MB
LDB: TIME 579.128 LOAD: AVG 0.0553414 MAX 0.0602323  PROXIES: TOTAL 34 MAXPE 4 MAXPATCH 10 RefineTorusLB MEM: 0.448026 MB
LDB: ============== END OF LOAD BALANCING =============== 579.128
Info: useSync: 0 useProxySync: 0
LDB: =============== DONE WITH MIGRATION ================ 579.128
LDB: ============= START OF LOAD BALANCING ============== 584.44
LDB: ============== END OF LOAD BALANCING =============== 584.44
Info: useSync: 0 useProxySync: 0
LDB: =============== DONE WITH MIGRATION ================ 584.44
LDB: ============= START OF LOAD BALANCING ============== 584.578
LDB: Largest compute 161 load 0.023603 is 44.4% of average load 0.053168
LDB: Average compute 0.003778 is 7.1% of average load 0.053168
LDB: TIME 584.578 LOAD: AVG 0.0531677 MAX 0.0729173  PROXIES: TOTAL 24 MAXPE 4 MAXPATCH 6 None MEM: 0.448026 MB
LDB: TIME 584.578 LOAD: AVG 0.0531677 MAX 0.0729173  PROXIES: TOTAL 34 MAXPE 4 MAXPATCH 10 RefineTorusLB MEM: 0.448026 MB
LDB: TIME 584.578 LOAD: AVG 0.0531677 MAX 0.0559801  PROXIES: TOTAL 34 MAXPE 4 MAXPATCH 10 RefineTorusLB MEM: 0.448026 MB
LDB: ============== END OF LOAD BALANCING =============== 584.578
Info: useSync: 0 useProxySync: 0
LDB: =============== DONE WITH MIGRATION ================ 584.591
PRESSURE: 190000 -432.172 270.393 216.373 503.526 -331.918 14.5168 672.218 -11.1034 728.086
GPRESSURE: 190000 -216.153 361.012 557.868 545.099 -339.757 237.317 428.814 140.804 551.475
PRESSAVG: 190000 -333.6 62.4167 13.5755 62.8274 -404.452 -50.4048 -22.5762 -16.8967 19.0554
GPRESSAVG: 190000 -333.339 61.8624 13.6664 63.1576 -404.629 -50.4419 -22.2119 -17.1838 19.2478
ENERGY:  190000         0.0000         0.0000         0.0000         0.0000          -5545.4412       396.7796         0.0000         0.0000       916.5901          -4232.0715       291.1926     -5148.6616     -4230.4916       300.9239            -12.0010        -1.4782     22790.5086      -239.6653      -239.5734

WRITING COORDINATES TO DCD FILE MDequil.dcd AT STEP 190000
LDB: ============= START OF LOAD BALANCING ============== 589.862
LDB: ============== END OF LOAD BALANCING =============== 589.864
Info: useSync: 0 useProxySync: 0
LDB: =============== DONE WITH MIGRATION ================ 589.866
LDB: ============= START OF LOAD BALANCING ============== 589.962
LDB: Largest compute 7 load 0.019692 is 37.0% of average load 0.053234
LDB: Average compute 0.003782 is 7.1% of average load 0.053234
LDB: TIME 589.964 LOAD: AVG 0.0532344 MAX 0.0748305  PROXIES: TOTAL 24 MAXPE 4 MAXPATCH 6 None MEM: 0.448026 MB
LDB: TIME 589.964 LOAD: AVG 0.0532344 MAX 0.0748305  PROXIES: TOTAL 34 MAXPE 4 MAXPATCH 10 RefineTorusLB MEM: 0.448026 MB
LDB: TIME 589.964 LOAD: AVG 0.0532344 MAX 0.0581417  PROXIES: TOTAL 34 MAXPE 4 MAXPATCH 10 RefineTorusLB MEM: 0.448026 MB
LDB: ============== END OF LOAD BALANCING =============== 589.967
Info: useSync: 0 useProxySync: 0
LDB: =============== DONE WITH MIGRATION ================ 589.97
LDB: ============= START OF LOAD BALANCING ============== 594.56
LDB: ============== END OF LOAD BALANCING =============== 594.56
Info: useSync: 0 useProxySync: 0
LDB: =============== DONE WITH MIGRATION ================ 594.574
LDB: ============= START OF LOAD BALANCING ============== 594.743
LDB: Largest compute 160 load 0.025058 is 43.7% of average load 0.057378
LDB: Average compute 0.004039 is 7.0% of average load 0.057378
LDB: TIME 594.744 LOAD: AVG 0.057378 MAX 0.107157  PROXIES: TOTAL 24 MAXPE 4 MAXPATCH 6 None MEM: 0.448026 MB
LDB: TIME 594.744 LOAD: AVG 0.057378 MAX 0.107157  PROXIES: TOTAL 34 MAXPE 4 MAXPATCH 10 RefineTorusLB MEM: 0.448026 MB
LDB: TIME 594.744 LOAD: AVG 0.057378 MAX 0.0629199  PROXIES: TOTAL 34 MAXPE 4 MAXPATCH 10 RefineTorusLB MEM: 0.448026 MB
LDB: ============== END OF LOAD BALANCING =============== 594.754
Info: useSync: 0 useProxySync: 0
LDB: =============== DONE WITH MIGRATION ================ 594.759
LDB: ============= START OF LOAD BALANCING ============== 599.945
LDB: ============== END OF LOAD BALANCING =============== 599.95
Info: useSync: 0 useProxySync: 0
LDB: =============== DONE WITH MIGRATION ================ 599.957
LDB: ============= START OF LOAD BALANCING ============== 600.11
LDB: Largest compute 161 load 0.025494 is 47.0% of average load 0.054284
LDB: Average compute 0.003757 is 6.9% of average load 0.054284
LDB: TIME 600.11 LOAD: AVG 0.0542844 MAX 0.0671999  PROXIES: TOTAL 24 MAXPE 4 MAXPATCH 6 None MEM: 0.448026 MB
LDB: TIME 600.11 LOAD: AVG 0.0542844 MAX 0.0671999  PROXIES: TOTAL 34 MAXPE 4 MAXPATCH 10 RefineTorusLB MEM: 0.448026 MB
LDB: TIME 600.11 LOAD: AVG 0.0542844 MAX 0.0579628  PROXIES: TOTAL 33 MAXPE 4 MAXPATCH 10 RefineTorusLB MEM: 0.448026 MB
LDB: ============== END OF LOAD BALANCING =============== 600.11
Info: useSync: 0 useProxySync: 0
LDB: =============== DONE WITH MIGRATION ================ 600.111
PRESSURE: 195000 -279.246 -812.723 -399.097 -785.706 582.683 46.3864 -390.106 41.893 22.2451
GPRESSURE: 195000 -242.264 -1020.48 -324.853 -716.388 424.521 35.493 -485.997 358.003 145.161
PRESSAVG: 195000 -337.459 15.184 -28.2892 -3.08487 -223.874 42.694 -68.5604 27.0719 7.98552
GPRESSAVG: 195000 -337.499 15.243 -28.0151 -2.64423 -224.073 42.8202 -68.7931 27.0908 7.68988
ENERGY:  195000         0.0000         0.0000         0.0000         0.0000          -5663.8755       432.0609         0.0000         0.0000       930.4448          -4301.3698       295.5942     -5231.8147     -4299.0582       297.8703            108.5605       109.1396     22361.1699      -184.4491      -184.6273

WRITING COORDINATES TO DCD FILE MDequil.dcd AT STEP 195000
LDB: ============= START OF LOAD BALANCING ============== 605.721
LDB: ============== END OF LOAD BALANCING =============== 605.724
Info: useSync: 0 useProxySync: 0
LDB: =============== DONE WITH MIGRATION ================ 605.724
LDB: ============= START OF LOAD BALANCING ============== 605.877
LDB: Largest compute 159 load 0.019030 is 35.9% of average load 0.053078
LDB: Average compute 0.003785 is 7.1% of average load 0.053078
LDB: TIME 605.877 LOAD: AVG 0.0530781 MAX 0.079023  PROXIES: TOTAL 24 MAXPE 4 MAXPATCH 6 None MEM: 0.448026 MB
LDB: TIME 605.877 LOAD: AVG 0.0530781 MAX 0.079023  PROXIES: TOTAL 33 MAXPE 4 MAXPATCH 10 RefineTorusLB MEM: 0.448026 MB
LDB: TIME 605.877 LOAD: AVG 0.0530781 MAX 0.0576245  PROXIES: TOTAL 34 MAXPE 4 MAXPATCH 10 RefineTorusLB MEM: 0.448026 MB
LDB: ============== END OF LOAD BALANCING =============== 605.877
Info: useSync: 0 useProxySync: 0
LDB: =============== DONE WITH MIGRATION ================ 605.878
LDB: ============= START OF LOAD BALANCING ============== 611.12
LDB: ============== END OF LOAD BALANCING =============== 611.121
Info: useSync: 0 useProxySync: 0
LDB: =============== DONE WITH MIGRATION ================ 611.121
LDB: ============= START OF LOAD BALANCING ============== 611.23
LDB: Largest compute 160 load 0.018646 is 33.0% of average load 0.056434
LDB: Average compute 0.003921 is 6.9% of average load 0.056434
LDB: TIME 611.234 LOAD: AVG 0.0564342 MAX 0.0720754  PROXIES: TOTAL 24 MAXPE 4 MAXPATCH 6 None MEM: 0.448026 MB
LDB: TIME 611.234 LOAD: AVG 0.0564342 MAX 0.0720754  PROXIES: TOTAL 34 MAXPE 4 MAXPATCH 10 RefineTorusLB MEM: 0.448026 MB
LDB: TIME 611.234 LOAD: AVG 0.0564342 MAX 0.0615816  PROXIES: TOTAL 34 MAXPE 4 MAXPATCH 10 RefineTorusLB MEM: 0.448026 MB
LDB: ============== END OF LOAD BALANCING =============== 611.234
Info: useSync: 0 useProxySync: 0
LDB: =============== DONE WITH MIGRATION ================ 611.237
PRESSURE: 200000 -497.844 59.6226 116.029 -107.85 -1290.09 715.824 -23.9221 581.16 -481.491
GPRESSURE: 200000 -375.322 266.406 37.3576 121.556 -1323.27 446.17 -140.314 847.273 -477.942
PRESSAVG: 200000 -359.119 63.8572 -21.4186 87.9678 -326.98 39.908 -38.9024 13.6473 12.7846
GPRESSAVG: 200000 -359.514 64.2524 -21.9299 87.6109 -327.05 39.9645 -38.4303 13.8799 12.846
TIMING: 200000  CPU: 541.908, 0.00277812/step  Wall: 602.16, 0.00309856/step, 0.258213 hours remaining, 0.448026 MB of memory in use.
PERFORMANCE: 200000  averaging 57.3944 ns/day, 0.00301074 sec/step with standard deviation 0.000504083
ETITLE:      TS           BOND          ANGLE          DIHED          IMPRP               ELECT            VDW       BOUNDARY           MISC        KINETIC               TOTAL           TEMP      POTENTIAL         TOTAL3        TEMPAVG            PRESSURE      GPRESSURE         VOLUME       PRESSAVG      GPRESSAVG

ENERGY:  200000         0.0000         0.0000         0.0000         0.0000          -5580.0844       375.6301         0.0000         0.0000       952.0460          -4252.4083       302.4567     -5204.4543     -4249.7525       295.0416           -756.4739      -725.5130     23123.8769      -224.4382      -224.5727

WRITING EXTENDED SYSTEM TO RESTART FILE AT STEP 200000
WRITING COORDINATES TO DCD FILE MDequil.dcd AT STEP 200000
WRITING COORDINATES TO RESTART FILE AT STEP 200000
FINISHED WRITING RESTART COORDINATES
WRITING VELOCITIES TO RESTART FILE AT STEP 200000
FINISHED WRITING RESTART VELOCITIES
The last velocity output (seq=200000) takes 0.000 seconds, 0.448 MB of memory in use
LDB: ============= START OF LOAD BALANCING ============== 615.78
LDB: ============== END OF LOAD BALANCING =============== 615.783
Info: useSync: 0 useProxySync: 0
LDB: =============== DONE WITH MIGRATION ================ 615.79
LDB: ============= START OF LOAD BALANCING ============== 615.937
LDB: Largest compute 136 load 0.030544 is 54.7% of average load 0.055833
LDB: Average compute 0.003893 is 7.0% of average load 0.055833
LDB: TIME 615.938 LOAD: AVG 0.055833 MAX 0.0975417  PROXIES: TOTAL 24 MAXPE 4 MAXPATCH 6 None MEM: 0.448026 MB
LDB: TIME 615.938 LOAD: AVG 0.055833 MAX 0.0975417  PROXIES: TOTAL 34 MAXPE 4 MAXPATCH 10 RefineTorusLB MEM: 0.448026 MB
LDB: TIME 615.938 LOAD: AVG 0.055833 MAX 0.0627579  PROXIES: TOTAL 34 MAXPE 4 MAXPATCH 9 RefineTorusLB MEM: 0.448026 MB
LDB: ============== END OF LOAD BALANCING =============== 615.938
Info: useSync: 0 useProxySync: 0
LDB: =============== DONE WITH MIGRATION ================ 615.941
LDB: ============= START OF LOAD BALANCING ============== 620.24
LDB: ============== END OF LOAD BALANCING =============== 620.24
Info: useSync: 0 useProxySync: 0
LDB: =============== DONE WITH MIGRATION ================ 620.24
LDB: ============= START OF LOAD BALANCING ============== 620.352
LDB: Largest compute 148 load 0.018175 is 32.0% of average load 0.056800
LDB: Average compute 0.004018 is 7.1% of average load 0.056800
LDB: TIME 620.352 LOAD: AVG 0.0568001 MAX 0.0914732  PROXIES: TOTAL 24 MAXPE 4 MAXPATCH 6 None MEM: 0.448026 MB
LDB: TIME 620.352 LOAD: AVG 0.0568001 MAX 0.0914732  PROXIES: TOTAL 34 MAXPE 4 MAXPATCH 9 RefineTorusLB MEM: 0.448026 MB
LDB: TIME 620.352 LOAD: AVG 0.0568001 MAX 0.0619357  PROXIES: TOTAL 34 MAXPE 4 MAXPATCH 9 RefineTorusLB MEM: 0.448026 MB
LDB: ============== END OF LOAD BALANCING =============== 620.352
Info: useSync: 0 useProxySync: 0
LDB: =============== DONE WITH MIGRATION ================ 620.353
LDB: ============= START OF LOAD BALANCING ============== 625.109
LDB: ============== END OF LOAD BALANCING =============== 625.109
Info: useSync: 0 useProxySync: 0
LDB: =============== DONE WITH MIGRATION ================ 625.11
LDB: ============= START OF LOAD BALANCING ============== 625.221
LDB: Largest compute 6 load 0.027595 is 50.6% of average load 0.054521
LDB: Average compute 0.003851 is 7.1% of average load 0.054521
LDB: TIME 625.221 LOAD: AVG 0.0545211 MAX 0.0877309  PROXIES: TOTAL 24 MAXPE 4 MAXPATCH 6 None MEM: 0.448026 MB
LDB: TIME 625.221 LOAD: AVG 0.0545211 MAX 0.0877309  PROXIES: TOTAL 34 MAXPE 4 MAXPATCH 9 RefineTorusLB MEM: 0.448026 MB
LDB: TIME 625.221 LOAD: AVG 0.0545211 MAX 0.0594891  PROXIES: TOTAL 34 MAXPE 4 MAXPATCH 10 RefineTorusLB MEM: 0.448026 MB
LDB: ============== END OF LOAD BALANCING =============== 625.221
Info: useSync: 0 useProxySync: 0
LDB: =============== DONE WITH MIGRATION ================ 625.222
WRITING COORDINATES TO DCD FILE MDequil.dcd AT STEP 205000
PRESSURE: 205000 -232.768 416.794 20.7395 426.121 -344.261 -283.539 -281.374 -675.908 -617.703
GPRESSURE: 205000 -181.879 518.333 223.123 280.976 -359.329 -217.626 -481.023 -732.713 -615.459
PRESSAVG: 205000 -395.901 7.55264 74.5565 13.8291 -395.66 -3.96797 72.1248 -46.9234 15.3858
GPRESSAVG: 205000 -395.627 7.61698 74.9411 13.5626 -395.487 -4.25726 71.9469 -46.7508 15.1592
ENERGY:  205000         0.0000         0.0000         0.0000         0.0000          -5626.0531       373.0141         0.0000         0.0000       931.9176          -4321.1213       296.0620     -5253.0390     -4318.5656       297.3949           -398.2440      -385.5556     22591.1025      -258.7251      -258.6515

LDB: ============= START OF LOAD BALANCING ============== 629.821
LDB: ============== END OF LOAD BALANCING =============== 629.822
Info: useSync: 0 useProxySync: 0
LDB: =============== DONE WITH MIGRATION ================ 629.822
LDB: ============= START OF LOAD BALANCING ============== 629.927
LDB: Largest compute 66 load 0.023123 is 40.2% of average load 0.057488
LDB: Average compute 0.003909 is 6.8% of average load 0.057488
LDB: TIME 629.927 LOAD: AVG 0.0574885 MAX 0.0785129  PROXIES: TOTAL 24 MAXPE 4 MAXPATCH 6 None MEM: 0.448026 MB
LDB: TIME 629.927 LOAD: AVG 0.0574885 MAX 0.0785129  PROXIES: TOTAL 34 MAXPE 4 MAXPATCH 10 RefineTorusLB MEM: 0.448026 MB
LDB: TIME 629.927 LOAD: AVG 0.0574885 MAX 0.062783  PROXIES: TOTAL 33 MAXPE 4 MAXPATCH 9 RefineTorusLB MEM: 0.448026 MB
LDB: ============== END OF LOAD BALANCING =============== 629.935
Info: useSync: 0 useProxySync: 0
LDB: =============== DONE WITH MIGRATION ================ 629.935
LDB: ============= START OF LOAD BALANCING ============== 634.005
LDB: ============== END OF LOAD BALANCING =============== 634.006
Info: useSync: 0 useProxySync: 0
LDB: =============== DONE WITH MIGRATION ================ 634.006
LDB: ============= START OF LOAD BALANCING ============== 634.14
LDB: Largest compute 146 load 0.029908 is 55.1% of average load 0.054285
LDB: Average compute 0.003882 is 7.2% of average load 0.054285
LDB: TIME 634.14 LOAD: AVG 0.0542848 MAX 0.0826549  PROXIES: TOTAL 24 MAXPE 4 MAXPATCH 6 None MEM: 0.448026 MB
LDB: TIME 634.14 LOAD: AVG 0.0542848 MAX 0.0826549  PROXIES: TOTAL 33 MAXPE 4 MAXPATCH 9 RefineTorusLB MEM: 0.448026 MB
LDB: TIME 634.141 LOAD: AVG 0.0542848 MAX 0.059145  PROXIES: TOTAL 33 MAXPE 4 MAXPATCH 9 RefineTorusLB MEM: 0.448026 MB
LDB: ============== END OF LOAD BALANCING =============== 634.141
Info: useSync: 0 useProxySync: 0
LDB: =============== DONE WITH MIGRATION ================ 634.141
PRESSURE: 210000 -550.184 -292.126 -217.798 -169.017 -28.8667 -271.477 518.5 213.016 -153.818
GPRESSURE: 210000 -518.305 -474.187 -170.188 54.5285 -75.1181 -518.012 215.803 286.751 -94.0589
PRESSAVG: 210000 -366.897 -17.5673 61.0672 -21.8446 -332.394 -22.7481 30.2999 -39.5747 11.2621
GPRESSAVG: 210000 -367.216 -17.7471 61.4671 -21.4196 -332.377 -22.9053 30.3177 -40.3794 11.8208
ENERGY:  210000         0.0000         0.0000         0.0000         0.0000          -5523.5139       393.2149         0.0000         0.0000       943.3693          -4186.9297       299.7001     -5130.2990     -4183.4035       301.6146           -244.2895      -229.1607     22703.7696      -229.3428      -229.2576

WRITING COORDINATES TO DCD FILE MDequil.dcd AT STEP 210000
LDB: ============= START OF LOAD BALANCING ============== 639.526
LDB: ============== END OF LOAD BALANCING =============== 639.526
Info: useSync: 0 useProxySync: 0
LDB: =============== DONE WITH MIGRATION ================ 639.526
LDB: ============= START OF LOAD BALANCING ============== 639.649
LDB: Largest compute 161 load 0.017870 is 32.0% of average load 0.055915
LDB: Average compute 0.003984 is 7.1% of average load 0.055915
LDB: TIME 639.657 LOAD: AVG 0.055915 MAX 0.0966744  PROXIES: TOTAL 24 MAXPE 4 MAXPATCH 6 None MEM: 0.448026 MB
LDB: TIME 639.657 LOAD: AVG 0.055915 MAX 0.0966744  PROXIES: TOTAL 33 MAXPE 4 MAXPATCH 9 RefineTorusLB MEM: 0.448026 MB
LDB: TIME 639.658 LOAD: AVG 0.055915 MAX 0.0605337  PROXIES: TOTAL 34 MAXPE 4 MAXPATCH 9 RefineTorusLB MEM: 0.448026 MB
LDB: ============== END OF LOAD BALANCING =============== 639.658
Info: useSync: 0 useProxySync: 0
LDB: =============== DONE WITH MIGRATION ================ 639.658
LDB: ============= START OF LOAD BALANCING ============== 644.138
LDB: ============== END OF LOAD BALANCING =============== 644.138
Info: useSync: 0 useProxySync: 0
LDB: =============== DONE WITH MIGRATION ================ 644.151
LDB: ============= START OF LOAD BALANCING ============== 644.324
LDB: Largest compute 6 load 0.025938 is 45.0% of average load 0.057642
LDB: Average compute 0.004138 is 7.2% of average load 0.057642
LDB: TIME 644.324 LOAD: AVG 0.0576418 MAX 0.128472  PROXIES: TOTAL 24 MAXPE 4 MAXPATCH 6 None MEM: 0.448026 MB
LDB: TIME 644.324 LOAD: AVG 0.0576418 MAX 0.128472  PROXIES: TOTAL 34 MAXPE 4 MAXPATCH 9 RefineTorusLB MEM: 0.448026 MB
LDB: TIME 644.324 LOAD: AVG 0.0576418 MAX 0.0629689  PROXIES: TOTAL 34 MAXPE 4 MAXPATCH 9 RefineTorusLB MEM: 0.448026 MB
LDB: ============== END OF LOAD BALANCING =============== 644.325
Info: useSync: 0 useProxySync: 0
LDB: =============== DONE WITH MIGRATION ================ 644.325
LDB: ============= START OF LOAD BALANCING ============== 655.377
LDB: ============== END OF LOAD BALANCING =============== 655.384
Info: useSync: 0 useProxySync: 0
LDB: =============== DONE WITH MIGRATION ================ 655.386
LDB: ============= START OF LOAD BALANCING ============== 655.916
LDB: Largest compute 158 load 0.020323 is 33.7% of average load 0.060383
LDB: Average compute 0.004147 is 6.9% of average load 0.060383
LDB: TIME 655.919 LOAD: AVG 0.0603828 MAX 0.103031  PROXIES: TOTAL 24 MAXPE 4 MAXPATCH 6 None MEM: 0.448026 MB
LDB: TIME 655.919 LOAD: AVG 0.0603828 MAX 0.103031  PROXIES: TOTAL 34 MAXPE 4 MAXPATCH 9 RefineTorusLB MEM: 0.448026 MB
LDB: TIME 655.919 LOAD: AVG 0.0603828 MAX 0.0659811  PROXIES: TOTAL 34 MAXPE 4 MAXPATCH 9 RefineTorusLB MEM: 0.448026 MB
LDB: ============== END OF LOAD BALANCING =============== 655.929
Info: useSync: 0 useProxySync: 0
LDB: =============== DONE WITH MIGRATION ================ 655.989
PRESSURE: 215000 383.936 -398.364 101.56 -88.0938 709.907 -112.907 -72.1781 -18.2953 1051.72
GPRESSURE: 215000 485.566 -77.9271 17.0322 -338.98 668.679 -161.108 71.3751 277.801 1084.32
PRESSAVG: 215000 -314.333 6.34999 -20.7797 64.3848 -264.832 57.0693 23.1985 -18.17 1.77729
GPRESSAVG: 215000 -314.079 6.61594 -20.9931 64.4391 -264.804 57.3045 22.9859 -17.8604 1.42467
ENERGY:  215000         0.0000         0.0000         0.0000         0.0000          -5619.5711       432.2094         0.0000         0.0000       978.4749          -4208.8867       310.8529     -5187.3616     -4207.1909       307.2350            715.1884       746.1878     22575.9844      -192.4627      -192.4862

WRITING COORDINATES TO DCD FILE MDequil.dcd AT STEP 215000
LDB: ============= START OF LOAD BALANCING ============== 672.547
LDB: ============== END OF LOAD BALANCING =============== 672.55
Info: useSync: 0 useProxySync: 0
LDB: =============== DONE WITH MIGRATION ================ 672.566
LDB: ============= START OF LOAD BALANCING ============== 673.138
LDB: Largest compute 138 load 0.040197 is 54.1% of average load 0.074341
LDB: Average compute 0.004514 is 6.1% of average load 0.074341
LDB: TIME 673.143 LOAD: AVG 0.0743408 MAX 0.144582  PROXIES: TOTAL 24 MAXPE 4 MAXPATCH 6 None MEM: 0.448026 MB
LDB: TIME 673.143 LOAD: AVG 0.0743408 MAX 0.144582  PROXIES: TOTAL 34 MAXPE 4 MAXPATCH 9 RefineTorusLB MEM: 0.448026 MB
LDB: TIME 673.143 LOAD: AVG 0.0743408 MAX 0.0792327  PROXIES: TOTAL 33 MAXPE 4 MAXPATCH 9 RefineTorusLB MEM: 0.448026 MB
LDB: ============== END OF LOAD BALANCING =============== 673.15
Info: useSync: 0 useProxySync: 0
LDB: =============== DONE WITH MIGRATION ================ 673.211
LDB: ============= START OF LOAD BALANCING ============== 693.125
LDB: ============== END OF LOAD BALANCING =============== 693.128
Info: useSync: 0 useProxySync: 0
LDB: =============== DONE WITH MIGRATION ================ 693.151
LDB: ============= START OF LOAD BALANCING ============== 693.561
LDB: Largest compute 147 load 0.018621 is 35.2% of average load 0.052940
LDB: Average compute 0.003589 is 6.8% of average load 0.052940
LDB: TIME 693.568 LOAD: AVG 0.0529403 MAX 0.0782225  PROXIES: TOTAL 24 MAXPE 4 MAXPATCH 6 None MEM: 0.448026 MB
LDB: TIME 693.568 LOAD: AVG 0.0529403 MAX 0.0782225  PROXIES: TOTAL 33 MAXPE 4 MAXPATCH 9 RefineTorusLB MEM: 0.448026 MB
LDB: TIME 693.569 LOAD: AVG 0.0529403 MAX 0.057241  PROXIES: TOTAL 33 MAXPE 4 MAXPATCH 9 RefineTorusLB MEM: 0.448026 MB
LDB: ============== END OF LOAD BALANCING =============== 693.58
Info: useSync: 0 useProxySync: 0
LDB: =============== DONE WITH MIGRATION ================ 693.683
PRESSURE: 220000 -347.362 288.109 -265.06 249.185 -139.605 720.322 -247.174 632.464 167.808
GPRESSURE: 220000 -277.554 378.384 -311.801 43.4867 -53.7675 835.736 -171.647 425.242 88.9099
PRESSAVG: 220000 -264.761 -5.95223 7.78892 -3.84745 -267.895 19.0238 -41.6272 38.9604 19.4678
GPRESSAVG: 220000 -264.716 -5.52205 7.63496 -4.21811 -268.318 18.818 -41.1213 39.0075 19.2794
ENERGY:  220000         0.0000         0.0000         0.0000         0.0000          -5603.0405       412.1750         0.0000         0.0000       917.6176          -4273.2479       291.5191     -5190.8655     -4271.9269       302.0368           -106.3866       -80.8039     22748.4757      -171.0629      -171.2517

WRITING COORDINATES TO DCD FILE MDequil.dcd AT STEP 220000
LDB: ============= START OF LOAD BALANCING ============== 711.89
LDB: ============== END OF LOAD BALANCING =============== 711.892
Info: useSync: 0 useProxySync: 0
LDB: =============== DONE WITH MIGRATION ================ 711.902
LDB: ============= START OF LOAD BALANCING ============== 712.312
LDB: Largest compute 147 load 0.034048 is 56.6% of average load 0.060109
LDB: Average compute 0.004010 is 6.7% of average load 0.060109
LDB: TIME 712.317 LOAD: AVG 0.0601087 MAX 0.0776105  PROXIES: TOTAL 24 MAXPE 4 MAXPATCH 6 None MEM: 0.448026 MB
LDB: TIME 712.317 LOAD: AVG 0.0601087 MAX 0.0776105  PROXIES: TOTAL 33 MAXPE 4 MAXPATCH 9 RefineTorusLB MEM: 0.448026 MB
LDB: TIME 712.317 LOAD: AVG 0.0601087 MAX 0.0637525  PROXIES: TOTAL 33 MAXPE 4 MAXPATCH 9 RefineTorusLB MEM: 0.448026 MB
LDB: ============== END OF LOAD BALANCING =============== 712.323
Info: useSync: 0 useProxySync: 0
LDB: =============== DONE WITH MIGRATION ================ 712.425
LDB: ============= START OF LOAD BALANCING ============== 730.045
LDB: ============== END OF LOAD BALANCING =============== 730.048
Info: useSync: 0 useProxySync: 0
LDB: =============== DONE WITH MIGRATION ================ 730.057
LDB: ============= START OF LOAD BALANCING ============== 730.44
LDB: Largest compute 151 load 0.030436 is 48.4% of average load 0.062926
LDB: Average compute 0.004254 is 6.8% of average load 0.062926
LDB: TIME 730.441 LOAD: AVG 0.0629258 MAX 0.112917  PROXIES: TOTAL 24 MAXPE 4 MAXPATCH 6 None MEM: 0.448026 MB
LDB: TIME 730.441 LOAD: AVG 0.0629258 MAX 0.112917  PROXIES: TOTAL 33 MAXPE 4 MAXPATCH 9 RefineTorusLB MEM: 0.448026 MB
LDB: TIME 730.441 LOAD: AVG 0.0629258 MAX 0.0723202  PROXIES: TOTAL 34 MAXPE 4 MAXPATCH 9 RefineTorusLB MEM: 0.448026 MB
LDB: ============== END OF LOAD BALANCING =============== 730.45
Info: useSync: 0 useProxySync: 0
LDB: =============== DONE WITH MIGRATION ================ 730.569
LDB: ============= START OF LOAD BALANCING ============== 738.12
LDB: ============== END OF LOAD BALANCING =============== 738.121
Info: useSync: 0 useProxySync: 0
LDB: =============== DONE WITH MIGRATION ================ 738.139
LDB: ============= START OF LOAD BALANCING ============== 738.237
LDB: Largest compute 138 load 0.020336 is 38.4% of average load 0.052907
LDB: Average compute 0.003722 is 7.0% of average load 0.052907
LDB: TIME 738.237 LOAD: AVG 0.0529068 MAX 0.0709298  PROXIES: TOTAL 24 MAXPE 4 MAXPATCH 6 None MEM: 0.448026 MB
LDB: TIME 738.237 LOAD: AVG 0.0529068 MAX 0.0709298  PROXIES: TOTAL 34 MAXPE 4 MAXPATCH 9 RefineTorusLB MEM: 0.448026 MB
LDB: TIME 738.238 LOAD: AVG 0.0529068 MAX 0.0569195  PROXIES: TOTAL 34 MAXPE 4 MAXPATCH 9 RefineTorusLB MEM: 0.448026 MB
LDB: ============== END OF LOAD BALANCING =============== 738.238
Info: useSync: 0 useProxySync: 0
LDB: =============== DONE WITH MIGRATION ================ 738.238
PRESSURE: 225000 -600.561 -679.226 57.3862 -954.46 -83.6716 -311.688 346.307 -280.9 -782.015
GPRESSURE: 225000 -582.559 -609.105 105.627 -839.692 24.3716 -115.424 432.786 -387.673 -857.467
PRESSAVG: 225000 -292.108 -20.0922 -49.7354 -2.6677 -256.709 -50.4359 -23.3181 -3.82915 -1.30451
GPRESSAVG: 225000 -292.221 -19.8382 -49.5536 -2.7323 -256.311 -49.9742 -22.9154 -4.2498 -0.978241
ENERGY:  225000         0.0000         0.0000         0.0000         0.0000          -5559.2571       355.2267         0.0000         0.0000       966.9605          -4237.0699       307.1949     -5204.0304     -4235.9327       297.8186           -488.7493      -471.8847     22468.5262      -183.3738      -183.1701

WRITING COORDINATES TO DCD FILE MDequil.dcd AT STEP 225000
LDB: ============= START OF LOAD BALANCING ============== 743.841
LDB: ============== END OF LOAD BALANCING =============== 743.854
Info: useSync: 0 useProxySync: 0
LDB: =============== DONE WITH MIGRATION ================ 743.854
LDB: ============= START OF LOAD BALANCING ============== 744.066
LDB: Largest compute 145 load 0.021797 is 39.7% of average load 0.054851
LDB: Average compute 0.003818 is 7.0% of average load 0.054851
LDB: TIME 744.067 LOAD: AVG 0.054851 MAX 0.0913578  PROXIES: TOTAL 24 MAXPE 4 MAXPATCH 6 None MEM: 0.448026 MB
LDB: TIME 744.067 LOAD: AVG 0.054851 MAX 0.0913578  PROXIES: TOTAL 34 MAXPE 4 MAXPATCH 9 RefineTorusLB MEM: 0.448026 MB
LDB: TIME 744.067 LOAD: AVG 0.054851 MAX 0.059965  PROXIES: TOTAL 34 MAXPE 4 MAXPATCH 9 RefineTorusLB MEM: 0.448026 MB
LDB: ============== END OF LOAD BALANCING =============== 744.067
Info: useSync: 0 useProxySync: 0
LDB: =============== DONE WITH MIGRATION ================ 744.067
LDB: ============= START OF LOAD BALANCING ============== 748.678
LDB: ============== END OF LOAD BALANCING =============== 748.678
Info: useSync: 0 useProxySync: 0
LDB: =============== DONE WITH MIGRATION ================ 748.678
LDB: ============= START OF LOAD BALANCING ============== 748.789
LDB: Largest compute 145 load 0.027968 is 51.8% of average load 0.053949
LDB: Average compute 0.003745 is 6.9% of average load 0.053949
LDB: TIME 748.79 LOAD: AVG 0.0539489 MAX 0.0891459  PROXIES: TOTAL 24 MAXPE 4 MAXPATCH 6 None MEM: 0.448026 MB
LDB: TIME 748.79 LOAD: AVG 0.0539489 MAX 0.0891459  PROXIES: TOTAL 34 MAXPE 4 MAXPATCH 9 RefineTorusLB MEM: 0.448026 MB
LDB: TIME 748.79 LOAD: AVG 0.0539489 MAX 0.0589161  PROXIES: TOTAL 34 MAXPE 4 MAXPATCH 9 RefineTorusLB MEM: 0.448026 MB
LDB: ============== END OF LOAD BALANCING =============== 748.79
Info: useSync: 0 useProxySync: 0
LDB: =============== DONE WITH MIGRATION ================ 748.79
WRITING COORDINATES TO DCD FILE MDequil.dcd AT STEP 230000
PRESSURE: 230000 364.263 142.916 -375.34 -9.21362 -598.404 -426.265 -2.04549 244.883 987.821
GPRESSURE: 230000 266.668 -18.3125 -565.383 126.204 -707.978 -382.146 278.656 344.687 1241.4
PRESSAVG: 230000 -299.441 0.369744 16.0152 -13.2521 -318.104 36.4002 18.4697 -3.47874 10.3127
GPRESSAVG: 230000 -299.464 -0.156928 15.966 -12.7573 -318.111 36.138 18.7414 -3.26283 10.3575
ENERGY:  230000         0.0000         0.0000         0.0000         0.0000          -5550.6388       370.3826         0.0000         0.0000       904.8948          -4275.3614       287.4771     -5180.2562     -4273.9976       295.9417            251.2266       266.6967     22290.0842      -202.4106      -202.4057

LDB: ============= START OF LOAD BALANCING ============== 752.825
LDB: ============== END OF LOAD BALANCING =============== 752.832
Info: useSync: 0 useProxySync: 0
LDB: =============== DONE WITH MIGRATION ================ 752.832
LDB: ============= START OF LOAD BALANCING ============== 752.931
LDB: Largest compute 166 load 0.014372 is 26.6% of average load 0.053956
LDB: Average compute 0.003760 is 7.0% of average load 0.053956
LDB: TIME 752.932 LOAD: AVG 0.053956 MAX 0.0751716  PROXIES: TOTAL 24 MAXPE 4 MAXPATCH 6 None MEM: 0.448026 MB
LDB: TIME 752.932 LOAD: AVG 0.053956 MAX 0.0751716  PROXIES: TOTAL 34 MAXPE 4 MAXPATCH 9 RefineTorusLB MEM: 0.448026 MB
LDB: TIME 752.933 LOAD: AVG 0.053956 MAX 0.0589293  PROXIES: TOTAL 34 MAXPE 4 MAXPATCH 9 RefineTorusLB MEM: 0.448026 MB
LDB: ============== END OF LOAD BALANCING =============== 752.933
Info: useSync: 0 useProxySync: 0
LDB: =============== DONE WITH MIGRATION ================ 752.933
LDB: ============= START OF LOAD BALANCING ============== 757
LDB: ============== END OF LOAD BALANCING =============== 757.001
Info: useSync: 0 useProxySync: 0
LDB: =============== DONE WITH MIGRATION ================ 757.001
LDB: ============= START OF LOAD BALANCING ============== 757.112
LDB: Largest compute 137 load 0.027690 is 48.9% of average load 0.056614
LDB: Average compute 0.003975 is 7.0% of average load 0.056614
LDB: TIME 757.116 LOAD: AVG 0.0566143 MAX 0.107099  PROXIES: TOTAL 24 MAXPE 4 MAXPATCH 6 None MEM: 0.448026 MB
LDB: TIME 757.116 LOAD: AVG 0.0566143 MAX 0.107099  PROXIES: TOTAL 34 MAXPE 4 MAXPATCH 9 RefineTorusLB MEM: 0.448026 MB
LDB: TIME 757.116 LOAD: AVG 0.0566143 MAX 0.0611225  PROXIES: TOTAL 34 MAXPE 4 MAXPATCH 9 RefineTorusLB MEM: 0.448026 MB
LDB: ============== END OF LOAD BALANCING =============== 757.117
Info: useSync: 0 useProxySync: 0
LDB: =============== DONE WITH MIGRATION ================ 757.117
LDB: ============= START OF LOAD BALANCING ============== 762.007
LDB: ============== END OF LOAD BALANCING =============== 762.007
Info: useSync: 0 useProxySync: 0
LDB: =============== DONE WITH MIGRATION ================ 762.008
LDB: ============= START OF LOAD BALANCING ============== 762.105
LDB: Largest compute 4 load 0.018703 is 35.8% of average load 0.052279
LDB: Average compute 0.003718 is 7.1% of average load 0.052279
LDB: TIME 762.105 LOAD: AVG 0.0522792 MAX 0.0774227  PROXIES: TOTAL 24 MAXPE 4 MAXPATCH 6 None MEM: 0.448026 MB
LDB: TIME 762.105 LOAD: AVG 0.0522792 MAX 0.0774227  PROXIES: TOTAL 34 MAXPE 4 MAXPATCH 9 RefineTorusLB MEM: 0.448026 MB
LDB: TIME 762.105 LOAD: AVG 0.0522792 MAX 0.055956  PROXIES: TOTAL 34 MAXPE 4 MAXPATCH 10 RefineTorusLB MEM: 0.448026 MB
LDB: ============== END OF LOAD BALANCING =============== 762.105
Info: useSync: 0 useProxySync: 0
LDB: =============== DONE WITH MIGRATION ================ 762.106
WRITING COORDINATES TO DCD FILE MDequil.dcd AT STEP 235000
PRESSURE: 235000 -411.52 469.013 337.955 265.024 75.8599 170.995 509.071 798.677 -725.517
GPRESSURE: 235000 -317.434 70.6608 99.5997 252.759 44.2401 60.953 537.327 996.085 -738.74
PRESSAVG: 235000 -324.833 1.16712 102.086 -24.5872 -333.268 -8.79646 82.1209 -16.8576 11.5312
GPRESSAVG: 235000 -324.913 0.93994 102.112 -24.6884 -333.246 -9.1218 82.1337 -16.4316 11.2867
ENERGY:  235000         0.0000         0.0000         0.0000         0.0000          -5559.4246       371.4578         0.0000         0.0000       956.8297          -4231.1371       303.9764     -5187.9668     -4227.6720       302.3253           -353.7257      -337.3114     22664.4779      -215.5236      -215.6241

LDB: ============= START OF LOAD BALANCING ============== 766.25
LDB: ============== END OF LOAD BALANCING =============== 766.25
Info: useSync: 0 useProxySync: 0
LDB: =============== DONE WITH MIGRATION ================ 766.251
LDB: ============= START OF LOAD BALANCING ============== 766.357
LDB: Largest compute 143 load 0.028564 is 51.4% of average load 0.055565
LDB: Average compute 0.003952 is 7.1% of average load 0.055565
LDB: TIME 766.361 LOAD: AVG 0.0555651 MAX 0.101575  PROXIES: TOTAL 24 MAXPE 4 MAXPATCH 6 None MEM: 0.448026 MB
LDB: TIME 766.361 LOAD: AVG 0.0555651 MAX 0.101575  PROXIES: TOTAL 34 MAXPE 4 MAXPATCH 10 RefineTorusLB MEM: 0.448026 MB
LDB: TIME 766.361 LOAD: AVG 0.0555651 MAX 0.0605406  PROXIES: TOTAL 35 MAXPE 4 MAXPATCH 10 RefineTorusLB MEM: 0.448026 MB
LDB: ============== END OF LOAD BALANCING =============== 766.361
Info: useSync: 0 useProxySync: 0
LDB: =============== DONE WITH MIGRATION ================ 766.366
LDB: ============= START OF LOAD BALANCING ============== 770.551
LDB: ============== END OF LOAD BALANCING =============== 770.551
Info: useSync: 0 useProxySync: 0
LDB: =============== DONE WITH MIGRATION ================ 770.551
LDB: ============= START OF LOAD BALANCING ============== 770.653
LDB: Largest compute 139 load 0.024065 is 43.0% of average load 0.055976
LDB: Average compute 0.003964 is 7.1% of average load 0.055976
LDB: TIME 770.653 LOAD: AVG 0.0559761 MAX 0.091741  PROXIES: TOTAL 24 MAXPE 4 MAXPATCH 6 None MEM: 0.448026 MB
LDB: TIME 770.653 LOAD: AVG 0.0559761 MAX 0.091741  PROXIES: TOTAL 35 MAXPE 4 MAXPATCH 10 RefineTorusLB MEM: 0.448026 MB
LDB: TIME 770.653 LOAD: AVG 0.0559761 MAX 0.0611002  PROXIES: TOTAL 35 MAXPE 4 MAXPATCH 10 RefineTorusLB MEM: 0.448026 MB
LDB: ============== END OF LOAD BALANCING =============== 770.653
Info: useSync: 0 useProxySync: 0
LDB: =============== DONE WITH MIGRATION ================ 770.654
PRESSURE: 240000 -1258.28 -367.607 -964.844 -590.636 -1200.52 -75.135 -972.327 -172.254 -341.174
GPRESSURE: 240000 -1116.82 -460.744 -1007.26 -223.712 -1267.59 -345.842 -924.36 49.1156 -324.401
PRESSAVG: 240000 -408.385 -18.1703 4.37399 -5.25294 -339.856 -36.8699 -30.6349 -83.9216 7.58817
GPRESSAVG: 240000 -408.178 -18.339 4.2352 -5.2946 -339.755 -36.2926 -30.5764 -84.3764 7.3977
ENERGY:  240000         0.0000         0.0000         0.0000         0.0000          -5508.6260       321.9820         0.0000         0.0000       975.8008          -4210.8432       310.0033     -5186.6440     -4209.1266       303.7236           -933.3257      -902.9376     22730.0426      -246.8844      -246.8453

WRITING COORDINATES TO DCD FILE MDequil.dcd AT STEP 240000
LDB: ============= START OF LOAD BALANCING ============== 774.801
LDB: ============== END OF LOAD BALANCING =============== 774.801
Info: useSync: 0 useProxySync: 0
LDB: =============== DONE WITH MIGRATION ================ 774.801
LDB: ============= START OF LOAD BALANCING ============== 774.907
LDB: Largest compute 88 load 0.022726 is 41.7% of average load 0.054548
LDB: Average compute 0.003867 is 7.1% of average load 0.054548
LDB: TIME 774.907 LOAD: AVG 0.0545482 MAX 0.0954744  PROXIES: TOTAL 24 MAXPE 4 MAXPATCH 6 None MEM: 0.448026 MB
LDB: TIME 774.907 LOAD: AVG 0.0545482 MAX 0.0954744  PROXIES: TOTAL 35 MAXPE 4 MAXPATCH 10 RefineTorusLB MEM: 0.448026 MB
LDB: TIME 774.907 LOAD: AVG 0.0545482 MAX 0.0588163  PROXIES: TOTAL 35 MAXPE 4 MAXPATCH 10 RefineTorusLB MEM: 0.448026 MB
LDB: ============== END OF LOAD BALANCING =============== 774.907
Info: useSync: 0 useProxySync: 0
LDB: =============== DONE WITH MIGRATION ================ 774.908
LDB: ============= START OF LOAD BALANCING ============== 779.251
LDB: ============== END OF LOAD BALANCING =============== 779.251
Info: useSync: 0 useProxySync: 0
LDB: =============== DONE WITH MIGRATION ================ 779.251
LDB: ============= START OF LOAD BALANCING ============== 779.355
LDB: Largest compute 136 load 0.017951 is 32.2% of average load 0.055705
LDB: Average compute 0.003998 is 7.2% of average load 0.055705
LDB: TIME 779.356 LOAD: AVG 0.0557046 MAX 0.0784139  PROXIES: TOTAL 24 MAXPE 4 MAXPATCH 6 None MEM: 0.448026 MB
LDB: TIME 779.356 LOAD: AVG 0.0557046 MAX 0.0784139  PROXIES: TOTAL 35 MAXPE 4 MAXPATCH 10 RefineTorusLB MEM: 0.448026 MB
LDB: TIME 779.356 LOAD: AVG 0.0557046 MAX 0.0607518  PROXIES: TOTAL 35 MAXPE 4 MAXPATCH 10 RefineTorusLB MEM: 0.448026 MB
LDB: ============== END OF LOAD BALANCING =============== 779.356
Info: useSync: 0 useProxySync: 0
LDB: =============== DONE WITH MIGRATION ================ 779.356
LDB: ============= START OF LOAD BALANCING ============== 783.536
LDB: ============== END OF LOAD BALANCING =============== 783.537
Info: useSync: 0 useProxySync: 0
LDB: =============== DONE WITH MIGRATION ================ 783.537
LDB: ============= START OF LOAD BALANCING ============== 783.649
LDB: Largest compute 78 load 0.025416 is 44.9% of average load 0.056563
LDB: Average compute 0.004011 is 7.1% of average load 0.056563
LDB: TIME 783.649 LOAD: AVG 0.0565627 MAX 0.103695  PROXIES: TOTAL 24 MAXPE 4 MAXPATCH 6 None MEM: 0.448026 MB
LDB: TIME 783.65 LOAD: AVG 0.0565627 MAX 0.103695  PROXIES: TOTAL 35 MAXPE 4 MAXPATCH 10 RefineTorusLB MEM: 0.448026 MB
LDB: TIME 783.65 LOAD: AVG 0.0565627 MAX 0.0601169  PROXIES: TOTAL 34 MAXPE 4 MAXPATCH 10 RefineTorusLB MEM: 0.448026 MB
LDB: ============== END OF LOAD BALANCING =============== 783.65
Info: useSync: 0 useProxySync: 0
LDB: =============== DONE WITH MIGRATION ================ 783.65
PRESSURE: 245000 38.0032 93.0272 -609.203 110.451 -529.541 -77.6638 -224.274 29.4954 877.456
GPRESSURE: 245000 136.123 -82.1059 -1058.51 74.3088 -734.003 64.5912 106.827 13.9779 1073.46
PRESSAVG: 245000 -417.761 -30.4415 10.3206 -5.60442 -382.412 -36.9481 21.9185 -31.486 5.06817
GPRESSAVG: 245000 -417.843 -29.8261 10.5925 -5.31652 -382.39 -37.1466 21.9484 -31.5257 4.90298
ENERGY:  245000         0.0000         0.0000         0.0000         0.0000          -5547.2258       396.5084         0.0000         0.0000       934.0750          -4216.6424       296.7474     -5150.7174     -4213.9539       305.5096            128.6393       158.5268     22628.2870      -265.0349      -265.1103

WRITING COORDINATES TO DCD FILE MDequil.dcd AT STEP 245000
LDB: ============= START OF LOAD BALANCING ============== 788.104
LDB: ============== END OF LOAD BALANCING =============== 788.104
Info: useSync: 0 useProxySync: 0
LDB: =============== DONE WITH MIGRATION ================ 788.104
LDB: ============= START OF LOAD BALANCING ============== 788.216
LDB: Largest compute 149 load 0.023175 is 41.5% of average load 0.055887
LDB: Average compute 0.003978 is 7.1% of average load 0.055887
LDB: TIME 788.216 LOAD: AVG 0.0558875 MAX 0.0997973  PROXIES: TOTAL 24 MAXPE 4 MAXPATCH 6 None MEM: 0.448026 MB
LDB: TIME 788.216 LOAD: AVG 0.0558875 MAX 0.0997973  PROXIES: TOTAL 34 MAXPE 4 MAXPATCH 10 RefineTorusLB MEM: 0.448026 MB
LDB: TIME 788.216 LOAD: AVG 0.0558875 MAX 0.0616252  PROXIES: TOTAL 34 MAXPE 4 MAXPATCH 10 RefineTorusLB MEM: 0.448026 MB
LDB: ============== END OF LOAD BALANCING =============== 788.216
Info: useSync: 0 useProxySync: 0
LDB: =============== DONE WITH MIGRATION ================ 788.216
LDB: ============= START OF LOAD BALANCING ============== 792.57
LDB: ============== END OF LOAD BALANCING =============== 792.57
Info: useSync: 0 useProxySync: 0
LDB: =============== DONE WITH MIGRATION ================ 792.57
LDB: ============= START OF LOAD BALANCING ============== 792.686
LDB: Largest compute 164 load 0.021866 is 39.7% of average load 0.055047
LDB: Average compute 0.003904 is 7.1% of average load 0.055047
LDB: TIME 792.686 LOAD: AVG 0.0550466 MAX 0.0964562  PROXIES: TOTAL 24 MAXPE 4 MAXPATCH 6 None MEM: 0.448026 MB
LDB: TIME 792.686 LOAD: AVG 0.0550466 MAX 0.0964562  PROXIES: TOTAL 34 MAXPE 4 MAXPATCH 10 RefineTorusLB MEM: 0.448026 MB
LDB: TIME 792.686 LOAD: AVG 0.0550466 MAX 0.0599211  PROXIES: TOTAL 33 MAXPE 4 MAXPATCH 9 RefineTorusLB MEM: 0.448026 MB
LDB: ============== END OF LOAD BALANCING =============== 792.686
Info: useSync: 0 useProxySync: 0
LDB: =============== DONE WITH MIGRATION ================ 792.687
PRESSURE: 250000 17.063 -59.103 -704.653 -117.705 143.484 122.082 -573.22 -26.055 505.177
GPRESSURE: 250000 8.32377 -35.1835 -707.743 -255.968 136.23 206.546 -479.836 -245.314 575.529
PRESSAVG: 250000 -298.095 30.8265 -24.3998 14.475 -358.029 46.1824 6.20666 21.0793 -8.03593
GPRESSAVG: 250000 -297.888 30.3908 -24.7977 14.2899 -357.857 46.0385 6.34867 21.0508 -8.01195
TIMING: 250000  CPU: 704.896, 0.00325977/step  Wall: 784.622, 0.00364923/step, 0.253419 hours remaining, 0.448026 MB of memory in use.
PERFORMANCE: 250000  averaging 55.0592 ns/day, 0.00313844 sec/step with standard deviation 0.000521639
ETITLE:      TS           BOND          ANGLE          DIHED          IMPRP               ELECT            VDW       BOUNDARY           MISC        KINETIC               TOTAL           TEMP      POTENTIAL         TOTAL3        TEMPAVG            PRESSURE      GPRESSURE         VOLUME       PRESSAVG      GPRESSAVG

ENERGY:  250000         0.0000         0.0000         0.0000         0.0000          -5628.6608       418.8986         0.0000         0.0000       901.9786          -4307.7836       286.5507     -5209.7623     -4306.6412       299.9523            221.9080       240.0276     22510.3729      -221.3864      -221.2523

WRITING EXTENDED SYSTEM TO RESTART FILE AT STEP 250000
WRITING COORDINATES TO DCD FILE MDequil.dcd AT STEP 250000
WRITING COORDINATES TO RESTART FILE AT STEP 250000
FINISHED WRITING RESTART COORDINATES
WRITING VELOCITIES TO RESTART FILE AT STEP 250000
FINISHED WRITING RESTART VELOCITIES
The last velocity output (seq=250000) takes 0.000 seconds, 0.448 MB of memory in use
LDB: ============= START OF LOAD BALANCING ============== 798.251
LDB: ============== END OF LOAD BALANCING =============== 798.251
Info: useSync: 0 useProxySync: 0
LDB: =============== DONE WITH MIGRATION ================ 798.251
LDB: ============= START OF LOAD BALANCING ============== 798.435
LDB: Largest compute 162 load 0.029858 is 52.3% of average load 0.057065
LDB: Average compute 0.004099 is 7.2% of average load 0.057065
LDB: TIME 798.436 LOAD: AVG 0.0570654 MAX 0.118891  PROXIES: TOTAL 24 MAXPE 4 MAXPATCH 6 None MEM: 0.448026 MB
LDB: TIME 798.436 LOAD: AVG 0.0570654 MAX 0.118891  PROXIES: TOTAL 33 MAXPE 4 MAXPATCH 9 RefineTorusLB MEM: 0.448026 MB
LDB: TIME 798.436 LOAD: AVG 0.0570654 MAX 0.0622295  PROXIES: TOTAL 33 MAXPE 4 MAXPATCH 9 RefineTorusLB MEM: 0.448026 MB
LDB: ============== END OF LOAD BALANCING =============== 798.436
Info: useSync: 0 useProxySync: 0
LDB: =============== DONE WITH MIGRATION ================ 798.437
LDB: ============= START OF LOAD BALANCING ============== 803.189
LDB: ============== END OF LOAD BALANCING =============== 803.189
Info: useSync: 0 useProxySync: 0
LDB: =============== DONE WITH MIGRATION ================ 803.189
LDB: ============= START OF LOAD BALANCING ============== 803.306
LDB: Largest compute 12 load 0.021781 is 38.3% of average load 0.056901
LDB: Average compute 0.003979 is 7.0% of average load 0.056901
LDB: TIME 803.306 LOAD: AVG 0.0569011 MAX 0.0896779  PROXIES: TOTAL 24 MAXPE 4 MAXPATCH 6 None MEM: 0.448026 MB
LDB: TIME 803.306 LOAD: AVG 0.0569011 MAX 0.0896779  PROXIES: TOTAL 33 MAXPE 4 MAXPATCH 9 RefineTorusLB MEM: 0.448026 MB
LDB: TIME 803.306 LOAD: AVG 0.0569011 MAX 0.0616831  PROXIES: TOTAL 32 MAXPE 4 MAXPATCH 8 RefineTorusLB MEM: 0.448026 MB
LDB: ============== END OF LOAD BALANCING =============== 803.307
Info: useSync: 0 useProxySync: 0
LDB: =============== DONE WITH MIGRATION ================ 803.307
LDB: ============= START OF LOAD BALANCING ============== 807.767
LDB: ============== END OF LOAD BALANCING =============== 807.767
Info: useSync: 0 useProxySync: 0
LDB: =============== DONE WITH MIGRATION ================ 807.767
LDB: ============= START OF LOAD BALANCING ============== 807.887
LDB: Largest compute 87 load 0.021586 is 38.6% of average load 0.055886
LDB: Average compute 0.003967 is 7.1% of average load 0.055886
LDB: TIME 807.887 LOAD: AVG 0.055886 MAX 0.0962407  PROXIES: TOTAL 24 MAXPE 4 MAXPATCH 6 None MEM: 0.448026 MB
LDB: TIME 807.887 LOAD: AVG 0.055886 MAX 0.0962407  PROXIES: TOTAL 32 MAXPE 4 MAXPATCH 8 RefineTorusLB MEM: 0.448026 MB
LDB: TIME 807.887 LOAD: AVG 0.055886 MAX 0.0603246  PROXIES: TOTAL 33 MAXPE 4 MAXPATCH 9 RefineTorusLB MEM: 0.448026 MB
LDB: ============== END OF LOAD BALANCING =============== 807.888
Info: useSync: 0 useProxySync: 0
LDB: =============== DONE WITH MIGRATION ================ 807.888
WRITING COORDINATES TO DCD FILE MDequil.dcd AT STEP 255000
PRESSURE: 255000 -42.4198 -426.708 -196.706 -67.8849 1614.15 -420.625 43.2731 -395.148 -268.929
GPRESSURE: 255000 187.774 -315.762 -188.019 15.8615 1531.56 -544.575 -140.904 -462.498 -336.036
PRESSAVG: 255000 -438.466 59.2009 -68.9745 55.4195 -315.385 -9.31598 -30.6888 4.74879 -2.64167
GPRESSAVG: 255000 -438.71 59.3241 -68.3829 55.7278 -315.155 -9.59004 -31.151 5.41883 -2.35216
ENERGY:  255000         0.0000         0.0000         0.0000         0.0000          -5550.0858       405.0754         0.0000         0.0000       980.0089          -4165.0015       311.3402     -5145.0104     -4162.4220       300.9662            434.2675       461.1002     22399.1715      -252.1641      -252.0726

LDB: ============= START OF LOAD BALANCING ============== 812.556
LDB: ============== END OF LOAD BALANCING =============== 812.556
Info: useSync: 0 useProxySync: 0
LDB: =============== DONE WITH MIGRATION ================ 812.556
LDB: ============= START OF LOAD BALANCING ============== 812.671
LDB: Largest compute 67 load 0.017183 is 31.5% of average load 0.054472
LDB: Average compute 0.003829 is 7.0% of average load 0.054472
LDB: TIME 812.672 LOAD: AVG 0.0544722 MAX 0.0792256  PROXIES: TOTAL 24 MAXPE 4 MAXPATCH 6 None MEM: 0.448026 MB
LDB: TIME 812.672 LOAD: AVG 0.0544722 MAX 0.0792256  PROXIES: TOTAL 33 MAXPE 4 MAXPATCH 9 RefineTorusLB MEM: 0.448026 MB
LDB: TIME 812.672 LOAD: AVG 0.0544722 MAX 0.0592066  PROXIES: TOTAL 33 MAXPE 4 MAXPATCH 9 RefineTorusLB MEM: 0.448026 MB
LDB: ============== END OF LOAD BALANCING =============== 812.672
Info: useSync: 0 useProxySync: 0
LDB: =============== DONE WITH MIGRATION ================ 812.673
LDB: ============= START OF LOAD BALANCING ============== 816.949
LDB: ============== END OF LOAD BALANCING =============== 816.949
Info: useSync: 0 useProxySync: 0
LDB: =============== DONE WITH MIGRATION ================ 816.95
LDB: ============= START OF LOAD BALANCING ============== 817.056
LDB: Largest compute 12 load 0.017046 is 31.3% of average load 0.054482
LDB: Average compute 0.003868 is 7.1% of average load 0.054482
LDB: TIME 817.056 LOAD: AVG 0.0544816 MAX 0.0690171  PROXIES: TOTAL 24 MAXPE 4 MAXPATCH 6 None MEM: 0.448026 MB
LDB: TIME 817.056 LOAD: AVG 0.0544816 MAX 0.0690171  PROXIES: TOTAL 33 MAXPE 4 MAXPATCH 9 RefineTorusLB MEM: 0.448026 MB
LDB: TIME 817.056 LOAD: AVG 0.0544816 MAX 0.0595157  PROXIES: TOTAL 33 MAXPE 4 MAXPATCH 9 RefineTorusLB MEM: 0.448026 MB
LDB: ============== END OF LOAD BALANCING =============== 817.057
Info: useSync: 0 useProxySync: 0
LDB: =============== DONE WITH MIGRATION ================ 817.057
PRESSURE: 260000 -779.588 135.168 -63.0864 199.998 -723.693 -185.34 121.26 -276.765 -626.053
GPRESSURE: 260000 -681.521 173.5 21.1354 -35.8304 -728.383 0.258426 8.75548 -428.974 -678.913
PRESSAVG: 260000 -331.942 -22.9409 -53.7171 -28.8307 -269.672 17.9777 30.9629 0.804935 -1.69386
GPRESSAVG: 260000 -332.029 -23.2825 -53.4475 -28.5783 -269.518 18.3616 31.0988 1.0863 -1.81739
ENERGY:  260000         0.0000         0.0000         0.0000         0.0000          -5550.5451       347.0938         0.0000         0.0000       903.9808          -4299.4704       287.1868     -5203.4512     -4296.1033       305.0255           -709.7783      -696.2722     22582.6579      -201.1027      -201.1217

WRITING COORDINATES TO DCD FILE MDequil.dcd AT STEP 260000
LDB: ============= START OF LOAD BALANCING ============== 821.189
LDB: ============== END OF LOAD BALANCING =============== 821.189
Info: useSync: 0 useProxySync: 0
LDB: =============== DONE WITH MIGRATION ================ 821.189
LDB: ============= START OF LOAD BALANCING ============== 821.301
LDB: Largest compute 161 load 0.020284 is 35.1% of average load 0.057730
LDB: Average compute 0.004107 is 7.1% of average load 0.057730
LDB: TIME 821.302 LOAD: AVG 0.0577298 MAX 0.0920727  PROXIES: TOTAL 24 MAXPE 4 MAXPATCH 6 None MEM: 0.448026 MB
LDB: TIME 821.302 LOAD: AVG 0.0577298 MAX 0.0920727  PROXIES: TOTAL 33 MAXPE 4 MAXPATCH 9 RefineTorusLB MEM: 0.448026 MB
LDB: TIME 821.302 LOAD: AVG 0.0577298 MAX 0.0625304  PROXIES: TOTAL 33 MAXPE 4 MAXPATCH 9 RefineTorusLB MEM: 0.448026 MB
LDB: ============== END OF LOAD BALANCING =============== 821.302
Info: useSync: 0 useProxySync: 0
LDB: =============== DONE WITH MIGRATION ================ 821.302
LDB: ============= START OF LOAD BALANCING ============== 825.462
LDB: ============== END OF LOAD BALANCING =============== 825.462
Info: useSync: 0 useProxySync: 0
LDB: =============== DONE WITH MIGRATION ================ 825.466
LDB: ============= START OF LOAD BALANCING ============== 825.566
LDB: Largest compute 161 load 0.012249 is 23.4% of average load 0.052240
LDB: Average compute 0.003708 is 7.1% of average load 0.052240
LDB: TIME 825.566 LOAD: AVG 0.0522404 MAX 0.0668548  PROXIES: TOTAL 24 MAXPE 4 MAXPATCH 6 None MEM: 0.448026 MB
LDB: TIME 825.566 LOAD: AVG 0.0522404 MAX 0.0668548  PROXIES: TOTAL 33 MAXPE 4 MAXPATCH 9 RefineTorusLB MEM: 0.448026 MB
LDB: TIME 825.566 LOAD: AVG 0.0522404 MAX 0.0570052  PROXIES: TOTAL 33 MAXPE 4 MAXPATCH 9 RefineTorusLB MEM: 0.448026 MB
LDB: ============== END OF LOAD BALANCING =============== 825.566
Info: useSync: 0 useProxySync: 0
LDB: =============== DONE WITH MIGRATION ================ 825.567
LDB: ============= START OF LOAD BALANCING ============== 837.639
LDB: ============== END OF LOAD BALANCING =============== 837.644
Info: useSync: 0 useProxySync: 0
LDB: =============== DONE WITH MIGRATION ================ 837.667
LDB: ============= START OF LOAD BALANCING ============== 838.198
LDB: Largest compute 148 load 0.021564 is 35.8% of average load 0.060224
LDB: Average compute 0.004108 is 6.8% of average load 0.060224
LDB: TIME 838.206 LOAD: AVG 0.0602245 MAX 0.0815293  PROXIES: TOTAL 24 MAXPE 4 MAXPATCH 6 None MEM: 0.448026 MB
LDB: TIME 838.206 LOAD: AVG 0.0602245 MAX 0.0815293  PROXIES: TOTAL 33 MAXPE 4 MAXPATCH 9 RefineTorusLB MEM: 0.448026 MB
LDB: TIME 838.206 LOAD: AVG 0.0602245 MAX 0.0652139  PROXIES: TOTAL 33 MAXPE 4 MAXPATCH 9 RefineTorusLB MEM: 0.448026 MB
LDB: ============== END OF LOAD BALANCING =============== 838.243
Info: useSync: 0 useProxySync: 0
LDB: =============== DONE WITH MIGRATION ================ 838.292
PRESSURE: 265000 -612.896 -856.028 -132.027 -839.832 -736.75 55.9252 -347.037 -244.284 -911.556
GPRESSURE: 265000 -724.134 -977.063 -392.094 -905.508 -674.581 338.826 -145.583 -165.915 -832.258
PRESSAVG: 265000 -178.97 -7.06682 -17.4218 -71.6476 -302.882 -78.9938 -25.9998 -51.1745 6.0876
GPRESSAVG: 265000 -178.949 -6.91939 -17.6154 -72.2992 -303.139 -78.8031 -26.4196 -51.1202 6.09976
ENERGY:  265000         0.0000         0.0000         0.0000         0.0000          -5549.3603       357.6837         0.0000         0.0000       976.4203          -4215.2563       310.2002     -5191.6766     -4211.8827       302.4350           -753.7340      -743.6577     22682.0634      -158.5882      -158.6628

WRITING COORDINATES TO DCD FILE MDequil.dcd AT STEP 265000
LDB: ============= START OF LOAD BALANCING ============== 854.075
LDB: ============== END OF LOAD BALANCING =============== 854.081
Info: useSync: 0 useProxySync: 0
LDB: =============== DONE WITH MIGRATION ================ 854.09
LDB: ============= START OF LOAD BALANCING ============== 854.586
LDB: Largest compute 138 load 0.022946 is 35.2% of average load 0.065148
LDB: Average compute 0.004108 is 6.3% of average load 0.065148
LDB: TIME 854.597 LOAD: AVG 0.0651476 MAX 0.0919832  PROXIES: TOTAL 24 MAXPE 4 MAXPATCH 6 None MEM: 0.448026 MB
LDB: TIME 854.597 LOAD: AVG 0.0651476 MAX 0.0919832  PROXIES: TOTAL 33 MAXPE 4 MAXPATCH 9 RefineTorusLB MEM: 0.448026 MB
LDB: TIME 854.597 LOAD: AVG 0.0651476 MAX 0.0711894  PROXIES: TOTAL 34 MAXPE 4 MAXPATCH 9 RefineTorusLB MEM: 0.448026 MB
LDB: ============== END OF LOAD BALANCING =============== 854.603
Info: useSync: 0 useProxySync: 0
LDB: =============== DONE WITH MIGRATION ================ 854.673
LDB: ============= START OF LOAD BALANCING ============== 869.749
LDB: ============== END OF LOAD BALANCING =============== 869.752
Info: useSync: 0 useProxySync: 0
LDB: =============== DONE WITH MIGRATION ================ 869.764
LDB: ============= START OF LOAD BALANCING ============== 870.183
LDB: Largest compute 160 load 0.025241 is 41.6% of average load 0.060634
LDB: Average compute 0.003914 is 6.5% of average load 0.060634
LDB: TIME 870.19 LOAD: AVG 0.0606336 MAX 0.101575  PROXIES: TOTAL 24 MAXPE 4 MAXPATCH 6 None MEM: 0.448026 MB
LDB: TIME 870.19 LOAD: AVG 0.0606336 MAX 0.101575  PROXIES: TOTAL 34 MAXPE 4 MAXPATCH 9 RefineTorusLB MEM: 0.448026 MB
LDB: TIME 870.19 LOAD: AVG 0.0606336 MAX 0.0661201  PROXIES: TOTAL 34 MAXPE 4 MAXPATCH 9 RefineTorusLB MEM: 0.448026 MB
LDB: ============== END OF LOAD BALANCING =============== 870.199
Info: useSync: 0 useProxySync: 0
LDB: =============== DONE WITH MIGRATION ================ 870.245
WRITING COORDINATES TO DCD FILE MDequil.dcd AT STEP 270000
PRESSURE: 270000 -979.027 334.767 -305.628 668.273 -431.079 -479.562 189.889 -375.727 -142.06
GPRESSURE: 270000 -885.294 803.882 -600.109 454.825 -510.383 -144.449 339.148 -667.703 -117.472
PRESSAVG: 270000 -312.768 12.458 -65.0749 -7.45628 -375.887 -16.537 -2.67806 18.9857 -1.76098
GPRESSAVG: 270000 -312.879 12.7878 -64.8377 -7.1735 -375.906 -16.3863 -2.77832 18.7186 -1.44784
ENERGY:  270000         0.0000         0.0000         0.0000         0.0000          -5616.4380       391.3680         0.0000         0.0000       985.2378          -4239.8322       313.0014     -5225.0700     -4237.6265       300.3690           -517.3887      -504.3832     23102.2461      -230.1386      -230.0776

LDB: ============= START OF LOAD BALANCING ============== 882.937
LDB: ============== END OF LOAD BALANCING =============== 882.938
Info: useSync: 0 useProxySync: 0
LDB: =============== DONE WITH MIGRATION ================ 882.938
LDB: ============= START OF LOAD BALANCING ============== 883.001
LDB: Largest compute 160 load 0.011047 is 23.5% of average load 0.047003
LDB: Average compute 0.003330 is 7.1% of average load 0.047003
LDB: TIME 883.001 LOAD: AVG 0.0470028 MAX 0.0569748  PROXIES: TOTAL 24 MAXPE 4 MAXPATCH 6 None MEM: 0.448026 MB
LDB: TIME 883.001 LOAD: AVG 0.0470028 MAX 0.0569748  PROXIES: TOTAL 34 MAXPE 4 MAXPATCH 9 RefineTorusLB MEM: 0.448026 MB
LDB: TIME 883.001 LOAD: AVG 0.0470028 MAX 0.0512145  PROXIES: TOTAL 34 MAXPE 4 MAXPATCH 9 RefineTorusLB MEM: 0.448026 MB
LDB: ============== END OF LOAD BALANCING =============== 883.001
Info: useSync: 0 useProxySync: 0
LDB: =============== DONE WITH MIGRATION ================ 883.002
LDB: ============= START OF LOAD BALANCING ============== 885.291
LDB: ============== END OF LOAD BALANCING =============== 885.291
Info: useSync: 0 useProxySync: 0
LDB: =============== DONE WITH MIGRATION ================ 885.291
LDB: ============= START OF LOAD BALANCING ============== 885.35
LDB: Largest compute 160 load 0.011391 is 23.3% of average load 0.048903
LDB: Average compute 0.003487 is 7.1% of average load 0.048903
LDB: TIME 885.35 LOAD: AVG 0.0489032 MAX 0.054052  PROXIES: TOTAL 24 MAXPE 4 MAXPATCH 6 None MEM: 0.448026 MB
LDB: TIME 885.35 LOAD: AVG 0.0489032 MAX 0.054052  PROXIES: TOTAL 34 MAXPE 4 MAXPATCH 9 RefineTorusLB MEM: 0.448026 MB
LDB: TIME 885.35 LOAD: AVG 0.0489032 MAX 0.0531434  PROXIES: TOTAL 34 MAXPE 4 MAXPATCH 9 RefineTorusLB MEM: 0.448026 MB
LDB: ============== END OF LOAD BALANCING =============== 885.351
Info: useSync: 0 useProxySync: 0
LDB: =============== DONE WITH MIGRATION ================ 885.351
LDB: ============= START OF LOAD BALANCING ============== 887.694
LDB: ============== END OF LOAD BALANCING =============== 887.694
Info: useSync: 0 useProxySync: 0
LDB: =============== DONE WITH MIGRATION ================ 887.694
LDB: ============= START OF LOAD BALANCING ============== 887.753
LDB: Largest compute 136 load 0.011492 is 23.5% of average load 0.048890
LDB: Average compute 0.003488 is 7.1% of average load 0.048890
LDB: TIME 887.753 LOAD: AVG 0.0488905 MAX 0.0546734  PROXIES: TOTAL 24 MAXPE 4 MAXPATCH 6 None MEM: 0.448026 MB
LDB: TIME 887.753 LOAD: AVG 0.0488905 MAX 0.0546734  PROXIES: TOTAL 34 MAXPE 4 MAXPATCH 9 RefineTorusLB MEM: 0.448026 MB
LDB: TIME 887.753 LOAD: AVG 0.0488905 MAX 0.0533148  PROXIES: TOTAL 34 MAXPE 4 MAXPATCH 9 RefineTorusLB MEM: 0.448026 MB
LDB: ============== END OF LOAD BALANCING =============== 887.753
Info: useSync: 0 useProxySync: 0
LDB: =============== DONE WITH MIGRATION ================ 887.754
WRITING COORDINATES TO DCD FILE MDequil.dcd AT STEP 275000
PRESSURE: 275000 -691.985 -550.808 -273.447 -691.593 -1683.81 524.909 270.869 759.878 -213.866
GPRESSURE: 275000 -485.034 -619.78 76.6319 -467.556 -1788.35 327.021 268.495 489.299 -249.894
PRESSAVG: 275000 -403.546 18.6204 -13.5315 14.934 -404.587 -77.7571 65.1972 9.38545 4.46923
GPRESSAVG: 275000 -403.457 18.2189 -13.4666 14.766 -404.576 -78.1067 65.3718 9.78878 4.80514
ENERGY:  275000         0.0000         0.0000         0.0000         0.0000          -5568.1242       365.7610         0.0000         0.0000       962.2332          -4240.1300       305.6930     -5202.3632     -4237.8352       301.3897           -863.2201      -841.0912     22918.6555      -267.8878      -267.7425

LDB: ============= START OF LOAD BALANCING ============== 890.484
LDB: ============== END OF LOAD BALANCING =============== 890.484
Info: useSync: 0 useProxySync: 0
LDB: =============== DONE WITH MIGRATION ================ 890.484
LDB: ============= START OF LOAD BALANCING ============== 890.554
LDB: Largest compute 160 load 0.014981 is 27.7% of average load 0.054086
LDB: Average compute 0.003860 is 7.1% of average load 0.054086
LDB: TIME 890.555 LOAD: AVG 0.0540858 MAX 0.0645353  PROXIES: TOTAL 24 MAXPE 4 MAXPATCH 6 None MEM: 0.448026 MB
LDB: TIME 890.555 LOAD: AVG 0.0540858 MAX 0.0645353  PROXIES: TOTAL 34 MAXPE 4 MAXPATCH 9 RefineTorusLB MEM: 0.448026 MB
LDB: TIME 890.555 LOAD: AVG 0.0540858 MAX 0.0590747  PROXIES: TOTAL 34 MAXPE 4 MAXPATCH 9 RefineTorusLB MEM: 0.448026 MB
LDB: ============== END OF LOAD BALANCING =============== 890.555
Info: useSync: 0 useProxySync: 0
LDB: =============== DONE WITH MIGRATION ================ 890.555
LDB: ============= START OF LOAD BALANCING ============== 893.336
LDB: ============== END OF LOAD BALANCING =============== 893.336
Info: useSync: 0 useProxySync: 0
LDB: =============== DONE WITH MIGRATION ================ 893.336
LDB: ============= START OF LOAD BALANCING ============== 893.407
LDB: Largest compute 160 load 0.012908 is 23.6% of average load 0.054655
LDB: Average compute 0.003886 is 7.1% of average load 0.054655
LDB: TIME 893.407 LOAD: AVG 0.0546546 MAX 0.0617572  PROXIES: TOTAL 24 MAXPE 4 MAXPATCH 6 None MEM: 0.448026 MB
LDB: TIME 893.407 LOAD: AVG 0.0546546 MAX 0.0617572  PROXIES: TOTAL 34 MAXPE 4 MAXPATCH 9 RefineTorusLB MEM: 0.448026 MB
LDB: TIME 893.408 LOAD: AVG 0.0546546 MAX 0.0596506  PROXIES: TOTAL 34 MAXPE 4 MAXPATCH 9 RefineTorusLB MEM: 0.448026 MB
LDB: ============== END OF LOAD BALANCING =============== 893.408
Info: useSync: 0 useProxySync: 0
LDB: =============== DONE WITH MIGRATION ================ 893.408
PRESSURE: 280000 17.7621 -340.364 -240.527 -374.257 -1360.15 268.561 -22.622 148.294 102.056
GPRESSURE: 280000 -15.1863 -324.026 -169.351 -26.9371 -1301.98 187.049 48.895 245.439 159.049
PRESSAVG: 280000 -435.193 99.0874 -101.478 75.8906 -338.805 -68.8815 -69.4034 -58.1457 -17.0607
GPRESSAVG: 280000 -434.991 98.7196 -101.908 75.9652 -338.726 -68.6904 -69.6211 -58.2956 -17.0711
ENERGY:  280000         0.0000         0.0000         0.0000         0.0000          -5630.1462       392.0990         0.0000         0.0000       925.9539          -4312.0932       294.1674     -5238.0472     -4310.9621       297.6043           -413.4452      -386.0392     22694.9302      -263.6861      -263.5959

WRITING COORDINATES TO DCD FILE MDequil.dcd AT STEP 280000
LDB: ============= START OF LOAD BALANCING ============== 896.018
LDB: ============== END OF LOAD BALANCING =============== 896.018
Info: useSync: 0 useProxySync: 0
LDB: =============== DONE WITH MIGRATION ================ 896.018
LDB: ============= START OF LOAD BALANCING ============== 896.081
LDB: Largest compute 160 load 0.012250 is 22.8% of average load 0.053680
LDB: Average compute 0.003828 is 7.1% of average load 0.053680
LDB: TIME 896.081 LOAD: AVG 0.05368 MAX 0.0584346  PROXIES: TOTAL 24 MAXPE 4 MAXPATCH 6 None MEM: 0.448026 MB
LDB: TIME 896.081 LOAD: AVG 0.05368 MAX 0.0584346  PROXIES: TOTAL 34 MAXPE 4 MAXPATCH 9 RefineTorusLB MEM: 0.448026 MB
LDB: TIME 896.081 LOAD: AVG 0.05368 MAX 0.0584346  PROXIES: TOTAL 34 MAXPE 4 MAXPATCH 9 RefineTorusLB MEM: 0.448026 MB
LDB: ============== END OF LOAD BALANCING =============== 896.082
Info: useSync: 0 useProxySync: 0
LDB: =============== DONE WITH MIGRATION ================ 896.082
LDB: ============= START OF LOAD BALANCING ============== 898.579
LDB: ============== END OF LOAD BALANCING =============== 898.579
Info: useSync: 0 useProxySync: 0
LDB: =============== DONE WITH MIGRATION ================ 898.579
LDB: ============= START OF LOAD BALANCING ============== 898.644
LDB: Largest compute 161 load 0.014497 is 26.7% of average load 0.054310
LDB: Average compute 0.003872 is 7.1% of average load 0.054310
LDB: TIME 898.644 LOAD: AVG 0.0543104 MAX 0.0583702  PROXIES: TOTAL 24 MAXPE 4 MAXPATCH 6 None MEM: 0.448026 MB
LDB: TIME 898.644 LOAD: AVG 0.0543104 MAX 0.0583702  PROXIES: TOTAL 34 MAXPE 4 MAXPATCH 9 RefineTorusLB MEM: 0.448026 MB
LDB: TIME 898.644 LOAD: AVG 0.0543104 MAX 0.0583702  PROXIES: TOTAL 34 MAXPE 4 MAXPATCH 9 RefineTorusLB MEM: 0.448026 MB
LDB: ============== END OF LOAD BALANCING =============== 898.644
Info: useSync: 0 useProxySync: 0
LDB: =============== DONE WITH MIGRATION ================ 898.645
LDB: ============= START OF LOAD BALANCING ============== 901.108
LDB: ============== END OF LOAD BALANCING =============== 901.108
Info: useSync: 0 useProxySync: 0
LDB: =============== DONE WITH MIGRATION ================ 901.108
LDB: ============= START OF LOAD BALANCING ============== 901.171
LDB: Largest compute 52 load 0.013602 is 25.6% of average load 0.053048
LDB: Average compute 0.003776 is 7.1% of average load 0.053048
LDB: TIME 901.171 LOAD: AVG 0.0530482 MAX 0.0573905  PROXIES: TOTAL 24 MAXPE 4 MAXPATCH 6 None MEM: 0.448026 MB
LDB: TIME 901.171 LOAD: AVG 0.0530482 MAX 0.0573905  PROXIES: TOTAL 34 MAXPE 4 MAXPATCH 9 RefineTorusLB MEM: 0.448026 MB
LDB: TIME 901.171 LOAD: AVG 0.0530482 MAX 0.0573905  PROXIES: TOTAL 34 MAXPE 4 MAXPATCH 9 RefineTorusLB MEM: 0.448026 MB
LDB: ============== END OF LOAD BALANCING =============== 901.171
Info: useSync: 0 useProxySync: 0
LDB: =============== DONE WITH MIGRATION ================ 901.171
PRESSURE: 285000 -1367.46 14.3803 -70.5796 395.969 -374.527 319.53 104.775 -61.6059 -123.547
GPRESSURE: 285000 -1365.92 -10.7353 -254.423 322.545 -250 298.374 177.344 226.388 -175.713
PRESSAVG: 285000 -460.62 24.4526 57.9673 1.20176 -464.075 35.6238 66.0154 -5.40633 9.03709
GPRESSAVG: 285000 -460.4 24.8497 58.4889 0.967887 -464.247 35.7748 65.4613 -4.98739 8.91495
ENERGY:  285000         0.0000         0.0000         0.0000         0.0000          -5502.1235       348.7478         0.0000         0.0000       923.6675          -4229.7083       293.4410     -5153.3758     -4226.5931       298.5296           -621.8445      -597.2123     22994.3583      -305.2194      -305.2440

WRITING COORDINATES TO DCD FILE MDequil.dcd AT STEP 285000
LDB: ============= START OF LOAD BALANCING ============== 903.633
LDB: ============== END OF LOAD BALANCING =============== 903.633
Info: useSync: 0 useProxySync: 0
LDB: =============== DONE WITH MIGRATION ================ 903.633
LDB: ============= START OF LOAD BALANCING ============== 903.694
LDB: Largest compute 160 load 0.012416 is 23.4% of average load 0.053035
LDB: Average compute 0.003777 is 7.1% of average load 0.053035
LDB: TIME 903.695 LOAD: AVG 0.0530346 MAX 0.0563147  PROXIES: TOTAL 24 MAXPE 4 MAXPATCH 6 None MEM: 0.448026 MB
LDB: TIME 903.695 LOAD: AVG 0.0530346 MAX 0.0563147  PROXIES: TOTAL 34 MAXPE 4 MAXPATCH 9 RefineTorusLB MEM: 0.448026 MB
LDB: TIME 903.695 LOAD: AVG 0.0530346 MAX 0.0563147  PROXIES: TOTAL 34 MAXPE 4 MAXPATCH 9 RefineTorusLB MEM: 0.448026 MB
LDB: ============== END OF LOAD BALANCING =============== 903.695
Info: useSync: 0 useProxySync: 0
LDB: =============== DONE WITH MIGRATION ================ 903.706
LDB: ============= START OF LOAD BALANCING ============== 906.168
LDB: ============== END OF LOAD BALANCING =============== 906.168
Info: useSync: 0 useProxySync: 0
LDB: =============== DONE WITH MIGRATION ================ 906.168
LDB: ============= START OF LOAD BALANCING ============== 906.232
LDB: Largest compute 136 load 0.012798 is 23.6% of average load 0.054219
LDB: Average compute 0.003872 is 7.1% of average load 0.054219
LDB: TIME 906.232 LOAD: AVG 0.0542191 MAX 0.0583371  PROXIES: TOTAL 24 MAXPE 4 MAXPATCH 6 None MEM: 0.448026 MB
LDB: TIME 906.233 LOAD: AVG 0.0542191 MAX 0.0583371  PROXIES: TOTAL 34 MAXPE 4 MAXPATCH 9 RefineTorusLB MEM: 0.448026 MB
LDB: TIME 906.233 LOAD: AVG 0.0542191 MAX 0.0583371  PROXIES: TOTAL 34 MAXPE 4 MAXPATCH 9 RefineTorusLB MEM: 0.448026 MB
LDB: ============== END OF LOAD BALANCING =============== 906.233
Info: useSync: 0 useProxySync: 0
LDB: =============== DONE WITH MIGRATION ================ 906.233
WRITING COORDINATES TO DCD FILE MDequil.dcd AT STEP 290000
PRESSURE: 290000 652.051 -22.6302 -252.839 12.9909 221.502 -236.437 -29.7842 -215.252 735.214
GPRESSURE: 290000 602.562 300.442 -309.73 -136.99 218.363 -276.078 -165.901 -40.5591 849.454
PRESSAVG: 290000 -374.31 -50.3183 5.20486 -69.4554 -439.576 85.2455 -10.3245 74.479 13.5327
GPRESSAVG: 290000 -374.817 -50.3895 5.02993 -69.1787 -439.297 85.3499 -10.2826 74.4618 13.831
ENERGY:  290000         0.0000         0.0000         0.0000         0.0000          -5682.9607       456.8115         0.0000         0.0000       918.7323          -4307.4168       291.8732     -5226.1492     -4305.7274       301.0441            536.2556       556.7931     22678.4119      -266.7844      -266.7609

LDB: ============= START OF LOAD BALANCING ============== 908.703
LDB: ============== END OF LOAD BALANCING =============== 908.703
Info: useSync: 0 useProxySync: 0
LDB: =============== DONE WITH MIGRATION ================ 908.706
LDB: ============= START OF LOAD BALANCING ============== 908.769
LDB: Largest compute 161 load 0.012901 is 23.9% of average load 0.053878
LDB: Average compute 0.003844 is 7.1% of average load 0.053878
LDB: TIME 908.769 LOAD: AVG 0.053878 MAX 0.0587337  PROXIES: TOTAL 24 MAXPE 4 MAXPATCH 6 None MEM: 0.448026 MB
LDB: TIME 908.77 LOAD: AVG 0.053878 MAX 0.0587337  PROXIES: TOTAL 34 MAXPE 4 MAXPATCH 9 RefineTorusLB MEM: 0.448026 MB
LDB: TIME 908.77 LOAD: AVG 0.053878 MAX 0.0587337  PROXIES: TOTAL 34 MAXPE 4 MAXPATCH 9 RefineTorusLB MEM: 0.448026 MB
LDB: ============== END OF LOAD BALANCING =============== 908.77
Info: useSync: 0 useProxySync: 0
LDB: =============== DONE WITH MIGRATION ================ 908.77
LDB: ============= START OF LOAD BALANCING ============== 911.27
LDB: ============== END OF LOAD BALANCING =============== 911.27
Info: useSync: 0 useProxySync: 0
LDB: =============== DONE WITH MIGRATION ================ 911.271
LDB: ============= START OF LOAD BALANCING ============== 911.336
LDB: Largest compute 161 load 0.012560 is 23.3% of average load 0.053908
LDB: Average compute 0.003843 is 7.1% of average load 0.053908
LDB: TIME 911.336 LOAD: AVG 0.0539076 MAX 0.0594451  PROXIES: TOTAL 24 MAXPE 4 MAXPATCH 6 None MEM: 0.448026 MB
LDB: TIME 911.336 LOAD: AVG 0.0539076 MAX 0.0594451  PROXIES: TOTAL 34 MAXPE 4 MAXPATCH 9 RefineTorusLB MEM: 0.448026 MB
LDB: TIME 911.336 LOAD: AVG 0.0539076 MAX 0.0578724  PROXIES: TOTAL 34 MAXPE 4 MAXPATCH 9 RefineTorusLB MEM: 0.448026 MB
LDB: ============== END OF LOAD BALANCING =============== 911.336
Info: useSync: 0 useProxySync: 0
LDB: =============== DONE WITH MIGRATION ================ 911.336
LDB: ============= START OF LOAD BALANCING ============== 913.924
LDB: ============== END OF LOAD BALANCING =============== 913.924
Info: useSync: 0 useProxySync: 0
LDB: =============== DONE WITH MIGRATION ================ 913.924
LDB: ============= START OF LOAD BALANCING ============== 913.994
LDB: Largest compute 136 load 0.012798 is 23.4% of average load 0.054713
LDB: Average compute 0.003903 is 7.1% of average load 0.054713
LDB: TIME 914 LOAD: AVG 0.054713 MAX 0.0598563  PROXIES: TOTAL 24 MAXPE 4 MAXPATCH 6 None MEM: 0.448026 MB
LDB: TIME 914 LOAD: AVG 0.054713 MAX 0.0598563  PROXIES: TOTAL 34 MAXPE 4 MAXPATCH 9 RefineTorusLB MEM: 0.448026 MB
LDB: TIME 914 LOAD: AVG 0.054713 MAX 0.0589165  PROXIES: TOTAL 34 MAXPE 4 MAXPATCH 9 RefineTorusLB MEM: 0.448026 MB
LDB: ============== END OF LOAD BALANCING =============== 914
Info: useSync: 0 useProxySync: 0
LDB: =============== DONE WITH MIGRATION ================ 914.001
PRESSURE: 295000 165.609 558.311 252.105 432.846 -64.6402 751.778 0.501925 552.174 -293.299
GPRESSURE: 295000 -154.58 473.079 337.643 260.42 -56.5457 714.806 326.051 573.162 118.046
PRESSAVG: 295000 -261.58 -0.390609 -92.479 64.5562 -293.18 -31.577 -13.5041 -46.6405 15.7733
GPRESSAVG: 295000 -261.488 -0.333098 -92.6404 64.6502 -293.043 -31.2937 -13.5911 -46.8449 15.9039
ENERGY:  295000         0.0000         0.0000         0.0000         0.0000          -5645.3954       424.2468         0.0000         0.0000       949.3481          -4271.8004       301.5996     -5221.1486     -4269.9550       300.5724            -64.1100       -31.0265     22713.5037      -179.6624      -179.5423

WRITING COORDINATES TO DCD FILE MDequil.dcd AT STEP 295000
LDB: ============= START OF LOAD BALANCING ============== 919.066
LDB: ============== END OF LOAD BALANCING =============== 919.066
Info: useSync: 0 useProxySync: 0
LDB: =============== DONE WITH MIGRATION ================ 919.078
LDB: ============= START OF LOAD BALANCING ============== 919.14
LDB: Largest compute 160 load 0.013423 is 25.6% of average load 0.052511
LDB: Average compute 0.003738 is 7.1% of average load 0.052511
LDB: TIME 919.141 LOAD: AVG 0.0525106 MAX 0.0601535  PROXIES: TOTAL 24 MAXPE 4 MAXPATCH 6 None MEM: 0.448026 MB
LDB: TIME 919.141 LOAD: AVG 0.0525106 MAX 0.0601535  PROXIES: TOTAL 34 MAXPE 4 MAXPATCH 9 RefineTorusLB MEM: 0.448026 MB
LDB: TIME 919.141 LOAD: AVG 0.0525106 MAX 0.0565837  PROXIES: TOTAL 34 MAXPE 4 MAXPATCH 9 RefineTorusLB MEM: 0.448026 MB
LDB: ============== END OF LOAD BALANCING =============== 919.141
Info: useSync: 0 useProxySync: 0
LDB: =============== DONE WITH MIGRATION ================ 919.141
LDB: ============= START OF LOAD BALANCING ============== 922.097
LDB: ============== END OF LOAD BALANCING =============== 922.097
Info: useSync: 0 useProxySync: 0
LDB: =============== DONE WITH MIGRATION ================ 922.097
LDB: ============= START OF LOAD BALANCING ============== 922.218
LDB: Largest compute 137 load 0.017210 is 29.0% of average load 0.059391
LDB: Average compute 0.004211 is 7.1% of average load 0.059391
LDB: TIME 922.218 LOAD: AVG 0.0593911 MAX 0.116247  PROXIES: TOTAL 24 MAXPE 4 MAXPATCH 6 None MEM: 0.448026 MB
LDB: TIME 922.219 LOAD: AVG 0.0593911 MAX 0.116247  PROXIES: TOTAL 34 MAXPE 4 MAXPATCH 9 RefineTorusLB MEM: 0.448026 MB
LDB: TIME 922.219 LOAD: AVG 0.0593911 MAX 0.064685  PROXIES: TOTAL 34 MAXPE 4 MAXPATCH 9 RefineTorusLB MEM: 0.448026 MB
LDB: ============== END OF LOAD BALANCING =============== 922.219
Info: useSync: 0 useProxySync: 0
LDB: =============== DONE WITH MIGRATION ================ 922.219
PRESSURE: 300000 5.91171 333.773 497.84 34.4846 -439.456 -118.405 73.1017 7.5406 111.445
GPRESSURE: 300000 70.0345 71.6514 412.423 36.6066 -343.61 44.2393 153.987 -218.313 29.3884
PRESSAVG: 300000 -241.901 33.5666 3.42694 19.6045 -233.887 28.692 -37.2925 31.4311 18.5911
GPRESSAVG: 300000 -241.945 33.547 3.20815 19.5788 -233.669 28.588 -37.1336 31.7749 18.4753
TIMING: 300000  CPU: 822, 0.00234208/step  Wall: 912.543, 0.00255843/step, 0.142135 hours remaining, 0.448026 MB of memory in use.
PERFORMANCE: 300000  averaging 56.809 ns/day, 0.00304177 sec/step with standard deviation 0.000523215
ETITLE:      TS           BOND          ANGLE          DIHED          IMPRP               ELECT            VDW       BOUNDARY           MISC        KINETIC               TOTAL           TEMP      POTENTIAL         TOTAL3        TEMPAVG            PRESSURE      GPRESSURE         VOLUME       PRESSAVG      GPRESSAVG

ENERGY:  300000         0.0000         0.0000         0.0000         0.0000          -5586.1528       386.0800         0.0000         0.0000       956.6453          -4243.4274       303.9178     -5200.0728     -4240.5540       301.3217           -107.3662       -81.3959     22602.3060      -152.3988      -152.3796

WRITING EXTENDED SYSTEM TO RESTART FILE AT STEP 300000
WRITING COORDINATES TO DCD FILE MDequil.dcd AT STEP 300000
WRITING COORDINATES TO RESTART FILE AT STEP 300000
FINISHED WRITING RESTART COORDINATES
WRITING VELOCITIES TO RESTART FILE AT STEP 300000
FINISHED WRITING RESTART VELOCITIES
LDB: ============= START OF LOAD BALANCING ============== 925.926
LDB: ============== END OF LOAD BALANCING =============== 925.926
Info: useSync: 0 useProxySync: 0
LDB: =============== DONE WITH MIGRATION ================ 925.926
LDB: ============= START OF LOAD BALANCING ============== 925.994
LDB: Largest compute 161 load 0.011899 is 22.6% of average load 0.052643
LDB: Average compute 0.003749 is 7.1% of average load 0.052643
LDB: TIME 925.994 LOAD: AVG 0.0526433 MAX 0.0633714  PROXIES: TOTAL 24 MAXPE 4 MAXPATCH 6 None MEM: 0.448026 MB
LDB: TIME 925.994 LOAD: AVG 0.0526433 MAX 0.0633714  PROXIES: TOTAL 34 MAXPE 4 MAXPATCH 9 RefineTorusLB MEM: 0.448026 MB
LDB: TIME 925.994 LOAD: AVG 0.0526433 MAX 0.0575063  PROXIES: TOTAL 34 MAXPE 4 MAXPATCH 9 RefineTorusLB MEM: 0.448026 MB
LDB: ============== END OF LOAD BALANCING =============== 925.994
Info: useSync: 0 useProxySync: 0
LDB: =============== DONE WITH MIGRATION ================ 925.995
LDB: ============= START OF LOAD BALANCING ============== 928.584
LDB: ============== END OF LOAD BALANCING =============== 928.584
Info: useSync: 0 useProxySync: 0
LDB: =============== DONE WITH MIGRATION ================ 928.584
LDB: ============= START OF LOAD BALANCING ============== 928.649
LDB: Largest compute 161 load 0.012720 is 24.0% of average load 0.053015
LDB: Average compute 0.003777 is 7.1% of average load 0.053015
LDB: TIME 928.649 LOAD: AVG 0.053015 MAX 0.060009  PROXIES: TOTAL 24 MAXPE 4 MAXPATCH 6 None MEM: 0.448026 MB
LDB: TIME 928.649 LOAD: AVG 0.053015 MAX 0.060009  PROXIES: TOTAL 34 MAXPE 4 MAXPATCH 9 RefineTorusLB MEM: 0.448026 MB
LDB: TIME 928.649 LOAD: AVG 0.053015 MAX 0.0575255  PROXIES: TOTAL 34 MAXPE 4 MAXPATCH 9 RefineTorusLB MEM: 0.448026 MB
LDB: ============== END OF LOAD BALANCING =============== 928.649
Info: useSync: 0 useProxySync: 0
LDB: =============== DONE WITH MIGRATION ================ 928.65
LDB: ============= START OF LOAD BALANCING ============== 931.208
LDB: ============== END OF LOAD BALANCING =============== 931.209
Info: useSync: 0 useProxySync: 0
LDB: =============== DONE WITH MIGRATION ================ 931.209
LDB: ============= START OF LOAD BALANCING ============== 931.273
LDB: Largest compute 161 load 0.012704 is 23.9% of average load 0.053262
LDB: Average compute 0.003798 is 7.1% of average load 0.053262
LDB: TIME 931.273 LOAD: AVG 0.0532621 MAX 0.0581233  PROXIES: TOTAL 24 MAXPE 4 MAXPATCH 6 None MEM: 0.448026 MB
LDB: TIME 931.273 LOAD: AVG 0.0532621 MAX 0.0581233  PROXIES: TOTAL 34 MAXPE 4 MAXPATCH 9 RefineTorusLB MEM: 0.448026 MB
LDB: TIME 931.273 LOAD: AVG 0.0532621 MAX 0.0581233  PROXIES: TOTAL 34 MAXPE 4 MAXPATCH 9 RefineTorusLB MEM: 0.448026 MB
LDB: ============== END OF LOAD BALANCING =============== 931.273
Info: useSync: 0 useProxySync: 0
LDB: =============== DONE WITH MIGRATION ================ 931.273
PRESSURE: 305000 93.022 -479.29 508.115 -495.711 -1613.74 -73.7881 -211.215 184.367 -740.912
GPRESSURE: 305000 -108.787 -165.203 776.897 -772.987 -1625.2 -123.804 -295.937 357.388 -469.687
PRESSAVG: 305000 -326.872 24.5506 -25.753 19.0866 -338.654 -4.31583 -1.54738 26.6456 11.7455
GPRESSAVG: 305000 -326.416 24.7295 -26.1546 19.3125 -338.796 -4.24467 -1.20804 26.6918 11.8361
ENERGY:  305000         0.0000         0.0000         0.0000         0.0000          -5555.4106       348.5611         0.0000         0.0000       915.1666          -4291.6828       290.7404     -5206.8495     -4289.5642       298.4688           -753.8764      -734.5584     22850.7568      -217.9270      -217.7921

WRITING COORDINATES TO DCD FILE MDequil.dcd AT STEP 305000
LDB: ============= START OF LOAD BALANCING ============== 933.951
LDB: ============== END OF LOAD BALANCING =============== 933.951
Info: useSync: 0 useProxySync: 0
LDB: =============== DONE WITH MIGRATION ================ 933.951
LDB: ============= START OF LOAD BALANCING ============== 934.015
LDB: Largest compute 52 load 0.012637 is 23.8% of average load 0.053100
LDB: Average compute 0.003779 is 7.1% of average load 0.053100
LDB: TIME 934.016 LOAD: AVG 0.0530996 MAX 0.0588487  PROXIES: TOTAL 24 MAXPE 4 MAXPATCH 6 None MEM: 0.448026 MB
LDB: TIME 934.016 LOAD: AVG 0.0530996 MAX 0.0588487  PROXIES: TOTAL 34 MAXPE 4 MAXPATCH 9 RefineTorusLB MEM: 0.448026 MB
LDB: TIME 934.016 LOAD: AVG 0.0530996 MAX 0.0578716  PROXIES: TOTAL 34 MAXPE 4 MAXPATCH 9 RefineTorusLB MEM: 0.448026 MB
LDB: ============== END OF LOAD BALANCING =============== 934.016
Info: useSync: 0 useProxySync: 0
LDB: =============== DONE WITH MIGRATION ================ 934.016
LDB: ============= START OF LOAD BALANCING ============== 937.039
LDB: ============== END OF LOAD BALANCING =============== 937.039
Info: useSync: 0 useProxySync: 0
LDB: =============== DONE WITH MIGRATION ================ 937.039
LDB: ============= START OF LOAD BALANCING ============== 937.104
LDB: Largest compute 161 load 0.012414 is 22.8% of average load 0.054387
LDB: Average compute 0.003883 is 7.1% of average load 0.054387
LDB: TIME 937.104 LOAD: AVG 0.0543871 MAX 0.0587836  PROXIES: TOTAL 24 MAXPE 4 MAXPATCH 6 None MEM: 0.448026 MB
LDB: TIME 937.104 LOAD: AVG 0.0543871 MAX 0.0587836  PROXIES: TOTAL 34 MAXPE 4 MAXPATCH 9 RefineTorusLB MEM: 0.448026 MB
LDB: TIME 937.104 LOAD: AVG 0.0543871 MAX 0.0587836  PROXIES: TOTAL 34 MAXPE 4 MAXPATCH 9 RefineTorusLB MEM: 0.448026 MB
LDB: ============== END OF LOAD BALANCING =============== 937.104
Info: useSync: 0 useProxySync: 0
LDB: =============== DONE WITH MIGRATION ================ 937.105
WRITING COORDINATES TO DCD FILE MDequil.dcd AT STEP 310000
PRESSURE: 310000 -82.0524 -3.78394 -31.3955 217.42 -137.132 669.757 -308.955 200.333 516.686
GPRESSURE: 310000 46.4189 172.973 222.708 163.121 -90.5629 673.277 -260.378 23.8308 435.414
PRESSAVG: 310000 -313.929 16.9632 -25.9487 -10.9004 -376.593 -101.172 -25.2784 -40.0501 9.07356
GPRESSAVG: 310000 -314.494 16.8326 -25.8347 -11.045 -376.348 -100.843 -25.5776 -40.2406 9.12949
ENERGY:  310000         0.0000         0.0000         0.0000         0.0000          -5578.0017       404.5885         0.0000         0.0000       927.2441          -4246.1691       294.5773     -5173.4132     -4244.6892       302.9497             99.1675       130.4232     22473.5777      -227.1495      -227.2376

LDB: ============= START OF LOAD BALANCING ============== 940.23
LDB: ============== END OF LOAD BALANCING =============== 940.231
Info: useSync: 0 useProxySync: 0
LDB: =============== DONE WITH MIGRATION ================ 940.231
LDB: ============= START OF LOAD BALANCING ============== 940.333
LDB: Largest compute 148 load 0.026581 is 47.4% of average load 0.056113
LDB: Average compute 0.004022 is 7.2% of average load 0.056113
LDB: TIME 940.333 LOAD: AVG 0.0561125 MAX 0.0880714  PROXIES: TOTAL 24 MAXPE 4 MAXPATCH 6 None MEM: 0.448026 MB
LDB: TIME 940.333 LOAD: AVG 0.0561125 MAX 0.0880714  PROXIES: TOTAL 34 MAXPE 4 MAXPATCH 9 RefineTorusLB MEM: 0.448026 MB
LDB: TIME 940.333 LOAD: AVG 0.0561125 MAX 0.0610884  PROXIES: TOTAL 34 MAXPE 4 MAXPATCH 9 RefineTorusLB MEM: 0.448026 MB
LDB: ============== END OF LOAD BALANCING =============== 940.334
Info: useSync: 0 useProxySync: 0
LDB: =============== DONE WITH MIGRATION ================ 940.334
LDB: ============= START OF LOAD BALANCING ============== 943.432
LDB: ============== END OF LOAD BALANCING =============== 943.432
Info: useSync: 0 useProxySync: 0
LDB: =============== DONE WITH MIGRATION ================ 943.433
LDB: ============= START OF LOAD BALANCING ============== 943.499
LDB: Largest compute 161 load 0.012944 is 24.3% of average load 0.053327
LDB: Average compute 0.003794 is 7.1% of average load 0.053327
LDB: TIME 943.499 LOAD: AVG 0.0533266 MAX 0.0631764  PROXIES: TOTAL 24 MAXPE 4 MAXPATCH 6 None MEM: 0.448026 MB
LDB: TIME 943.5 LOAD: AVG 0.0533266 MAX 0.0631764  PROXIES: TOTAL 34 MAXPE 4 MAXPATCH 9 RefineTorusLB MEM: 0.448026 MB
LDB: TIME 943.5 LOAD: AVG 0.0533266 MAX 0.0582434  PROXIES: TOTAL 34 MAXPE 4 MAXPATCH 9 RefineTorusLB MEM: 0.448026 MB
LDB: ============== END OF LOAD BALANCING =============== 943.5
Info: useSync: 0 useProxySync: 0
LDB: =============== DONE WITH MIGRATION ================ 943.5
LDB: ============= START OF LOAD BALANCING ============== 946.176
LDB: ============== END OF LOAD BALANCING =============== 946.176
Info: useSync: 0 useProxySync: 0
LDB: =============== DONE WITH MIGRATION ================ 946.176
LDB: ============= START OF LOAD BALANCING ============== 946.241
LDB: Largest compute 52 load 0.011890 is 22.5% of average load 0.052794
LDB: Average compute 0.003755 is 7.1% of average load 0.052794
LDB: TIME 946.241 LOAD: AVG 0.0527938 MAX 0.0605742  PROXIES: TOTAL 24 MAXPE 4 MAXPATCH 6 None MEM: 0.448026 MB
LDB: TIME 946.241 LOAD: AVG 0.0527938 MAX 0.0605742  PROXIES: TOTAL 34 MAXPE 4 MAXPATCH 9 RefineTorusLB MEM: 0.448026 MB
LDB: TIME 946.241 LOAD: AVG 0.0527938 MAX 0.0575077  PROXIES: TOTAL 34 MAXPE 4 MAXPATCH 9 RefineTorusLB MEM: 0.448026 MB
LDB: ============== END OF LOAD BALANCING =============== 946.241
Info: useSync: 0 useProxySync: 0
LDB: =============== DONE WITH MIGRATION ================ 946.241
PRESSURE: 315000 -852.278 -449.563 -238.658 -312.412 -1170.57 -61.9951 -391.597 -753.029 599.995
GPRESSURE: 315000 -808.117 -496.199 -71.7192 -166.391 -1023.95 21.2303 -194.961 -1172.53 480.536
PRESSAVG: 315000 -314.464 32.0313 13.3889 59.9372 -309.842 50.8255 -59.7918 -60.0688 1.97452
GPRESSAVG: 315000 -313.993 31.7794 13.4804 60.4142 -310.14 50.4548 -59.6173 -60.2918 1.94009
ENERGY:  315000         0.0000         0.0000         0.0000         0.0000          -5549.0914       375.1123         0.0000         0.0000       963.7301          -4210.2490       306.1686     -5173.9791     -4208.0203       303.9454           -474.2834      -450.5113     22898.7516      -207.4439      -207.3975

WRITING COORDINATES TO DCD FILE MDequil.dcd AT STEP 315000
LDB: ============= START OF LOAD BALANCING ============== 948.938
LDB: ============== END OF LOAD BALANCING =============== 948.941
Info: useSync: 0 useProxySync: 0
LDB: =============== DONE WITH MIGRATION ================ 948.941
LDB: ============= START OF LOAD BALANCING ============== 949.019
LDB: Largest compute 148 load 0.012721 is 23.5% of average load 0.054131
LDB: Average compute 0.003857 is 7.1% of average load 0.054131
LDB: TIME 949.02 LOAD: AVG 0.0541312 MAX 0.0592385  PROXIES: TOTAL 24 MAXPE 4 MAXPATCH 6 None MEM: 0.448026 MB
LDB: TIME 949.02 LOAD: AVG 0.0541312 MAX 0.0592385  PROXIES: TOTAL 34 MAXPE 4 MAXPATCH 9 RefineTorusLB MEM: 0.448026 MB
LDB: TIME 949.02 LOAD: AVG 0.0541312 MAX 0.0585514  PROXIES: TOTAL 34 MAXPE 4 MAXPATCH 9 RefineTorusLB MEM: 0.448026 MB
LDB: ============== END OF LOAD BALANCING =============== 949.02
Info: useSync: 0 useProxySync: 0
LDB: =============== DONE WITH MIGRATION ================ 949.02
LDB: ============= START OF LOAD BALANCING ============== 952.133
LDB: ============== END OF LOAD BALANCING =============== 952.133
Info: useSync: 0 useProxySync: 0
LDB: =============== DONE WITH MIGRATION ================ 952.133
LDB: ============= START OF LOAD BALANCING ============== 952.249
LDB: Largest compute 151 load 0.022280 is 38.7% of average load 0.057559
LDB: Average compute 0.004116 is 7.2% of average load 0.057559
LDB: TIME 952.249 LOAD: AVG 0.0575592 MAX 0.102269  PROXIES: TOTAL 24 MAXPE 4 MAXPATCH 6 None MEM: 0.448026 MB
LDB: TIME 952.249 LOAD: AVG 0.0575592 MAX 0.102269  PROXIES: TOTAL 34 MAXPE 4 MAXPATCH 9 RefineTorusLB MEM: 0.448026 MB
LDB: TIME 952.249 LOAD: AVG 0.0575592 MAX 0.0627605  PROXIES: TOTAL 35 MAXPE 4 MAXPATCH 10 RefineTorusLB MEM: 0.448026 MB
LDB: ============== END OF LOAD BALANCING =============== 952.25
Info: useSync: 0 useProxySync: 0
LDB: =============== DONE WITH MIGRATION ================ 952.25
PRESSURE: 320000 -495.267 -27.0788 169.951 451.583 387.46 33.8075 -253.516 -274.204 313.06
GPRESSURE: 320000 -452.606 -5.69877 264.172 381.864 236.262 58.4508 -145.467 -346.57 418.351
PRESSAVG: 320000 -313.543 -17.5648 19.9043 -33.078 -351.109 40.5297 42.5682 65.8837 5.55337
GPRESSAVG: 320000 -313.53 -17.533 19.9957 -33.2837 -350.911 41.0025 42.768 66.1191 5.30701
ENERGY:  320000         0.0000         0.0000         0.0000         0.0000          -5652.2762       411.6670         0.0000         0.0000       972.4588          -4268.1504       308.9416     -5240.6093     -4265.7225       301.6447             68.4177        67.3358     22408.9796      -219.6996      -219.7114

WRITING COORDINATES TO DCD FILE MDequil.dcd AT STEP 320000
LDB: ============= START OF LOAD BALANCING ============== 955.198
LDB: ============== END OF LOAD BALANCING =============== 955.198
Info: useSync: 0 useProxySync: 0
LDB: =============== DONE WITH MIGRATION ================ 955.199
LDB: ============= START OF LOAD BALANCING ============== 955.266
LDB: Largest compute 160 load 0.013222 is 24.2% of average load 0.054736
LDB: Average compute 0.003899 is 7.1% of average load 0.054736
LDB: TIME 955.267 LOAD: AVG 0.0547364 MAX 0.0642263  PROXIES: TOTAL 24 MAXPE 4 MAXPATCH 6 None MEM: 0.448026 MB
LDB: TIME 955.267 LOAD: AVG 0.0547364 MAX 0.0642263  PROXIES: TOTAL 35 MAXPE 4 MAXPATCH 10 RefineTorusLB MEM: 0.448026 MB
LDB: TIME 955.267 LOAD: AVG 0.0547364 MAX 0.0595936  PROXIES: TOTAL 35 MAXPE 4 MAXPATCH 10 RefineTorusLB MEM: 0.448026 MB
LDB: ============== END OF LOAD BALANCING =============== 955.267
Info: useSync: 0 useProxySync: 0
LDB: =============== DONE WITH MIGRATION ================ 955.267
LDB: ============= START OF LOAD BALANCING ============== 958.103
LDB: ============== END OF LOAD BALANCING =============== 958.103
Info: useSync: 0 useProxySync: 0
LDB: =============== DONE WITH MIGRATION ================ 958.103
LDB: ============= START OF LOAD BALANCING ============== 958.167
LDB: Largest compute 52 load 0.013353 is 24.7% of average load 0.054136
LDB: Average compute 0.003849 is 7.1% of average load 0.054136
LDB: TIME 958.167 LOAD: AVG 0.054136 MAX 0.0596366  PROXIES: TOTAL 24 MAXPE 4 MAXPATCH 6 None MEM: 0.448026 MB
LDB: TIME 958.167 LOAD: AVG 0.054136 MAX 0.0596366  PROXIES: TOTAL 35 MAXPE 4 MAXPATCH 10 RefineTorusLB MEM: 0.448026 MB
LDB: TIME 958.167 LOAD: AVG 0.054136 MAX 0.0584192  PROXIES: TOTAL 35 MAXPE 4 MAXPATCH 10 RefineTorusLB MEM: 0.448026 MB
LDB: ============== END OF LOAD BALANCING =============== 958.167
Info: useSync: 0 useProxySync: 0
LDB: =============== DONE WITH MIGRATION ================ 958.168
LDB: ============= START OF LOAD BALANCING ============== 960.776
LDB: ============== END OF LOAD BALANCING =============== 960.776
Info: useSync: 0 useProxySync: 0
LDB: =============== DONE WITH MIGRATION ================ 960.776
LDB: ============= START OF LOAD BALANCING ============== 960.84
LDB: Largest compute 160 load 0.012777 is 23.6% of average load 0.054132
LDB: Average compute 0.003853 is 7.1% of average load 0.054132
LDB: TIME 960.84 LOAD: AVG 0.054132 MAX 0.0595088  PROXIES: TOTAL 24 MAXPE 4 MAXPATCH 6 None MEM: 0.448026 MB
LDB: TIME 960.84 LOAD: AVG 0.054132 MAX 0.0595088  PROXIES: TOTAL 35 MAXPE 4 MAXPATCH 10 RefineTorusLB MEM: 0.448026 MB
LDB: TIME 960.84 LOAD: AVG 0.054132 MAX 0.0580659  PROXIES: TOTAL 35 MAXPE 4 MAXPATCH 10 RefineTorusLB MEM: 0.448026 MB
LDB: ============== END OF LOAD BALANCING =============== 960.84
Info: useSync: 0 useProxySync: 0
LDB: =============== DONE WITH MIGRATION ================ 960.841
WRITING COORDINATES TO DCD FILE MDequil.dcd AT STEP 325000
PRESSURE: 325000 -897.634 -298.745 122.844 -519.038 -1031.67 -127.61 132.386 -478.524 -221.75
GPRESSURE: 325000 -687.632 -457.102 463.931 -711.644 -1193.17 -116.406 129.133 -640.74 -198.406
PRESSAVG: 325000 -193.745 41.1092 -42.1474 47.9373 -354.601 40.458 -56.3683 27.5089 8.07837
GPRESSAVG: 325000 -193.573 40.844 -42.6637 48.0371 -354.723 40.5086 -56.5486 27.7319 8.29057
ENERGY:  325000         0.0000         0.0000         0.0000         0.0000          -5619.3811       382.3719         0.0000         0.0000       932.0773          -4304.9319       296.1128     -5237.0092     -4302.9930       299.0582           -717.0187      -693.0682     22808.2778      -180.0892      -180.0019

LDB: ============= START OF LOAD BALANCING ============== 963.418
LDB: ============== END OF LOAD BALANCING =============== 963.418
Info: useSync: 0 useProxySync: 0
LDB: =============== DONE WITH MIGRATION ================ 963.418
LDB: ============= START OF LOAD BALANCING ============== 963.495
LDB: Largest compute 165 load 0.023802 is 43.6% of average load 0.054529
LDB: Average compute 0.003888 is 7.1% of average load 0.054529
LDB: TIME 963.496 LOAD: AVG 0.0545293 MAX 0.0677877  PROXIES: TOTAL 24 MAXPE 4 MAXPATCH 6 None MEM: 0.448026 MB
LDB: TIME 963.496 LOAD: AVG 0.0545293 MAX 0.0677877  PROXIES: TOTAL 35 MAXPE 4 MAXPATCH 10 RefineTorusLB MEM: 0.448026 MB
LDB: TIME 963.496 LOAD: AVG 0.0545293 MAX 0.0587438  PROXIES: TOTAL 35 MAXPE 4 MAXPATCH 10 RefineTorusLB MEM: 0.448026 MB
LDB: ============== END OF LOAD BALANCING =============== 963.496
Info: useSync: 0 useProxySync: 0
LDB: =============== DONE WITH MIGRATION ================ 963.496
LDB: ============= START OF LOAD BALANCING ============== 966.052
LDB: ============== END OF LOAD BALANCING =============== 966.052
Info: useSync: 0 useProxySync: 0
LDB: =============== DONE WITH MIGRATION ================ 966.052
LDB: ============= START OF LOAD BALANCING ============== 966.115
LDB: Largest compute 161 load 0.013099 is 24.6% of average load 0.053321
LDB: Average compute 0.003789 is 7.1% of average load 0.053321
LDB: TIME 966.115 LOAD: AVG 0.0533214 MAX 0.0586446  PROXIES: TOTAL 24 MAXPE 4 MAXPATCH 6 None MEM: 0.448026 MB
LDB: TIME 966.115 LOAD: AVG 0.0533214 MAX 0.0586446  PROXIES: TOTAL 35 MAXPE 4 MAXPATCH 10 RefineTorusLB MEM: 0.448026 MB
LDB: TIME 966.116 LOAD: AVG 0.0533214 MAX 0.056485  PROXIES: TOTAL 34 MAXPE 4 MAXPATCH 9 RefineTorusLB MEM: 0.448026 MB
LDB: ============== END OF LOAD BALANCING =============== 966.116
Info: useSync: 0 useProxySync: 0
LDB: =============== DONE WITH MIGRATION ================ 966.116
PRESSURE: 330000 -554.65 58.531 -192.621 57.3177 -711.666 9.35604 -911.028 -494.493 599.047
GPRESSURE: 330000 -472.455 -90.7166 -575.948 195.257 -883.214 192.283 -910.599 -810.666 818.198
PRESSAVG: 330000 -370.308 -17.9845 84.2702 5.28462 -373.811 42.5512 -37.4987 -7.67589 7.56474
GPRESSAVG: 330000 -370.155 -17.6699 84.8524 4.97183 -374.029 42.7284 -37.2977 -7.69959 7.49021
ENERGY:  330000         0.0000         0.0000         0.0000         0.0000          -5589.1247       361.8647         0.0000         0.0000       956.2188          -4271.0412       303.7823     -5227.2600     -4269.6488       296.0401           -222.4229      -179.1571     22392.9047      -245.5180      -245.5647

WRITING COORDINATES TO DCD FILE MDequil.dcd AT STEP 330000
LDB: ============= START OF LOAD BALANCING ============== 968.714
LDB: ============== END OF LOAD BALANCING =============== 968.714
Info: useSync: 0 useProxySync: 0
LDB: =============== DONE WITH MIGRATION ================ 968.714
LDB: ============= START OF LOAD BALANCING ============== 968.777
LDB: Largest compute 160 load 0.013559 is 24.8% of average load 0.054610
LDB: Average compute 0.003906 is 7.2% of average load 0.054610
LDB: TIME 968.777 LOAD: AVG 0.0546104 MAX 0.057757  PROXIES: TOTAL 24 MAXPE 4 MAXPATCH 6 None MEM: 0.448026 MB
LDB: TIME 968.777 LOAD: AVG 0.0546104 MAX 0.057757  PROXIES: TOTAL 34 MAXPE 4 MAXPATCH 9 RefineTorusLB MEM: 0.448026 MB
LDB: TIME 968.777 LOAD: AVG 0.0546104 MAX 0.057757  PROXIES: TOTAL 34 MAXPE 4 MAXPATCH 9 RefineTorusLB MEM: 0.448026 MB
LDB: ============== END OF LOAD BALANCING =============== 968.777
Info: useSync: 0 useProxySync: 0
LDB: =============== DONE WITH MIGRATION ================ 968.777
LDB: ============= START OF LOAD BALANCING ============== 971.323
LDB: ============== END OF LOAD BALANCING =============== 971.323
Info: useSync: 0 useProxySync: 0
LDB: =============== DONE WITH MIGRATION ================ 971.323
LDB: ============= START OF LOAD BALANCING ============== 971.398
LDB: Largest compute 139 load 0.017539 is 32.9% of average load 0.053369
LDB: Average compute 0.003807 is 7.1% of average load 0.053369
LDB: TIME 971.399 LOAD: AVG 0.0533691 MAX 0.0615312  PROXIES: TOTAL 24 MAXPE 4 MAXPATCH 6 None MEM: 0.448026 MB
LDB: TIME 971.399 LOAD: AVG 0.0533691 MAX 0.0615312  PROXIES: TOTAL 34 MAXPE 4 MAXPATCH 9 RefineTorusLB MEM: 0.448026 MB
LDB: TIME 971.399 LOAD: AVG 0.0533691 MAX 0.0564895  PROXIES: TOTAL 34 MAXPE 4 MAXPATCH 9 RefineTorusLB MEM: 0.448026 MB
LDB: ============== END OF LOAD BALANCING =============== 971.399
Info: useSync: 0 useProxySync: 0
LDB: =============== DONE WITH MIGRATION ================ 971.399
LDB: ============= START OF LOAD BALANCING ============== 974.074
LDB: ============== END OF LOAD BALANCING =============== 974.074
Info: useSync: 0 useProxySync: 0
LDB: =============== DONE WITH MIGRATION ================ 974.074
LDB: ============= START OF LOAD BALANCING ============== 974.14
LDB: Largest compute 160 load 0.013311 is 24.8% of average load 0.053722
LDB: Average compute 0.003838 is 7.1% of average load 0.053722
LDB: TIME 974.14 LOAD: AVG 0.0537218 MAX 0.0578243  PROXIES: TOTAL 24 MAXPE 4 MAXPATCH 6 None MEM: 0.448026 MB
LDB: TIME 974.14 LOAD: AVG 0.0537218 MAX 0.0578243  PROXIES: TOTAL 34 MAXPE 4 MAXPATCH 9 RefineTorusLB MEM: 0.448026 MB
LDB: TIME 974.14 LOAD: AVG 0.0537218 MAX 0.0578243  PROXIES: TOTAL 34 MAXPE 4 MAXPATCH 9 RefineTorusLB MEM: 0.448026 MB
LDB: ============== END OF LOAD BALANCING =============== 974.14
Info: useSync: 0 useProxySync: 0
LDB: =============== DONE WITH MIGRATION ================ 974.141
PRESSURE: 335000 -131.881 -352.537 856.451 -458.651 86.4772 -154.672 816.989 104.125 916.369
GPRESSURE: 335000 -171.187 -375.266 775.158 -625.566 131.118 -382.852 572.736 -36.6836 913.57
PRESSAVG: 335000 -278.609 21.5629 42.4636 35.2611 -203.34 11.9627 13.8287 -51.7474 13.9753
GPRESSAVG: 335000 -278.975 21.5931 42.4637 35.6257 -203.322 11.9758 13.7613 -51.1678 13.7843
ENERGY:  335000         0.0000         0.0000         0.0000         0.0000          -5616.1654       411.4824         0.0000         0.0000       949.5499          -4255.1330       301.6637     -5204.6829     -4253.3849       299.6196            290.3219       291.1671     22445.2322      -155.9911      -156.1710

WRITING COORDINATES TO DCD FILE MDequil.dcd AT STEP 335000
LDB: ============= START OF LOAD BALANCING ============== 976.795
LDB: ============== END OF LOAD BALANCING =============== 976.795
Info: useSync: 0 useProxySync: 0
LDB: =============== DONE WITH MIGRATION ================ 976.798
LDB: ============= START OF LOAD BALANCING ============== 976.864
LDB: Largest compute 160 load 0.014253 is 26.6% of average load 0.053649
LDB: Average compute 0.003831 is 7.1% of average load 0.053649
LDB: TIME 976.864 LOAD: AVG 0.0536487 MAX 0.0586652  PROXIES: TOTAL 24 MAXPE 4 MAXPATCH 6 None MEM: 0.448026 MB
LDB: TIME 976.864 LOAD: AVG 0.0536487 MAX 0.0586652  PROXIES: TOTAL 34 MAXPE 4 MAXPATCH 9 RefineTorusLB MEM: 0.448026 MB
LDB: TIME 976.864 LOAD: AVG 0.0536487 MAX 0.0578664  PROXIES: TOTAL 34 MAXPE 4 MAXPATCH 9 RefineTorusLB MEM: 0.448026 MB
LDB: ============== END OF LOAD BALANCING =============== 976.864
Info: useSync: 0 useProxySync: 0
LDB: =============== DONE WITH MIGRATION ================ 976.865
LDB: ============= START OF LOAD BALANCING ============== 979.535
LDB: ============== END OF LOAD BALANCING =============== 979.535
Info: useSync: 0 useProxySync: 0
LDB: =============== DONE WITH MIGRATION ================ 979.535
LDB: ============= START OF LOAD BALANCING ============== 979.602
LDB: Largest compute 160 load 0.012740 is 23.6% of average load 0.053989
LDB: Average compute 0.003871 is 7.2% of average load 0.053989
LDB: TIME 979.602 LOAD: AVG 0.0539892 MAX 0.0598175  PROXIES: TOTAL 24 MAXPE 4 MAXPATCH 6 None MEM: 0.448026 MB
LDB: TIME 979.602 LOAD: AVG 0.0539892 MAX 0.0598175  PROXIES: TOTAL 34 MAXPE 4 MAXPATCH 9 RefineTorusLB MEM: 0.448026 MB
LDB: TIME 979.602 LOAD: AVG 0.0539892 MAX 0.0588149  PROXIES: TOTAL 34 MAXPE 4 MAXPATCH 9 RefineTorusLB MEM: 0.448026 MB
LDB: ============== END OF LOAD BALANCING =============== 979.602
Info: useSync: 0 useProxySync: 0
LDB: =============== DONE WITH MIGRATION ================ 979.602
PRESSURE: 340000 -700.328 -168.79 64.4538 -296.696 -531.78 -200.663 136.553 -497.827 -955.935
GPRESSURE: 340000 -638.35 -392.157 -12.819 -95.8079 -528.031 -326.151 -23.5248 -364.765 -932.286
PRESSAVG: 340000 -293.071 -26.4918 -14.5921 -33.6097 -304.527 -6.18312 -99.7694 -57.665 8.09592
GPRESSAVG: 340000 -293.037 -26.5625 -14.2072 -33.4708 -304.234 -6.05189 -99.8928 -57.6507 8.08743
ENERGY:  340000         0.0000         0.0000         0.0000         0.0000          -5622.0836       373.9786         0.0000         0.0000       901.6611          -4346.4439       286.4498     -5248.1050     -4344.4635       295.1953           -729.3477      -699.5556     22934.4652      -196.5006      -196.3948

WRITING COORDINATES TO DCD FILE MDequil.dcd AT STEP 340000
LDB: ============= START OF LOAD BALANCING ============== 982.271
LDB: ============== END OF LOAD BALANCING =============== 982.271
Info: useSync: 0 useProxySync: 0
LDB: =============== DONE WITH MIGRATION ================ 982.271
LDB: ============= START OF LOAD BALANCING ============== 982.336
LDB: Largest compute 52 load 0.011938 is 22.6% of average load 0.052746
LDB: Average compute 0.003759 is 7.1% of average load 0.052746
LDB: TIME 982.336 LOAD: AVG 0.0527462 MAX 0.0581281  PROXIES: TOTAL 24 MAXPE 4 MAXPATCH 6 None MEM: 0.448026 MB
LDB: TIME 982.336 LOAD: AVG 0.0527462 MAX 0.0581281  PROXIES: TOTAL 34 MAXPE 4 MAXPATCH 9 RefineTorusLB MEM: 0.448026 MB
LDB: TIME 982.336 LOAD: AVG 0.0527462 MAX 0.0576241  PROXIES: TOTAL 34 MAXPE 4 MAXPATCH 9 RefineTorusLB MEM: 0.448026 MB
LDB: ============== END OF LOAD BALANCING =============== 982.336
Info: useSync: 0 useProxySync: 0
LDB: =============== DONE WITH MIGRATION ================ 982.337
LDB: ============= START OF LOAD BALANCING ============== 985.196
LDB: ============== END OF LOAD BALANCING =============== 985.196
Info: useSync: 0 useProxySync: 0
LDB: =============== DONE WITH MIGRATION ================ 985.197
LDB: ============= START OF LOAD BALANCING ============== 985.263
LDB: Largest compute 160 load 0.012908 is 24.0% of average load 0.053763
LDB: Average compute 0.003831 is 7.1% of average load 0.053763
LDB: TIME 985.263 LOAD: AVG 0.0537632 MAX 0.0617342  PROXIES: TOTAL 24 MAXPE 4 MAXPATCH 6 None MEM: 0.448026 MB
LDB: TIME 985.264 LOAD: AVG 0.0537632 MAX 0.0617342  PROXIES: TOTAL 34 MAXPE 4 MAXPATCH 9 RefineTorusLB MEM: 0.448026 MB
LDB: TIME 985.264 LOAD: AVG 0.0537632 MAX 0.0586009  PROXIES: TOTAL 34 MAXPE 4 MAXPATCH 9 RefineTorusLB MEM: 0.448026 MB
LDB: ============== END OF LOAD BALANCING =============== 985.264
Info: useSync: 0 useProxySync: 0
LDB: =============== DONE WITH MIGRATION ================ 985.264
LDB: ============= START OF LOAD BALANCING ============== 988.114
LDB: ============== END OF LOAD BALANCING =============== 988.114
Info: useSync: 0 useProxySync: 0
LDB: =============== DONE WITH MIGRATION ================ 988.114
LDB: ============= START OF LOAD BALANCING ============== 988.179
LDB: Largest compute 52 load 0.012745 is 23.6% of average load 0.054097
LDB: Average compute 0.003860 is 7.1% of average load 0.054097
LDB: TIME 988.179 LOAD: AVG 0.0540971 MAX 0.0570785  PROXIES: TOTAL 24 MAXPE 4 MAXPATCH 6 None MEM: 0.448026 MB
LDB: TIME 988.179 LOAD: AVG 0.0540971 MAX 0.0570785  PROXIES: TOTAL 34 MAXPE 4 MAXPATCH 9 RefineTorusLB MEM: 0.448026 MB
LDB: TIME 988.179 LOAD: AVG 0.0540971 MAX 0.0570785  PROXIES: TOTAL 34 MAXPE 4 MAXPATCH 9 RefineTorusLB MEM: 0.448026 MB
LDB: ============== END OF LOAD BALANCING =============== 988.179
Info: useSync: 0 useProxySync: 0
LDB: =============== DONE WITH MIGRATION ================ 988.179
PRESSURE: 345000 -174.876 1008.07 -665.65 1180.93 234.943 -205.541 -724.749 437.411 593.035
GPRESSURE: 345000 -13.5966 1070.78 -352.017 1112.97 177.602 47.1723 -974.724 420.98 556.992
PRESSAVG: 345000 -313.042 -30.7034 7.41717 -49.9586 -396.919 11.2056 -7.86691 31.0341 28.2503
GPRESSAVG: 345000 -313.006 -30.2837 7.71452 -50.1479 -396.607 10.8754 -7.8268 30.8569 28.0723
ENERGY:  345000         0.0000         0.0000         0.0000         0.0000          -5633.1787       413.0007         0.0000         0.0000       904.0939          -4316.0840       287.2227     -5220.1779     -4314.7337       296.2370            217.7011       240.3326     22709.5713      -227.2371      -227.1801

WRITING COORDINATES TO DCD FILE MDequil.dcd AT STEP 345000
LDB: ============= START OF LOAD BALANCING ============== 993.597
LDB: ============== END OF LOAD BALANCING =============== 993.597
Info: useSync: 0 useProxySync: 0
LDB: =============== DONE WITH MIGRATION ================ 993.597
LDB: ============= START OF LOAD BALANCING ============== 993.667
LDB: Largest compute 147 load 0.013320 is 24.6% of average load 0.054195
LDB: Average compute 0.003856 is 7.1% of average load 0.054195
LDB: TIME 993.667 LOAD: AVG 0.054195 MAX 0.0589661  PROXIES: TOTAL 24 MAXPE 4 MAXPATCH 6 None MEM: 0.448026 MB
LDB: TIME 993.668 LOAD: AVG 0.054195 MAX 0.0589661  PROXIES: TOTAL 34 MAXPE 4 MAXPATCH 9 RefineTorusLB MEM: 0.448026 MB
LDB: TIME 993.668 LOAD: AVG 0.054195 MAX 0.0589661  PROXIES: TOTAL 34 MAXPE 4 MAXPATCH 9 RefineTorusLB MEM: 0.448026 MB
LDB: ============== END OF LOAD BALANCING =============== 993.668
Info: useSync: 0 useProxySync: 0
LDB: =============== DONE WITH MIGRATION ================ 993.668
LDB: ============= START OF LOAD BALANCING ============== 996.295
LDB: ============== END OF LOAD BALANCING =============== 996.295
Info: useSync: 0 useProxySync: 0
LDB: =============== DONE WITH MIGRATION ================ 996.296
LDB: ============= START OF LOAD BALANCING ============== 996.359
LDB: Largest compute 161 load 0.012392 is 23.3% of average load 0.053209
LDB: Average compute 0.003800 is 7.1% of average load 0.053209
LDB: TIME 996.36 LOAD: AVG 0.0532087 MAX 0.0565603  PROXIES: TOTAL 24 MAXPE 4 MAXPATCH 6 None MEM: 0.448026 MB
LDB: TIME 996.36 LOAD: AVG 0.0532087 MAX 0.0565603  PROXIES: TOTAL 34 MAXPE 4 MAXPATCH 9 RefineTorusLB MEM: 0.448026 MB
LDB: TIME 996.36 LOAD: AVG 0.0532087 MAX 0.0565603  PROXIES: TOTAL 34 MAXPE 4 MAXPATCH 9 RefineTorusLB MEM: 0.448026 MB
LDB: ============== END OF LOAD BALANCING =============== 996.36
Info: useSync: 0 useProxySync: 0
LDB: =============== DONE WITH MIGRATION ================ 996.36
PRESSURE: 350000 -840.965 -143.864 -487.211 55.1042 -412.675 -437.67 -256.891 -105.097 -680.324
GPRESSURE: 350000 -658.883 -320.81 -532.097 94.277 -548.607 -467.477 -445.508 -400.96 -639.066
PRESSAVG: 350000 -346.717 10.6222 -49.6994 -42.0278 -422.327 20.7886 5.46498 -65.7121 -4.61484
GPRESSAVG: 350000 -346.763 10.4769 -49.9325 -42.1289 -422.339 20.7621 5.85427 -65.3701 -4.70096
TIMING: 350000  CPU: 892.79, 0.0014158/step  Wall: 985.619, 0.00146151/step, 0.0608961 hours remaining, 0.448026 MB of memory in use.
PERFORMANCE: 350000  averaging 61.3632 ns/day, 0.00281602 sec/step with standard deviation 0.000764773
ETITLE:      TS           BOND          ANGLE          DIHED          IMPRP               ELECT            VDW       BOUNDARY           MISC        KINETIC               TOTAL           TEMP      POTENTIAL         TOTAL3        TEMPAVG            PRESSURE      GPRESSURE         VOLUME       PRESSAVG      GPRESSAVG

ENERGY:  350000         0.0000         0.0000         0.0000         0.0000          -5564.4450       369.7408         0.0000         0.0000       889.3933          -4305.3108       282.5525     -5194.7041     -4304.0263       295.8730           -644.6547      -615.5188     22982.6897      -257.8864      -257.9343

WRITING EXTENDED SYSTEM TO RESTART FILE AT STEP 350000
WRITING COORDINATES TO DCD FILE MDequil.dcd AT STEP 350000
WRITING COORDINATES TO RESTART FILE AT STEP 350000
FINISHED WRITING RESTART COORDINATES
WRITING VELOCITIES TO RESTART FILE AT STEP 350000
FINISHED WRITING RESTART VELOCITIES
LDB: ============= START OF LOAD BALANCING ============== 998.973
LDB: ============== END OF LOAD BALANCING =============== 998.973
Info: useSync: 0 useProxySync: 0
LDB: =============== DONE WITH MIGRATION ================ 998.973
LDB: ============= START OF LOAD BALANCING ============== 999.045
LDB: Largest compute 160 load 0.021855 is 40.6% of average load 0.053847
LDB: Average compute 0.003850 is 7.2% of average load 0.053847
LDB: TIME 999.045 LOAD: AVG 0.0538474 MAX 0.0654015  PROXIES: TOTAL 24 MAXPE 4 MAXPATCH 6 None MEM: 0.448026 MB
LDB: TIME 999.046 LOAD: AVG 0.0538474 MAX 0.0654015  PROXIES: TOTAL 34 MAXPE 4 MAXPATCH 9 RefineTorusLB MEM: 0.448026 MB
LDB: TIME 999.046 LOAD: AVG 0.0538474 MAX 0.0586614  PROXIES: TOTAL 34 MAXPE 4 MAXPATCH 9 RefineTorusLB MEM: 0.448026 MB
LDB: ============== END OF LOAD BALANCING =============== 999.046
Info: useSync: 0 useProxySync: 0
LDB: =============== DONE WITH MIGRATION ================ 999.046
LDB: ============= START OF LOAD BALANCING ============== 1001.63
LDB: ============== END OF LOAD BALANCING =============== 1001.63
Info: useSync: 0 useProxySync: 0
LDB: =============== DONE WITH MIGRATION ================ 1001.63
LDB: ============= START OF LOAD BALANCING ============== 1001.69
LDB: Largest compute 160 load 0.013042 is 24.4% of average load 0.053508
LDB: Average compute 0.003819 is 7.1% of average load 0.053508
LDB: TIME 1001.69 LOAD: AVG 0.0535084 MAX 0.0576155  PROXIES: TOTAL 24 MAXPE 4 MAXPATCH 6 None MEM: 0.448026 MB
LDB: TIME 1001.69 LOAD: AVG 0.0535084 MAX 0.0576155  PROXIES: TOTAL 34 MAXPE 4 MAXPATCH 9 RefineTorusLB MEM: 0.448026 MB
LDB: TIME 1001.69 LOAD: AVG 0.0535084 MAX 0.0576155  PROXIES: TOTAL 34 MAXPE 4 MAXPATCH 9 RefineTorusLB MEM: 0.448026 MB
LDB: ============== END OF LOAD BALANCING =============== 1001.69
Info: useSync: 0 useProxySync: 0
LDB: =============== DONE WITH MIGRATION ================ 1001.69
LDB: ============= START OF LOAD BALANCING ============== 1004.53
LDB: ============== END OF LOAD BALANCING =============== 1004.53
Info: useSync: 0 useProxySync: 0
LDB: =============== DONE WITH MIGRATION ================ 1004.53
LDB: ============= START OF LOAD BALANCING ============== 1004.6
LDB: Largest compute 161 load 0.012536 is 23.4% of average load 0.053531
LDB: Average compute 0.003822 is 7.1% of average load 0.053531
LDB: TIME 1004.6 LOAD: AVG 0.0535309 MAX 0.0570704  PROXIES: TOTAL 24 MAXPE 4 MAXPATCH 6 None MEM: 0.448026 MB
LDB: TIME 1004.6 LOAD: AVG 0.0535309 MAX 0.0570704  PROXIES: TOTAL 34 MAXPE 4 MAXPATCH 9 RefineTorusLB MEM: 0.448026 MB
LDB: TIME 1004.6 LOAD: AVG 0.0535309 MAX 0.0570704  PROXIES: TOTAL 34 MAXPE 4 MAXPATCH 9 RefineTorusLB MEM: 0.448026 MB
LDB: ============== END OF LOAD BALANCING =============== 1004.6
Info: useSync: 0 useProxySync: 0
LDB: =============== DONE WITH MIGRATION ================ 1004.6
PRESSURE: 355000 -894.511 845.656 -345.878 1154.75 99.497 -282.227 -460.721 -117.459 -676.682
GPRESSURE: 355000 -883.899 638.217 -194.477 1235.31 -17.1012 129.963 -382.047 -140.111 -518.495
PRESSAVG: 355000 -302.655 5.67852 0.973125 0.486535 -217.579 27.6793 33.1328 47.5003 4.26197
GPRESSAVG: 355000 -302.308 5.96097 1.05278 0.322276 -217.293 27.8111 32.7758 47.485 4.20856
ENERGY:  355000         0.0000         0.0000         0.0000         0.0000          -5593.9301       366.6144         0.0000         0.0000       935.5968          -4291.7188       297.2309     -5227.3157     -4289.3597       299.7453           -490.5652      -473.1653     22563.4111      -171.9909      -171.7975

WRITING COORDINATES TO DCD FILE MDequil.dcd AT STEP 355000
LDB: ============= START OF LOAD BALANCING ============== 1007.53
LDB: ============== END OF LOAD BALANCING =============== 1007.54
Info: useSync: 0 useProxySync: 0
LDB: =============== DONE WITH MIGRATION ================ 1007.56
LDB: ============= START OF LOAD BALANCING ============== 1007.93
LDB: Largest compute 136 load 0.045438 is 82.5% of average load 0.055069
LDB: Average compute 0.003832 is 7.0% of average load 0.055069
LDB: TIME 1007.93 LOAD: AVG 0.0550688 MAX 0.0862521  PROXIES: TOTAL 24 MAXPE 4 MAXPATCH 6 None MEM: 0.448026 MB
LDB: TIME 1007.93 LOAD: AVG 0.0550688 MAX 0.0862521  PROXIES: TOTAL 34 MAXPE 4 MAXPATCH 9 RefineTorusLB MEM: 0.448026 MB
LDB: TIME 1007.93 LOAD: AVG 0.0550688 MAX 0.0594816  PROXIES: TOTAL 34 MAXPE 4 MAXPATCH 9 RefineTorusLB MEM: 0.448026 MB
LDB: ============== END OF LOAD BALANCING =============== 1007.93
Info: useSync: 0 useProxySync: 0
LDB: =============== DONE WITH MIGRATION ================ 1007.94
LDB: ============= START OF LOAD BALANCING ============== 1021.52
LDB: ============== END OF LOAD BALANCING =============== 1021.52
Info: useSync: 0 useProxySync: 0
LDB: =============== DONE WITH MIGRATION ================ 1021.53
LDB: ============= START OF LOAD BALANCING ============== 1021.64
LDB: Largest compute 4 load 0.011745 is 23.7% of average load 0.049616
LDB: Average compute 0.003504 is 7.1% of average load 0.049616
LDB: TIME 1021.64 LOAD: AVG 0.0496156 MAX 0.0567956  PROXIES: TOTAL 24 MAXPE 4 MAXPATCH 6 None MEM: 0.448026 MB
LDB: TIME 1021.64 LOAD: AVG 0.0496156 MAX 0.0567956  PROXIES: TOTAL 34 MAXPE 4 MAXPATCH 9 RefineTorusLB MEM: 0.448026 MB
LDB: TIME 1021.64 LOAD: AVG 0.0496156 MAX 0.052307  PROXIES: TOTAL 34 MAXPE 4 MAXPATCH 9 RefineTorusLB MEM: 0.448026 MB
LDB: ============== END OF LOAD BALANCING =============== 1021.64
Info: useSync: 0 useProxySync: 0
LDB: =============== DONE WITH MIGRATION ================ 1021.64
WRITING COORDINATES TO DCD FILE MDequil.dcd AT STEP 360000
PRESSURE: 360000 -727.731 483.84 310.652 619.229 -349.213 992.815 234.248 1038.19 123.618
GPRESSURE: 360000 -817.039 445.554 264.995 1008.59 -141.874 920.875 337.851 714.463 70.686
PRESSAVG: 360000 -464.598 65.2171 47.4281 60.1026 -338.77 -15.259 3.23564 2.40135 35.9423
GPRESSAVG: 360000 -464.435 64.9966 47.8951 60.0989 -338.791 -15.0533 2.97316 2.06216 35.9461
ENERGY:  360000         0.0000         0.0000         0.0000         0.0000          -5628.0060       389.6811         0.0000         0.0000       923.1657          -4315.1592       293.2816     -5238.3249     -4313.0005       295.0395           -317.7753      -296.0757     22531.5911      -255.8088      -255.7598

LDB: ============= START OF LOAD BALANCING ============== 1033.86
LDB: ============== END OF LOAD BALANCING =============== 1033.86
Info: useSync: 0 useProxySync: 0
LDB: =============== DONE WITH MIGRATION ================ 1033.87
LDB: ============= START OF LOAD BALANCING ============== 1034.17
LDB: Largest compute 148 load 0.013244 is 25.7% of average load 0.051487
LDB: Average compute 0.003581 is 7.0% of average load 0.051487
LDB: TIME 1034.18 LOAD: AVG 0.0514866 MAX 0.0576038  PROXIES: TOTAL 24 MAXPE 4 MAXPATCH 6 None MEM: 0.448026 MB
LDB: TIME 1034.18 LOAD: AVG 0.0514866 MAX 0.0576038  PROXIES: TOTAL 34 MAXPE 4 MAXPATCH 9 RefineTorusLB MEM: 0.448026 MB
LDB: TIME 1034.18 LOAD: AVG 0.0514866 MAX 0.0560998  PROXIES: TOTAL 34 MAXPE 4 MAXPATCH 9 RefineTorusLB MEM: 0.448026 MB
LDB: ============== END OF LOAD BALANCING =============== 1034.18
Info: useSync: 0 useProxySync: 0
LDB: =============== DONE WITH MIGRATION ================ 1034.19
LDB: ============= START OF LOAD BALANCING ============== 1051.81
LDB: ============== END OF LOAD BALANCING =============== 1051.81
Info: useSync: 0 useProxySync: 0
LDB: =============== DONE WITH MIGRATION ================ 1051.83
LDB: ============= START OF LOAD BALANCING ============== 1052.19
LDB: Largest compute 165 load 0.041179 is 74.9% of average load 0.054973
LDB: Average compute 0.003738 is 6.8% of average load 0.054973
LDB: TIME 1052.19 LOAD: AVG 0.0549733 MAX 0.0847495  PROXIES: TOTAL 24 MAXPE 4 MAXPATCH 6 None MEM: 0.448026 MB
LDB: TIME 1052.19 LOAD: AVG 0.0549733 MAX 0.0847495  PROXIES: TOTAL 34 MAXPE 4 MAXPATCH 9 RefineTorusLB MEM: 0.448026 MB
LDB: TIME 1052.19 LOAD: AVG 0.0549733 MAX 0.0598843  PROXIES: TOTAL 34 MAXPE 4 MAXPATCH 9 RefineTorusLB MEM: 0.448026 MB
LDB: ============== END OF LOAD BALANCING =============== 1052.2
Info: useSync: 0 useProxySync: 0
LDB: =============== DONE WITH MIGRATION ================ 1052.25
LDB: ============= START OF LOAD BALANCING ============== 1066.86
LDB: ============== END OF LOAD BALANCING =============== 1066.86
Info: useSync: 0 useProxySync: 0
LDB: =============== DONE WITH MIGRATION ================ 1066.87
LDB: ============= START OF LOAD BALANCING ============== 1067.22
LDB: Largest compute 137 load 0.011535 is 22.5% of average load 0.051312
LDB: Average compute 0.003473 is 6.8% of average load 0.051312
LDB: TIME 1067.23 LOAD: AVG 0.0513121 MAX 0.0606999  PROXIES: TOTAL 24 MAXPE 4 MAXPATCH 6 None MEM: 0.448026 MB
LDB: TIME 1067.23 LOAD: AVG 0.0513121 MAX 0.0606999  PROXIES: TOTAL 34 MAXPE 4 MAXPATCH 9 RefineTorusLB MEM: 0.448026 MB
LDB: TIME 1067.23 LOAD: AVG 0.0513121 MAX 0.055817  PROXIES: TOTAL 34 MAXPE 4 MAXPATCH 9 RefineTorusLB MEM: 0.448026 MB
LDB: ============== END OF LOAD BALANCING =============== 1067.23
Info: useSync: 0 useProxySync: 0
LDB: =============== DONE WITH MIGRATION ================ 1067.27
WRITING COORDINATES TO DCD FILE MDequil.dcd AT STEP 365000
PRESSURE: 365000 -821.18 16.9627 174.65 485.099 48.6258 118.661 814.348 393.826 267.024
GPRESSURE: 365000 -849.034 115.672 136.443 225.439 29.646 310.425 431.729 200.604 351.724
PRESSAVG: 365000 -323.177 1.1274 2.76933 10.3963 -338.424 16.0905 -21.8112 31.2511 -3.36329
GPRESSAVG: 365000 -322.831 0.886949 2.62521 10.3335 -338.739 15.5535 -21.484 31.6947 -2.96589
ENERGY:  365000         0.0000         0.0000         0.0000         0.0000          -5651.7879       413.8843         0.0000         0.0000       949.8822          -4288.0214       301.7692     -5237.9036     -4286.2086       300.2235           -168.5104      -155.8878     22617.8755      -221.6549      -221.5122

LDB: ============= START OF LOAD BALANCING ============== 1084.68
LDB: ============== END OF LOAD BALANCING =============== 1084.68
Info: useSync: 0 useProxySync: 0
LDB: =============== DONE WITH MIGRATION ================ 1084.71
LDB: ============= START OF LOAD BALANCING ============== 1085.16
LDB: Largest compute 160 load 0.013923 is 25.4% of average load 0.054894
LDB: Average compute 0.003559 is 6.5% of average load 0.054894
LDB: TIME 1085.17 LOAD: AVG 0.0548936 MAX 0.0616134  PROXIES: TOTAL 24 MAXPE 4 MAXPATCH 6 None MEM: 0.448026 MB
LDB: TIME 1085.17 LOAD: AVG 0.0548936 MAX 0.0616134  PROXIES: TOTAL 34 MAXPE 4 MAXPATCH 9 RefineTorusLB MEM: 0.448026 MB
LDB: TIME 1085.17 LOAD: AVG 0.0548936 MAX 0.0594657  PROXIES: TOTAL 34 MAXPE 4 MAXPATCH 9 RefineTorusLB MEM: 0.448026 MB
LDB: ============== END OF LOAD BALANCING =============== 1085.18
Info: useSync: 0 useProxySync: 0
LDB: =============== DONE WITH MIGRATION ================ 1085.27
LDB: ============= START OF LOAD BALANCING ============== 1098.67
LDB: ============== END OF LOAD BALANCING =============== 1098.67
Info: useSync: 0 useProxySync: 0
LDB: =============== DONE WITH MIGRATION ================ 1098.67
LDB: ============= START OF LOAD BALANCING ============== 1098.74
LDB: Largest compute 139 load 0.017490 is 35.0% of average load 0.049959
LDB: Average compute 0.003572 is 7.2% of average load 0.049959
LDB: TIME 1098.74 LOAD: AVG 0.0499594 MAX 0.0591764  PROXIES: TOTAL 24 MAXPE 4 MAXPATCH 6 None MEM: 0.448026 MB
LDB: TIME 1098.74 LOAD: AVG 0.0499594 MAX 0.0591764  PROXIES: TOTAL 34 MAXPE 4 MAXPATCH 9 RefineTorusLB MEM: 0.448026 MB
LDB: TIME 1098.74 LOAD: AVG 0.0499594 MAX 0.0526802  PROXIES: TOTAL 34 MAXPE 4 MAXPATCH 9 RefineTorusLB MEM: 0.448026 MB
LDB: ============== END OF LOAD BALANCING =============== 1098.74
Info: useSync: 0 useProxySync: 0
LDB: =============== DONE WITH MIGRATION ================ 1098.74
PRESSURE: 370000 -531.858 -372.41 378.711 -130.043 -16.8153 -668.931 726.104 -376.724 -749.935
GPRESSURE: 370000 -529.415 -531.704 401.425 127.484 103.198 -494.767 630.992 -578.924 -817.618
PRESSAVG: 370000 -387.397 39.3646 -37.0244 58.7859 -295.807 -44.228 -11.4517 -0.246539 -1.55432
GPRESSAVG: 370000 -387.613 38.8103 -37.2739 58.9343 -295.538 -44.0599 -11.546 -0.653081 -1.7456
ENERGY:  370000         0.0000         0.0000         0.0000         0.0000          -5605.0263       398.9604         0.0000         0.0000       954.6755          -4251.3905       303.2920     -5206.0659     -4248.7668       303.1493           -432.8696      -414.6116     22859.6609      -228.2525      -228.2988

WRITING COORDINATES TO DCD FILE MDequil.dcd AT STEP 370000
LDB: ============= START OF LOAD BALANCING ============== 1102.97
LDB: ============== END OF LOAD BALANCING =============== 1102.97
Info: useSync: 0 useProxySync: 0
LDB: =============== DONE WITH MIGRATION ================ 1102.97
LDB: ============= START OF LOAD BALANCING ============== 1103.03
LDB: Largest compute 160 load 0.011691 is 24.0% of average load 0.048644
LDB: Average compute 0.003476 is 7.1% of average load 0.048644
LDB: TIME 1103.03 LOAD: AVG 0.0486439 MAX 0.0540979  PROXIES: TOTAL 24 MAXPE 4 MAXPATCH 6 None MEM: 0.448026 MB
LDB: TIME 1103.03 LOAD: AVG 0.0486439 MAX 0.0540979  PROXIES: TOTAL 34 MAXPE 4 MAXPATCH 9 RefineTorusLB MEM: 0.448026 MB
LDB: TIME 1103.03 LOAD: AVG 0.0486439 MAX 0.0529632  PROXIES: TOTAL 34 MAXPE 4 MAXPATCH 9 RefineTorusLB MEM: 0.448026 MB
LDB: ============== END OF LOAD BALANCING =============== 1103.03
Info: useSync: 0 useProxySync: 0
LDB: =============== DONE WITH MIGRATION ================ 1103.03
LDB: ============= START OF LOAD BALANCING ============== 1105.52
LDB: ============== END OF LOAD BALANCING =============== 1105.52
Info: useSync: 0 useProxySync: 0
LDB: =============== DONE WITH MIGRATION ================ 1105.52
LDB: ============= START OF LOAD BALANCING ============== 1105.58
LDB: Largest compute 138 load 0.011488 is 23.3% of average load 0.049256
LDB: Average compute 0.003519 is 7.1% of average load 0.049256
LDB: TIME 1105.58 LOAD: AVG 0.0492564 MAX 0.0534606  PROXIES: TOTAL 24 MAXPE 4 MAXPATCH 6 None MEM: 0.448026 MB
LDB: TIME 1105.58 LOAD: AVG 0.0492564 MAX 0.0534606  PROXIES: TOTAL 34 MAXPE 4 MAXPATCH 9 RefineTorusLB MEM: 0.448026 MB
LDB: TIME 1105.58 LOAD: AVG 0.0492564 MAX 0.0534606  PROXIES: TOTAL 34 MAXPE 4 MAXPATCH 9 RefineTorusLB MEM: 0.448026 MB
LDB: ============== END OF LOAD BALANCING =============== 1105.58
Info: useSync: 0 useProxySync: 0
LDB: =============== DONE WITH MIGRATION ================ 1105.58
LDB: ============= START OF LOAD BALANCING ============== 1107.92
LDB: ============== END OF LOAD BALANCING =============== 1107.92
Info: useSync: 0 useProxySync: 0
LDB: =============== DONE WITH MIGRATION ================ 1107.92
LDB: ============= START OF LOAD BALANCING ============== 1107.98
LDB: Largest compute 161 load 0.012329 is 25.3% of average load 0.048745
LDB: Average compute 0.003474 is 7.1% of average load 0.048745
LDB: TIME 1107.98 LOAD: AVG 0.048745 MAX 0.0507471  PROXIES: TOTAL 24 MAXPE 4 MAXPATCH 6 None MEM: 0.448026 MB
LDB: TIME 1107.98 LOAD: AVG 0.048745 MAX 0.0507471  PROXIES: TOTAL 34 MAXPE 4 MAXPATCH 9 RefineTorusLB MEM: 0.448026 MB
LDB: TIME 1107.98 LOAD: AVG 0.048745 MAX 0.0507471  PROXIES: TOTAL 34 MAXPE 4 MAXPATCH 9 RefineTorusLB MEM: 0.448026 MB
LDB: ============== END OF LOAD BALANCING =============== 1107.98
Info: useSync: 0 useProxySync: 0
LDB: =============== DONE WITH MIGRATION ================ 1107.98
PRESSURE: 375000 -103.8 -51.7038 8.97588 67.8127 201.53 -100.516 -614.482 -72.6128 894.435
GPRESSURE: 375000 75.734 226.609 -77.0513 -183.718 103.216 186.351 -394.208 -318.387 869.142
PRESSAVG: 375000 -322.917 -85.4694 -21.6334 -30.4156 -341.853 16.97 -30.0002 27.1742 -7.35192
GPRESSAVG: 375000 -322.845 -85.1208 -21.5512 -30.638 -342.264 16.9455 -30.0652 27.391 -7.17299
ENERGY:  375000         0.0000         0.0000         0.0000         0.0000          -5654.8201       449.8333         0.0000         0.0000       946.3637          -4258.6231       300.6514     -5204.9868     -4256.7575       302.7423            330.7216       349.3642     22649.4292      -224.0407      -224.0939

WRITING COORDINATES TO DCD FILE MDequil.dcd AT STEP 375000
LDB: ============= START OF LOAD BALANCING ============== 1110.37
LDB: ============== END OF LOAD BALANCING =============== 1110.37
Info: useSync: 0 useProxySync: 0
LDB: =============== DONE WITH MIGRATION ================ 1110.37
LDB: ============= START OF LOAD BALANCING ============== 1110.43
LDB: Largest compute 136 load 0.011353 is 23.0% of average load 0.049324
LDB: Average compute 0.003524 is 7.1% of average load 0.049324
LDB: TIME 1110.43 LOAD: AVG 0.0493239 MAX 0.0564557  PROXIES: TOTAL 24 MAXPE 4 MAXPATCH 6 None MEM: 0.448026 MB
LDB: TIME 1110.43 LOAD: AVG 0.0493239 MAX 0.0564557  PROXIES: TOTAL 34 MAXPE 4 MAXPATCH 9 RefineTorusLB MEM: 0.448026 MB
LDB: TIME 1110.43 LOAD: AVG 0.0493239 MAX 0.0536384  PROXIES: TOTAL 34 MAXPE 4 MAXPATCH 9 RefineTorusLB MEM: 0.448026 MB
LDB: ============== END OF LOAD BALANCING =============== 1110.43
Info: useSync: 0 useProxySync: 0
LDB: =============== DONE WITH MIGRATION ================ 1110.43
LDB: ============= START OF LOAD BALANCING ============== 1112.94
LDB: ============== END OF LOAD BALANCING =============== 1112.94
Info: useSync: 0 useProxySync: 0
LDB: =============== DONE WITH MIGRATION ================ 1112.94
LDB: ============= START OF LOAD BALANCING ============== 1113.01
LDB: Largest compute 52 load 0.013838 is 25.1% of average load 0.055077
LDB: Average compute 0.003946 is 7.2% of average load 0.055077
LDB: TIME 1113.01 LOAD: AVG 0.0550775 MAX 0.0574435  PROXIES: TOTAL 24 MAXPE 4 MAXPATCH 6 None MEM: 0.448026 MB
LDB: TIME 1113.01 LOAD: AVG 0.0550775 MAX 0.0574435  PROXIES: TOTAL 34 MAXPE 4 MAXPATCH 9 RefineTorusLB MEM: 0.448026 MB
LDB: TIME 1113.01 LOAD: AVG 0.0550775 MAX 0.0574435  PROXIES: TOTAL 34 MAXPE 4 MAXPATCH 9 RefineTorusLB MEM: 0.448026 MB
LDB: ============== END OF LOAD BALANCING =============== 1113.01
Info: useSync: 0 useProxySync: 0
LDB: =============== DONE WITH MIGRATION ================ 1113.01
WRITING COORDINATES TO DCD FILE MDequil.dcd AT STEP 380000
PRESSURE: 380000 -690.562 473.338 -23.0854 531.509 -679.731 -99.3084 -323.143 -673.253 334.444
GPRESSURE: 380000 -735.012 220.715 -229.333 636.482 -624.002 -10.902 -264.955 -962.13 421.695
PRESSAVG: 380000 -207.712 82.6066 -8.49057 107.72 -322.446 -47.9069 16.4668 -68.4303 -23.1198
GPRESSAVG: 380000 -207.647 82.7489 -8.53538 107.601 -322.673 -47.7285 16.9674 -68.4289 -23.1805
ENERGY:  380000         0.0000         0.0000         0.0000         0.0000          -5604.0904       365.1417         0.0000         0.0000       917.6754          -4321.2732       291.5374     -5238.9486     -4319.0239       297.3456           -345.2828      -312.4395     22466.2364      -184.4256      -184.5001

LDB: ============= START OF LOAD BALANCING ============== 1115.5
LDB: ============== END OF LOAD BALANCING =============== 1115.5
Info: useSync: 0 useProxySync: 0
LDB: =============== DONE WITH MIGRATION ================ 1115.5
LDB: ============= START OF LOAD BALANCING ============== 1115.56
LDB: Largest compute 52 load 0.012897 is 23.9% of average load 0.053906
LDB: Average compute 0.003850 is 7.1% of average load 0.053906
LDB: TIME 1115.56 LOAD: AVG 0.0539057 MAX 0.0566793  PROXIES: TOTAL 24 MAXPE 4 MAXPATCH 6 None MEM: 0.448026 MB
LDB: TIME 1115.56 LOAD: AVG 0.0539057 MAX 0.0566793  PROXIES: TOTAL 34 MAXPE 4 MAXPATCH 9 RefineTorusLB MEM: 0.448026 MB
LDB: TIME 1115.56 LOAD: AVG 0.0539057 MAX 0.0566793  PROXIES: TOTAL 34 MAXPE 4 MAXPATCH 9 RefineTorusLB MEM: 0.448026 MB
LDB: ============== END OF LOAD BALANCING =============== 1115.56
Info: useSync: 0 useProxySync: 0
LDB: =============== DONE WITH MIGRATION ================ 1115.57
LDB: ============= START OF LOAD BALANCING ============== 1118.08
LDB: ============== END OF LOAD BALANCING =============== 1118.08
Info: useSync: 0 useProxySync: 0
LDB: =============== DONE WITH MIGRATION ================ 1118.08
LDB: ============= START OF LOAD BALANCING ============== 1118.14
LDB: Largest compute 160 load 0.013105 is 24.4% of average load 0.053810
LDB: Average compute 0.003845 is 7.1% of average load 0.053810
LDB: TIME 1118.14 LOAD: AVG 0.0538095 MAX 0.0563689  PROXIES: TOTAL 24 MAXPE 4 MAXPATCH 6 None MEM: 0.448026 MB
LDB: TIME 1118.14 LOAD: AVG 0.0538095 MAX 0.0563689  PROXIES: TOTAL 34 MAXPE 4 MAXPATCH 9 RefineTorusLB MEM: 0.448026 MB
LDB: TIME 1118.14 LOAD: AVG 0.0538095 MAX 0.0563689  PROXIES: TOTAL 34 MAXPE 4 MAXPATCH 9 RefineTorusLB MEM: 0.448026 MB
LDB: ============== END OF LOAD BALANCING =============== 1118.14
Info: useSync: 0 useProxySync: 0
LDB: =============== DONE WITH MIGRATION ================ 1118.14
LDB: ============= START OF LOAD BALANCING ============== 1120.65
LDB: ============== END OF LOAD BALANCING =============== 1120.65
Info: useSync: 0 useProxySync: 0
LDB: =============== DONE WITH MIGRATION ================ 1120.65
LDB: ============= START OF LOAD BALANCING ============== 1120.72
LDB: Largest compute 52 load 0.013786 is 25.8% of average load 0.053436
LDB: Average compute 0.003814 is 7.1% of average load 0.053436
LDB: TIME 1120.72 LOAD: AVG 0.0534362 MAX 0.0560881  PROXIES: TOTAL 24 MAXPE 4 MAXPATCH 6 None MEM: 0.448026 MB
LDB: TIME 1120.72 LOAD: AVG 0.0534362 MAX 0.0560881  PROXIES: TOTAL 34 MAXPE 4 MAXPATCH 9 RefineTorusLB MEM: 0.448026 MB
LDB: TIME 1120.72 LOAD: AVG 0.0534362 MAX 0.0560881  PROXIES: TOTAL 34 MAXPE 4 MAXPATCH 9 RefineTorusLB MEM: 0.448026 MB
LDB: ============== END OF LOAD BALANCING =============== 1120.72
Info: useSync: 0 useProxySync: 0
LDB: =============== DONE WITH MIGRATION ================ 1120.72
PRESSURE: 385000 -657.341 389.652 -729.327 489.09 -649.595 717.033 -324.353 106.139 -500.289
GPRESSURE: 385000 -725.219 56.1456 -399.073 615.671 -646.922 757.747 -143.318 138.423 -367.805
PRESSAVG: 385000 -288.625 4.72517 -96.3304 -4.57253 -301.897 -75.9605 9.59596 -61.6218 -11.5228
GPRESSAVG: 385000 -288.494 4.86066 -95.9304 -4.3195 -301.385 -75.9682 9.29707 -60.9784 -11.3329
ENERGY:  385000         0.0000         0.0000         0.0000         0.0000          -5602.5103       383.8760         0.0000         0.0000       917.3906          -4301.2437       291.4469     -5218.6343     -4299.2663       299.3886           -602.4086      -579.9821     22887.0755      -200.6816      -200.4038

WRITING COORDINATES TO DCD FILE MDequil.dcd AT STEP 385000
LDB: ============= START OF LOAD BALANCING ============== 1123.22
LDB: ============== END OF LOAD BALANCING =============== 1123.22
Info: useSync: 0 useProxySync: 0
LDB: =============== DONE WITH MIGRATION ================ 1123.22
LDB: ============= START OF LOAD BALANCING ============== 1123.28
LDB: Largest compute 161 load 0.013171 is 24.5% of average load 0.053683
LDB: Average compute 0.003830 is 7.1% of average load 0.053683
LDB: TIME 1123.28 LOAD: AVG 0.0536833 MAX 0.0575792  PROXIES: TOTAL 24 MAXPE 4 MAXPATCH 6 None MEM: 0.448026 MB
LDB: TIME 1123.28 LOAD: AVG 0.0536833 MAX 0.0575792  PROXIES: TOTAL 34 MAXPE 4 MAXPATCH 9 RefineTorusLB MEM: 0.448026 MB
LDB: TIME 1123.28 LOAD: AVG 0.0536833 MAX 0.0575792  PROXIES: TOTAL 34 MAXPE 4 MAXPATCH 9 RefineTorusLB MEM: 0.448026 MB
LDB: ============== END OF LOAD BALANCING =============== 1123.28
Info: useSync: 0 useProxySync: 0
LDB: =============== DONE WITH MIGRATION ================ 1123.28
LDB: ============= START OF LOAD BALANCING ============== 1125.84
LDB: ============== END OF LOAD BALANCING =============== 1125.85
Info: useSync: 0 useProxySync: 0
LDB: =============== DONE WITH MIGRATION ================ 1125.85
LDB: ============= START OF LOAD BALANCING ============== 1125.92
LDB: Largest compute 147 load 0.013350 is 24.8% of average load 0.053866
LDB: Average compute 0.003861 is 7.2% of average load 0.053866
LDB: TIME 1125.92 LOAD: AVG 0.0538661 MAX 0.0583395  PROXIES: TOTAL 24 MAXPE 4 MAXPATCH 6 None MEM: 0.448026 MB
LDB: TIME 1125.92 LOAD: AVG 0.0538661 MAX 0.0583395  PROXIES: TOTAL 34 MAXPE 4 MAXPATCH 9 RefineTorusLB MEM: 0.448026 MB
LDB: TIME 1125.92 LOAD: AVG 0.0538661 MAX 0.0583395  PROXIES: TOTAL 34 MAXPE 4 MAXPATCH 9 RefineTorusLB MEM: 0.448026 MB
LDB: ============== END OF LOAD BALANCING =============== 1125.92
Info: useSync: 0 useProxySync: 0
LDB: =============== DONE WITH MIGRATION ================ 1125.92
PRESSURE: 390000 51.439 56.7684 256.554 -230.836 342.256 -114.328 284.033 55.9616 -920.183
GPRESSURE: 390000 150.166 179.875 92.6729 -634.693 308.766 -130.242 175.928 -143.719 -859.734
PRESSAVG: 390000 -291.336 -18.5929 25.4723 39.2186 -241.445 5.36752 27.0431 19.135 10.1936
GPRESSAVG: 390000 -291.082 -18.7743 24.632 38.8613 -241.853 5.20977 27.0383 19.4364 10.2727
ENERGY:  390000         0.0000         0.0000         0.0000         0.0000          -5592.0087       386.5001         0.0000         0.0000       970.6712          -4234.8373       308.3737     -5205.5086     -4233.2031       300.1848           -175.4960      -133.6005     22595.6983      -174.1959      -174.2210

WRITING COORDINATES TO DCD FILE MDequil.dcd AT STEP 390000
LDB: ============= START OF LOAD BALANCING ============== 1128.44
LDB: ============== END OF LOAD BALANCING =============== 1128.44
Info: useSync: 0 useProxySync: 0
LDB: =============== DONE WITH MIGRATION ================ 1128.44
LDB: ============= START OF LOAD BALANCING ============== 1128.5
LDB: Largest compute 52 load 0.012332 is 23.0% of average load 0.053721
LDB: Average compute 0.003835 is 7.1% of average load 0.053721
LDB: TIME 1128.5 LOAD: AVG 0.0537208 MAX 0.0567083  PROXIES: TOTAL 24 MAXPE 4 MAXPATCH 6 None MEM: 0.448026 MB
LDB: TIME 1128.5 LOAD: AVG 0.0537208 MAX 0.0567083  PROXIES: TOTAL 34 MAXPE 4 MAXPATCH 9 RefineTorusLB MEM: 0.448026 MB
LDB: TIME 1128.5 LOAD: AVG 0.0537208 MAX 0.0567083  PROXIES: TOTAL 34 MAXPE 4 MAXPATCH 9 RefineTorusLB MEM: 0.448026 MB
LDB: ============== END OF LOAD BALANCING =============== 1128.5
Info: useSync: 0 useProxySync: 0
LDB: =============== DONE WITH MIGRATION ================ 1128.5
LDB: ============= START OF LOAD BALANCING ============== 1131.12
LDB: ============== END OF LOAD BALANCING =============== 1131.12
Info: useSync: 0 useProxySync: 0
LDB: =============== DONE WITH MIGRATION ================ 1131.12
LDB: ============= START OF LOAD BALANCING ============== 1131.18
LDB: Largest compute 52 load 0.014674 is 27.0% of average load 0.054369
LDB: Average compute 0.003884 is 7.1% of average load 0.054369
LDB: TIME 1131.18 LOAD: AVG 0.0543693 MAX 0.0596167  PROXIES: TOTAL 24 MAXPE 4 MAXPATCH 6 None MEM: 0.448026 MB
LDB: TIME 1131.18 LOAD: AVG 0.0543693 MAX 0.0596167  PROXIES: TOTAL 34 MAXPE 4 MAXPATCH 9 RefineTorusLB MEM: 0.448026 MB
LDB: TIME 1131.18 LOAD: AVG 0.0543693 MAX 0.0584833  PROXIES: TOTAL 34 MAXPE 4 MAXPATCH 9 RefineTorusLB MEM: 0.448026 MB
LDB: ============== END OF LOAD BALANCING =============== 1131.18
Info: useSync: 0 useProxySync: 0
LDB: =============== DONE WITH MIGRATION ================ 1131.19
LDB: ============= START OF LOAD BALANCING ============== 1133.94
LDB: ============== END OF LOAD BALANCING =============== 1133.94
Info: useSync: 0 useProxySync: 0
LDB: =============== DONE WITH MIGRATION ================ 1133.94
LDB: ============= START OF LOAD BALANCING ============== 1134.01
LDB: Largest compute 161 load 0.012545 is 23.9% of average load 0.052597
LDB: Average compute 0.003752 is 7.1% of average load 0.052597
LDB: TIME 1134.01 LOAD: AVG 0.0525967 MAX 0.0575791  PROXIES: TOTAL 24 MAXPE 4 MAXPATCH 6 None MEM: 0.448026 MB
LDB: TIME 1134.01 LOAD: AVG 0.0525967 MAX 0.0575791  PROXIES: TOTAL 34 MAXPE 4 MAXPATCH 9 RefineTorusLB MEM: 0.448026 MB
LDB: TIME 1134.01 LOAD: AVG 0.0525967 MAX 0.0573191  PROXIES: TOTAL 34 MAXPE 4 MAXPATCH 9 RefineTorusLB MEM: 0.448026 MB
LDB: ============== END OF LOAD BALANCING =============== 1134.01
Info: useSync: 0 useProxySync: 0
LDB: =============== DONE WITH MIGRATION ================ 1134.01
PRESSURE: 395000 -196.979 -119.007 303.046 162.533 -997.763 264.038 145.835 124.566 696.747
GPRESSURE: 395000 -178.701 -65.3003 167.229 340.518 -912.796 87.3262 113.703 160.702 630.415
PRESSAVG: 395000 -280.707 -13.103 -15.8986 -46.4789 -342.217 -39.2383 -77.8284 25.6865 9.80206
GPRESSAVG: 395000 -280.494 -13.1091 -15.3751 -46.084 -342.366 -39.2864 -78.2704 25.5656 9.58669
ENERGY:  395000         0.0000         0.0000         0.0000         0.0000          -5558.9182       372.9007         0.0000         0.0000       962.5896          -4223.4279       305.8062     -5186.0174     -4220.1902       303.6345           -165.9983      -153.6943     22531.2032      -204.3740      -204.4244

WRITING COORDINATES TO DCD FILE MDequil.dcd AT STEP 395000
LDB: ============= START OF LOAD BALANCING ============== 1136.67
LDB: ============== END OF LOAD BALANCING =============== 1136.67
Info: useSync: 0 useProxySync: 0
LDB: =============== DONE WITH MIGRATION ================ 1136.67
LDB: ============= START OF LOAD BALANCING ============== 1136.74
LDB: Largest compute 159 load 0.013662 is 25.2% of average load 0.054239
LDB: Average compute 0.003863 is 7.1% of average load 0.054239
LDB: TIME 1136.74 LOAD: AVG 0.0542392 MAX 0.0617824  PROXIES: TOTAL 24 MAXPE 4 MAXPATCH 6 None MEM: 0.448026 MB
LDB: TIME 1136.74 LOAD: AVG 0.0542392 MAX 0.0617824  PROXIES: TOTAL 34 MAXPE 4 MAXPATCH 9 RefineTorusLB MEM: 0.448026 MB
LDB: TIME 1136.74 LOAD: AVG 0.0542392 MAX 0.0573595  PROXIES: TOTAL 34 MAXPE 4 MAXPATCH 9 RefineTorusLB MEM: 0.448026 MB
LDB: ============== END OF LOAD BALANCING =============== 1136.74
Info: useSync: 0 useProxySync: 0
LDB: =============== DONE WITH MIGRATION ================ 1136.74
LDB: ============= START OF LOAD BALANCING ============== 1139.38
LDB: ============== END OF LOAD BALANCING =============== 1139.38
Info: useSync: 0 useProxySync: 0
LDB: =============== DONE WITH MIGRATION ================ 1139.38
LDB: ============= START OF LOAD BALANCING ============== 1139.45
LDB: Largest compute 7 load 0.012715 is 23.6% of average load 0.053788
LDB: Average compute 0.003792 is 7.1% of average load 0.053788
LDB: TIME 1139.46 LOAD: AVG 0.0537882 MAX 0.0585388  PROXIES: TOTAL 24 MAXPE 4 MAXPATCH 6 None MEM: 0.448026 MB
LDB: TIME 1139.46 LOAD: AVG 0.0537882 MAX 0.0585388  PROXIES: TOTAL 34 MAXPE 4 MAXPATCH 9 RefineTorusLB MEM: 0.448026 MB
LDB: TIME 1139.46 LOAD: AVG 0.0537882 MAX 0.0585388  PROXIES: TOTAL 34 MAXPE 4 MAXPATCH 9 RefineTorusLB MEM: 0.448026 MB
LDB: ============== END OF LOAD BALANCING =============== 1139.46
Info: useSync: 0 useProxySync: 0
LDB: =============== DONE WITH MIGRATION ================ 1139.46
PRESSURE: 400000 -768.016 -400.839 186.103 225.818 0.924525 -5.6246 269.773 -65.0171 -1337.59
GPRESSURE: 400000 -715.296 -782.446 31.9287 498.964 28.4467 129.174 64.8473 -327.231 -1377.24
PRESSAVG: 400000 -324.932 17.4488 61.3908 43.4819 -341.87 33.1252 14.58 -33.1685 -24.619
GPRESSAVG: 400000 -324.888 17.4378 61.0642 43.5728 -341.823 33.5041 14.9251 -33.457 -24.6772
TIMING: 400000  CPU: 1024.53, 0.00263471/step  Wall: 1128.88, 0.00286528/step, 0.0795912 hours remaining, 0.448026 MB of memory in use.
PERFORMANCE: 400000  averaging 61.2293 ns/day, 0.00282218 sec/step with standard deviation 0.000708256
ETITLE:      TS           BOND          ANGLE          DIHED          IMPRP               ELECT            VDW       BOUNDARY           MISC        KINETIC               TOTAL           TEMP      POTENTIAL         TOTAL3        TEMPAVG            PRESSURE      GPRESSURE         VOLUME       PRESSAVG      GPRESSAVG

ENERGY:  400000         0.0000         0.0000         0.0000         0.0000          -5668.7307       400.1674         0.0000         0.0000       994.1207          -4274.4426       315.8234     -5268.5633     -4271.8959       298.7320           -701.5602      -688.0297     22748.9124      -230.4739      -230.4627

WRITING EXTENDED SYSTEM TO RESTART FILE AT STEP 400000
WRITING COORDINATES TO DCD FILE MDequil.dcd AT STEP 400000
WRITING COORDINATES TO RESTART FILE AT STEP 400000
FINISHED WRITING RESTART COORDINATES
WRITING VELOCITIES TO RESTART FILE AT STEP 400000
FINISHED WRITING RESTART VELOCITIES
LDB: ============= START OF LOAD BALANCING ============== 1142.24
LDB: ============== END OF LOAD BALANCING =============== 1142.24
Info: useSync: 0 useProxySync: 0
LDB: =============== DONE WITH MIGRATION ================ 1142.24
LDB: ============= START OF LOAD BALANCING ============== 1142.31
LDB: Largest compute 52 load 0.011803 is 22.3% of average load 0.053022
LDB: Average compute 0.003783 is 7.1% of average load 0.053022
LDB: TIME 1142.31 LOAD: AVG 0.0530219 MAX 0.0591402  PROXIES: TOTAL 24 MAXPE 4 MAXPATCH 6 None MEM: 0.448026 MB
LDB: TIME 1142.31 LOAD: AVG 0.0530219 MAX 0.0591402  PROXIES: TOTAL 34 MAXPE 4 MAXPATCH 9 RefineTorusLB MEM: 0.448026 MB
LDB: TIME 1142.31 LOAD: AVG 0.0530219 MAX 0.0577489  PROXIES: TOTAL 34 MAXPE 4 MAXPATCH 9 RefineTorusLB MEM: 0.448026 MB
LDB: ============== END OF LOAD BALANCING =============== 1142.31
Info: useSync: 0 useProxySync: 0
LDB: =============== DONE WITH MIGRATION ================ 1142.31
LDB: ============= START OF LOAD BALANCING ============== 1144.84
LDB: ============== END OF LOAD BALANCING =============== 1144.84
Info: useSync: 0 useProxySync: 0
LDB: =============== DONE WITH MIGRATION ================ 1144.84
LDB: ============= START OF LOAD BALANCING ============== 1144.9
LDB: Largest compute 52 load 0.013859 is 26.2% of average load 0.052910
LDB: Average compute 0.003766 is 7.1% of average load 0.052910
LDB: TIME 1144.9 LOAD: AVG 0.0529103 MAX 0.0572854  PROXIES: TOTAL 24 MAXPE 4 MAXPATCH 6 None MEM: 0.448026 MB
LDB: TIME 1144.9 LOAD: AVG 0.0529103 MAX 0.0572854  PROXIES: TOTAL 34 MAXPE 4 MAXPATCH 9 RefineTorusLB MEM: 0.448026 MB
LDB: TIME 1144.9 LOAD: AVG 0.0529103 MAX 0.0572854  PROXIES: TOTAL 34 MAXPE 4 MAXPATCH 9 RefineTorusLB MEM: 0.448026 MB
LDB: ============== END OF LOAD BALANCING =============== 1144.9
Info: useSync: 0 useProxySync: 0
LDB: =============== DONE WITH MIGRATION ================ 1144.9
LDB: ============= START OF LOAD BALANCING ============== 1147.54
LDB: ============== END OF LOAD BALANCING =============== 1147.54
Info: useSync: 0 useProxySync: 0
LDB: =============== DONE WITH MIGRATION ================ 1147.54
LDB: ============= START OF LOAD BALANCING ============== 1147.61
LDB: Largest compute 160 load 0.013499 is 26.0% of average load 0.051909
LDB: Average compute 0.003705 is 7.1% of average load 0.051909
LDB: TIME 1147.61 LOAD: AVG 0.0519091 MAX 0.0555631  PROXIES: TOTAL 24 MAXPE 4 MAXPATCH 6 None MEM: 0.448026 MB
LDB: TIME 1147.61 LOAD: AVG 0.0519091 MAX 0.0555631  PROXIES: TOTAL 34 MAXPE 4 MAXPATCH 9 RefineTorusLB MEM: 0.448026 MB
LDB: TIME 1147.61 LOAD: AVG 0.0519091 MAX 0.0555631  PROXIES: TOTAL 34 MAXPE 4 MAXPATCH 9 RefineTorusLB MEM: 0.448026 MB
LDB: ============== END OF LOAD BALANCING =============== 1147.61
Info: useSync: 0 useProxySync: 0
LDB: =============== DONE WITH MIGRATION ================ 1147.63
PRESSURE: 405000 -987.508 404.629 -283.148 245.502 -728.902 117.834 80.2804 -368.57 -531.922
GPRESSURE: 405000 -1061.34 548.972 -220.783 306.926 -798.92 323.321 91.8234 -237.391 -349.101
PRESSAVG: 405000 -373.083 -12.3464 88.7233 -23.3326 -282.044 58.5478 85.4525 77.048 4.11468
GPRESSAVG: 405000 -373.153 -11.9662 89.5822 -23.1288 -282.53 58.622 85.5922 77.4544 4.08795
ENERGY:  405000         0.0000         0.0000         0.0000         0.0000          -5546.6117       349.8983         0.0000         0.0000       961.1609          -4235.5526       305.3524     -5196.7135     -4233.7235       301.8125           -749.4443      -736.4532     22494.5711      -217.0041      -217.1984

WRITING COORDINATES TO DCD FILE MDequil.dcd AT STEP 405000
LDB: ============= START OF LOAD BALANCING ============== 1150.37
LDB: ============== END OF LOAD BALANCING =============== 1150.37
Info: useSync: 0 useProxySync: 0
LDB: =============== DONE WITH MIGRATION ================ 1150.37
LDB: ============= START OF LOAD BALANCING ============== 1150.44
LDB: Largest compute 160 load 0.012287 is 22.7% of average load 0.054013
LDB: Average compute 0.003852 is 7.1% of average load 0.054013
LDB: TIME 1150.44 LOAD: AVG 0.0540134 MAX 0.0584564  PROXIES: TOTAL 24 MAXPE 4 MAXPATCH 6 None MEM: 0.448026 MB
LDB: TIME 1150.44 LOAD: AVG 0.0540134 MAX 0.0584564  PROXIES: TOTAL 34 MAXPE 4 MAXPATCH 9 RefineTorusLB MEM: 0.448026 MB
LDB: TIME 1150.44 LOAD: AVG 0.0540134 MAX 0.0584564  PROXIES: TOTAL 34 MAXPE 4 MAXPATCH 9 RefineTorusLB MEM: 0.448026 MB
LDB: ============== END OF LOAD BALANCING =============== 1150.44
Info: useSync: 0 useProxySync: 0
LDB: =============== DONE WITH MIGRATION ================ 1150.44
LDB: ============= START OF LOAD BALANCING ============== 1152.98
LDB: ============== END OF LOAD BALANCING =============== 1152.98
Info: useSync: 0 useProxySync: 0
LDB: =============== DONE WITH MIGRATION ================ 1152.98
LDB: ============= START OF LOAD BALANCING ============== 1153.05
LDB: Largest compute 160 load 0.012030 is 22.3% of average load 0.053896
LDB: Average compute 0.003838 is 7.1% of average load 0.053896
LDB: TIME 1153.05 LOAD: AVG 0.0538961 MAX 0.0585496  PROXIES: TOTAL 24 MAXPE 4 MAXPATCH 6 None MEM: 0.448026 MB
LDB: TIME 1153.05 LOAD: AVG 0.0538961 MAX 0.0585496  PROXIES: TOTAL 34 MAXPE 4 MAXPATCH 9 RefineTorusLB MEM: 0.448026 MB
LDB: TIME 1153.05 LOAD: AVG 0.0538961 MAX 0.0585496  PROXIES: TOTAL 34 MAXPE 4 MAXPATCH 9 RefineTorusLB MEM: 0.448026 MB
LDB: ============== END OF LOAD BALANCING =============== 1153.05
Info: useSync: 0 useProxySync: 0
LDB: =============== DONE WITH MIGRATION ================ 1153.05
PRESSURE: 410000 -1674.87 -123.012 357.313 -145.345 -602.597 538.988 582.233 518.926 -407.678
GPRESSURE: 410000 -1643.49 -136.349 636.342 -75.2519 -669.516 634.765 464.937 334.963 -341.016
PRESSAVG: 410000 -363.94 41.797 68.6272 -1.24749 -460.681 0.627963 12.1852 -22.5167 26.0733
GPRESSAVG: 410000 -363.931 41.6915 67.845 -1.20123 -460.726 0.640449 12.297 -22.7003 26.2035
ENERGY:  410000         0.0000         0.0000         0.0000         0.0000          -5558.4473       381.4288         0.0000         0.0000       923.8736          -4253.1449       293.5065     -5177.0185     -4250.8994       302.5631           -895.0467      -884.6755     23161.5831      -266.1825      -266.1510

WRITING COORDINATES TO DCD FILE MDequil.dcd AT STEP 410000
LDB: ============= START OF LOAD BALANCING ============== 1155.68
LDB: ============== END OF LOAD BALANCING =============== 1155.68
Info: useSync: 0 useProxySync: 0
LDB: =============== DONE WITH MIGRATION ================ 1155.68
LDB: ============= START OF LOAD BALANCING ============== 1155.75
LDB: Largest compute 161 load 0.012004 is 22.2% of average load 0.053964
LDB: Average compute 0.003838 is 7.1% of average load 0.053964
LDB: TIME 1155.75 LOAD: AVG 0.0539643 MAX 0.0590998  PROXIES: TOTAL 24 MAXPE 4 MAXPATCH 6 None MEM: 0.448026 MB
LDB: TIME 1155.75 LOAD: AVG 0.0539643 MAX 0.0590998  PROXIES: TOTAL 34 MAXPE 4 MAXPATCH 9 RefineTorusLB MEM: 0.448026 MB
LDB: TIME 1155.75 LOAD: AVG 0.0539643 MAX 0.058435  PROXIES: TOTAL 34 MAXPE 4 MAXPATCH 9 RefineTorusLB MEM: 0.448026 MB
LDB: ============== END OF LOAD BALANCING =============== 1155.75
Info: useSync: 0 useProxySync: 0
LDB: =============== DONE WITH MIGRATION ================ 1155.75
LDB: ============= START OF LOAD BALANCING ============== 1158.38
LDB: ============== END OF LOAD BALANCING =============== 1158.38
Info: useSync: 0 useProxySync: 0
LDB: =============== DONE WITH MIGRATION ================ 1158.38
LDB: ============= START OF LOAD BALANCING ============== 1158.44
LDB: Largest compute 7 load 0.012888 is 23.5% of average load 0.054824
LDB: Average compute 0.003902 is 7.1% of average load 0.054824
LDB: TIME 1158.45 LOAD: AVG 0.0548236 MAX 0.0576828  PROXIES: TOTAL 24 MAXPE 4 MAXPATCH 6 None MEM: 0.448026 MB
LDB: TIME 1158.45 LOAD: AVG 0.0548236 MAX 0.0576828  PROXIES: TOTAL 34 MAXPE 4 MAXPATCH 9 RefineTorusLB MEM: 0.448026 MB
LDB: TIME 1158.45 LOAD: AVG 0.0548236 MAX 0.0576828  PROXIES: TOTAL 34 MAXPE 4 MAXPATCH 9 RefineTorusLB MEM: 0.448026 MB
LDB: ============== END OF LOAD BALANCING =============== 1158.45
Info: useSync: 0 useProxySync: 0
LDB: =============== DONE WITH MIGRATION ================ 1158.45
LDB: ============= START OF LOAD BALANCING ============== 1161.04
LDB: ============== END OF LOAD BALANCING =============== 1161.04
Info: useSync: 0 useProxySync: 0
LDB: =============== DONE WITH MIGRATION ================ 1161.04
LDB: ============= START OF LOAD BALANCING ============== 1161.11
LDB: Largest compute 161 load 0.012211 is 22.7% of average load 0.053674
LDB: Average compute 0.003815 is 7.1% of average load 0.053674
LDB: TIME 1161.11 LOAD: AVG 0.0536738 MAX 0.0588387  PROXIES: TOTAL 24 MAXPE 4 MAXPATCH 6 None MEM: 0.448026 MB
LDB: TIME 1161.11 LOAD: AVG 0.0536738 MAX 0.0588387  PROXIES: TOTAL 34 MAXPE 4 MAXPATCH 9 RefineTorusLB MEM: 0.448026 MB
LDB: TIME 1161.11 LOAD: AVG 0.0536738 MAX 0.056618  PROXIES: TOTAL 34 MAXPE 4 MAXPATCH 9 RefineTorusLB MEM: 0.448026 MB
LDB: ============== END OF LOAD BALANCING =============== 1161.11
Info: useSync: 0 useProxySync: 0
LDB: =============== DONE WITH MIGRATION ================ 1161.11
WRITING COORDINATES TO DCD FILE MDequil.dcd AT STEP 415000
PRESSURE: 415000 -406.123 629.478 544.136 583.702 -490.345 -185.584 466.76 75.3785 256.621
GPRESSURE: 415000 -366.01 324.797 339.348 939.27 -399.148 -350.341 414.786 141.733 227.14
PRESSAVG: 415000 -346.609 -34.2958 -10.0305 -27.7966 -297.219 -9.23871 -68.2217 -51.3908 19.6551
GPRESSAVG: 415000 -346.473 -34.3708 -9.80433 -27.8236 -297.072 -9.63683 -67.9738 -51.4506 19.7036
ENERGY:  415000         0.0000         0.0000         0.0000         0.0000          -5594.0135       377.2887         0.0000         0.0000       918.2972          -4298.4275       291.7350     -5216.7248     -4295.1298       297.9608           -213.2823      -179.3394     22512.9823      -208.0577      -207.9469

LDB: ============= START OF LOAD BALANCING ============== 1163.85
LDB: ============== END OF LOAD BALANCING =============== 1163.85
Info: useSync: 0 useProxySync: 0
LDB: =============== DONE WITH MIGRATION ================ 1163.85
LDB: ============= START OF LOAD BALANCING ============== 1163.92
LDB: Largest compute 161 load 0.013304 is 24.4% of average load 0.054440
LDB: Average compute 0.003885 is 7.1% of average load 0.054440
LDB: TIME 1163.92 LOAD: AVG 0.0544395 MAX 0.0606893  PROXIES: TOTAL 24 MAXPE 4 MAXPATCH 6 None MEM: 0.448026 MB
LDB: TIME 1163.92 LOAD: AVG 0.0544395 MAX 0.0606893  PROXIES: TOTAL 34 MAXPE 4 MAXPATCH 9 RefineTorusLB MEM: 0.448026 MB
LDB: TIME 1163.92 LOAD: AVG 0.0544395 MAX 0.0594412  PROXIES: TOTAL 34 MAXPE 4 MAXPATCH 9 RefineTorusLB MEM: 0.448026 MB
LDB: ============== END OF LOAD BALANCING =============== 1163.92
Info: useSync: 0 useProxySync: 0
LDB: =============== DONE WITH MIGRATION ================ 1163.92
LDB: ============= START OF LOAD BALANCING ============== 1166.55
LDB: ============== END OF LOAD BALANCING =============== 1166.55
Info: useSync: 0 useProxySync: 0
LDB: =============== DONE WITH MIGRATION ================ 1166.56
LDB: ============= START OF LOAD BALANCING ============== 1166.63
LDB: Largest compute 4 load 0.012769 is 24.0% of average load 0.053242
LDB: Average compute 0.003800 is 7.1% of average load 0.053242
LDB: TIME 1166.63 LOAD: AVG 0.0532418 MAX 0.0562122  PROXIES: TOTAL 24 MAXPE 4 MAXPATCH 6 None MEM: 0.448026 MB
LDB: TIME 1166.63 LOAD: AVG 0.0532418 MAX 0.0562122  PROXIES: TOTAL 34 MAXPE 4 MAXPATCH 9 RefineTorusLB MEM: 0.448026 MB
LDB: TIME 1166.63 LOAD: AVG 0.0532418 MAX 0.0562122  PROXIES: TOTAL 34 MAXPE 4 MAXPATCH 9 RefineTorusLB MEM: 0.448026 MB
LDB: ============== END OF LOAD BALANCING =============== 1166.63
Info: useSync: 0 useProxySync: 0
LDB: =============== DONE WITH MIGRATION ================ 1166.63
PRESSURE: 420000 4.84065 590.517 -71.2557 888.504 807.215 67.6156 -268.752 -318.841 -692.9
GPRESSURE: 420000 -64.0695 608.129 53.8088 697.087 634.679 -178.258 -644.598 -348.17 -365.724
PRESSAVG: 420000 -364.92 9.50011 -9.97747 11.2293 -316.693 -7.72081 12.345 -42.383 11.9285
GPRESSAVG: 420000 -364.755 9.72827 -9.67874 11.1306 -316.751 -7.96 12.222 -42.2367 11.9961
ENERGY:  420000         0.0000         0.0000         0.0000         0.0000          -5614.1202       391.7438         0.0000         0.0000       964.0637          -4258.3127       306.2746     -5222.3764     -4253.9425       298.7547             39.7186        68.2952     22301.1956      -223.2282      -223.1697

WRITING COORDINATES TO DCD FILE MDequil.dcd AT STEP 420000
LDB: ============= START OF LOAD BALANCING ============== 1169.45
LDB: ============== END OF LOAD BALANCING =============== 1169.45
Info: useSync: 0 useProxySync: 0
LDB: =============== DONE WITH MIGRATION ================ 1169.45
LDB: ============= START OF LOAD BALANCING ============== 1169.53
LDB: Largest compute 158 load 0.015425 is 28.2% of average load 0.054664
LDB: Average compute 0.003912 is 7.2% of average load 0.054664
LDB: TIME 1169.53 LOAD: AVG 0.0546637 MAX 0.0689374  PROXIES: TOTAL 24 MAXPE 4 MAXPATCH 6 None MEM: 0.448026 MB
LDB: TIME 1169.53 LOAD: AVG 0.0546637 MAX 0.0689374  PROXIES: TOTAL 34 MAXPE 4 MAXPATCH 9 RefineTorusLB MEM: 0.448026 MB
LDB: TIME 1169.53 LOAD: AVG 0.0546637 MAX 0.0579831  PROXIES: TOTAL 34 MAXPE 4 MAXPATCH 9 RefineTorusLB MEM: 0.448026 MB
LDB: ============== END OF LOAD BALANCING =============== 1169.53
Info: useSync: 0 useProxySync: 0
LDB: =============== DONE WITH MIGRATION ================ 1169.53
LDB: ============= START OF LOAD BALANCING ============== 1172.09
LDB: ============== END OF LOAD BALANCING =============== 1172.09
Info: useSync: 0 useProxySync: 0
LDB: =============== DONE WITH MIGRATION ================ 1172.09
LDB: ============= START OF LOAD BALANCING ============== 1172.15
LDB: Largest compute 161 load 0.013853 is 25.2% of average load 0.054884
LDB: Average compute 0.003919 is 7.1% of average load 0.054884
LDB: TIME 1172.15 LOAD: AVG 0.054884 MAX 0.0604206  PROXIES: TOTAL 24 MAXPE 4 MAXPATCH 6 None MEM: 0.448026 MB
LDB: TIME 1172.15 LOAD: AVG 0.054884 MAX 0.0604206  PROXIES: TOTAL 34 MAXPE 4 MAXPATCH 9 RefineTorusLB MEM: 0.448026 MB
LDB: TIME 1172.15 LOAD: AVG 0.054884 MAX 0.0589211  PROXIES: TOTAL 34 MAXPE 4 MAXPATCH 9 RefineTorusLB MEM: 0.448026 MB
LDB: ============== END OF LOAD BALANCING =============== 1172.15
Info: useSync: 0 useProxySync: 0
LDB: =============== DONE WITH MIGRATION ================ 1172.15
LDB: ============= START OF LOAD BALANCING ============== 1174.72
LDB: ============== END OF LOAD BALANCING =============== 1174.72
Info: useSync: 0 useProxySync: 0
LDB: =============== DONE WITH MIGRATION ================ 1174.72
LDB: ============= START OF LOAD BALANCING ============== 1174.78
LDB: Largest compute 161 load 0.011782 is 22.1% of average load 0.053336
LDB: Average compute 0.003804 is 7.1% of average load 0.053336
LDB: TIME 1174.78 LOAD: AVG 0.0533358 MAX 0.0574242  PROXIES: TOTAL 24 MAXPE 4 MAXPATCH 6 None MEM: 0.448026 MB
LDB: TIME 1174.78 LOAD: AVG 0.0533358 MAX 0.0574242  PROXIES: TOTAL 34 MAXPE 4 MAXPATCH 9 RefineTorusLB MEM: 0.448026 MB
LDB: TIME 1174.78 LOAD: AVG 0.0533358 MAX 0.0574242  PROXIES: TOTAL 34 MAXPE 4 MAXPATCH 9 RefineTorusLB MEM: 0.448026 MB
LDB: ============== END OF LOAD BALANCING =============== 1174.78
Info: useSync: 0 useProxySync: 0
LDB: =============== DONE WITH MIGRATION ================ 1174.78
PRESSURE: 425000 -518.882 -277.574 -570.87 -384.73 -560.783 139.856 -586.865 282.153 730.067
GPRESSURE: 425000 -455.063 -269.049 -441.086 -485.114 -560.964 306.183 -434.334 192.345 723.695
PRESSAVG: 425000 -195.36 26.2779 -70.6548 34.0383 -205.392 79.7831 -88.7578 74.4738 21.5492
GPRESSAVG: 425000 -195.697 26.2002 -70.42 34.0552 -205.005 80.738 -88.3533 74.6061 21.8206
ENERGY:  425000         0.0000         0.0000         0.0000         0.0000          -5631.5476       398.5605         0.0000         0.0000       957.1731          -4275.8139       304.0855     -5232.9871     -4273.7505       300.9823           -116.5327       -97.4440     22527.5134      -126.4008      -126.2938

WRITING COORDINATES TO DCD FILE MDequil.dcd AT STEP 425000
LDB: ============= START OF LOAD BALANCING ============== 1177.39
LDB: ============== END OF LOAD BALANCING =============== 1177.39
Info: useSync: 0 useProxySync: 0
LDB: =============== DONE WITH MIGRATION ================ 1177.39
LDB: ============= START OF LOAD BALANCING ============== 1177.45
LDB: Largest compute 52 load 0.012867 is 23.5% of average load 0.054833
LDB: Average compute 0.003920 is 7.1% of average load 0.054833
LDB: TIME 1177.45 LOAD: AVG 0.0548329 MAX 0.0577257  PROXIES: TOTAL 24 MAXPE 4 MAXPATCH 6 None MEM: 0.448026 MB
LDB: TIME 1177.45 LOAD: AVG 0.0548329 MAX 0.0577257  PROXIES: TOTAL 34 MAXPE 4 MAXPATCH 9 RefineTorusLB MEM: 0.448026 MB
LDB: TIME 1177.45 LOAD: AVG 0.0548329 MAX 0.0577257  PROXIES: TOTAL 34 MAXPE 4 MAXPATCH 9 RefineTorusLB MEM: 0.448026 MB
LDB: ============== END OF LOAD BALANCING =============== 1177.45
Info: useSync: 0 useProxySync: 0
LDB: =============== DONE WITH MIGRATION ================ 1177.45
LDB: ============= START OF LOAD BALANCING ============== 1180.04
LDB: ============== END OF LOAD BALANCING =============== 1180.04
Info: useSync: 0 useProxySync: 0
LDB: =============== DONE WITH MIGRATION ================ 1180.04
LDB: ============= START OF LOAD BALANCING ============== 1180.1
LDB: Largest compute 147 load 0.012178 is 23.0% of average load 0.053061
LDB: Average compute 0.003782 is 7.1% of average load 0.053061
LDB: TIME 1180.1 LOAD: AVG 0.0530613 MAX 0.0560577  PROXIES: TOTAL 24 MAXPE 4 MAXPATCH 6 None MEM: 0.448026 MB
LDB: TIME 1180.1 LOAD: AVG 0.0530613 MAX 0.0560577  PROXIES: TOTAL 34 MAXPE 4 MAXPATCH 9 RefineTorusLB MEM: 0.448026 MB
LDB: TIME 1180.1 LOAD: AVG 0.0530613 MAX 0.0560577  PROXIES: TOTAL 34 MAXPE 4 MAXPATCH 9 RefineTorusLB MEM: 0.448026 MB
LDB: ============== END OF LOAD BALANCING =============== 1180.1
Info: useSync: 0 useProxySync: 0
LDB: =============== DONE WITH MIGRATION ================ 1180.1
PRESSURE: 430000 -800.694 -671.202 -0.862062 -1003.07 -907.256 -204.418 1.37576 -254.584 -890.664
GPRESSURE: 430000 -926.03 -756.547 96.8816 -725.189 -848.197 -216.992 -211.776 -287.429 -743.454
PRESSAVG: 430000 -342.821 9.27822 28.3124 -14.4526 -295.764 -32.1539 115.857 -52.7969 4.80513
GPRESSAVG: 430000 -342.699 9.34211 28.4396 -14.5871 -295.764 -32.1599 115.77 -52.997 4.82471
ENERGY:  430000         0.0000         0.0000         0.0000         0.0000          -5533.3175       334.8934         0.0000         0.0000      1013.0590          -4185.3650       321.8400     -5198.4241     -4183.7834       299.6523           -866.2048      -839.2273     22777.7032      -211.2600      -211.2127

WRITING COORDINATES TO DCD FILE MDequil.dcd AT STEP 430000
LDB: ============= START OF LOAD BALANCING ============== 1182.62
LDB: ============== END OF LOAD BALANCING =============== 1182.62
Info: useSync: 0 useProxySync: 0
LDB: =============== DONE WITH MIGRATION ================ 1182.63
LDB: ============= START OF LOAD BALANCING ============== 1182.69
LDB: Largest compute 138 load 0.011900 is 22.7% of average load 0.052435
LDB: Average compute 0.003739 is 7.1% of average load 0.052435
LDB: TIME 1182.69 LOAD: AVG 0.0524348 MAX 0.056149  PROXIES: TOTAL 24 MAXPE 4 MAXPATCH 6 None MEM: 0.448026 MB
LDB: TIME 1182.69 LOAD: AVG 0.0524348 MAX 0.056149  PROXIES: TOTAL 34 MAXPE 4 MAXPATCH 9 RefineTorusLB MEM: 0.448026 MB
LDB: TIME 1182.69 LOAD: AVG 0.0524348 MAX 0.056149  PROXIES: TOTAL 34 MAXPE 4 MAXPATCH 9 RefineTorusLB MEM: 0.448026 MB
LDB: ============== END OF LOAD BALANCING =============== 1182.69
Info: useSync: 0 useProxySync: 0
LDB: =============== DONE WITH MIGRATION ================ 1182.69
LDB: ============= START OF LOAD BALANCING ============== 1185.24
LDB: ============== END OF LOAD BALANCING =============== 1185.24
Info: useSync: 0 useProxySync: 0
LDB: =============== DONE WITH MIGRATION ================ 1185.24
LDB: ============= START OF LOAD BALANCING ============== 1185.3
LDB: Largest compute 137 load 0.012208 is 23.0% of average load 0.053180
LDB: Average compute 0.003787 is 7.1% of average load 0.053180
LDB: TIME 1185.3 LOAD: AVG 0.0531805 MAX 0.0568331  PROXIES: TOTAL 24 MAXPE 4 MAXPATCH 6 None MEM: 0.448026 MB
LDB: TIME 1185.3 LOAD: AVG 0.0531805 MAX 0.0568331  PROXIES: TOTAL 34 MAXPE 4 MAXPATCH 9 RefineTorusLB MEM: 0.448026 MB
LDB: TIME 1185.3 LOAD: AVG 0.0531805 MAX 0.0568331  PROXIES: TOTAL 34 MAXPE 4 MAXPATCH 9 RefineTorusLB MEM: 0.448026 MB
LDB: ============== END OF LOAD BALANCING =============== 1185.3
Info: useSync: 0 useProxySync: 0
LDB: =============== DONE WITH MIGRATION ================ 1185.3
LDB: ============= START OF LOAD BALANCING ============== 1190.34
LDB: ============== END OF LOAD BALANCING =============== 1190.35
Info: useSync: 0 useProxySync: 0
LDB: =============== DONE WITH MIGRATION ================ 1190.36
LDB: ============= START OF LOAD BALANCING ============== 1190.56
LDB: Largest compute 150 load 0.027827 is 41.1% of average load 0.067742
LDB: Average compute 0.004695 is 6.9% of average load 0.067742
LDB: TIME 1190.56 LOAD: AVG 0.0677425 MAX 0.126499  PROXIES: TOTAL 24 MAXPE 4 MAXPATCH 6 None MEM: 0.448026 MB
LDB: TIME 1190.56 LOAD: AVG 0.0677425 MAX 0.126499  PROXIES: TOTAL 34 MAXPE 4 MAXPATCH 9 RefineTorusLB MEM: 0.448026 MB
LDB: TIME 1190.56 LOAD: AVG 0.0677425 MAX 0.0738415  PROXIES: TOTAL 34 MAXPE 4 MAXPATCH 9 RefineTorusLB MEM: 0.448026 MB
LDB: ============== END OF LOAD BALANCING =============== 1190.56
Info: useSync: 0 useProxySync: 0
LDB: =============== DONE WITH MIGRATION ================ 1190.57
WRITING COORDINATES TO DCD FILE MDequil.dcd AT STEP 435000
PRESSURE: 435000 -854.514 -176.112 357.102 15.3921 89.4714 7.32009 -145.194 -482.485 265.899
GPRESSURE: 435000 -773.19 -309.823 41.5059 30.3796 180.8 157.434 181.344 -494.245 166.94
PRESSAVG: 435000 -356.923 49.0294 -25.8438 21.5901 -322.858 47.2014 -19.5536 36.0686 11.4117
GPRESSAVG: 435000 -357.414 48.8521 -25.6249 21.565 -322.65 46.6434 -19.6419 36.1404 11.4272
ENERGY:  435000         0.0000         0.0000         0.0000         0.0000          -5546.0692       381.9825         0.0000         0.0000       948.3996          -4215.6871       301.2982     -5164.0867     -4214.4542       303.1914           -166.3814      -141.8166     22910.3485      -222.7899      -222.8790

LDB: ============= START OF LOAD BALANCING ============== 1205.3
LDB: ============== END OF LOAD BALANCING =============== 1205.31
Info: useSync: 0 useProxySync: 0
LDB: =============== DONE WITH MIGRATION ================ 1205.32
LDB: ============= START OF LOAD BALANCING ============== 1205.67
LDB: Largest compute 161 load 0.015866 is 28.2% of average load 0.056267
LDB: Average compute 0.003655 is 6.5% of average load 0.056267
LDB: TIME 1205.67 LOAD: AVG 0.0562668 MAX 0.0692921  PROXIES: TOTAL 24 MAXPE 4 MAXPATCH 6 None MEM: 0.448026 MB
LDB: TIME 1205.67 LOAD: AVG 0.0562668 MAX 0.0692921  PROXIES: TOTAL 34 MAXPE 4 MAXPATCH 9 RefineTorusLB MEM: 0.448026 MB
LDB: TIME 1205.67 LOAD: AVG 0.0562668 MAX 0.0613015  PROXIES: TOTAL 34 MAXPE 4 MAXPATCH 9 RefineTorusLB MEM: 0.448026 MB
LDB: ============== END OF LOAD BALANCING =============== 1205.68
Info: useSync: 0 useProxySync: 0
LDB: =============== DONE WITH MIGRATION ================ 1205.73
LDB: ============= START OF LOAD BALANCING ============== 1219.84
LDB: ============== END OF LOAD BALANCING =============== 1219.85
Info: useSync: 0 useProxySync: 0
LDB: =============== DONE WITH MIGRATION ================ 1219.88
LDB: ============= START OF LOAD BALANCING ============== 1220.26
LDB: Largest compute 161 load 0.012473 is 22.1% of average load 0.056389
LDB: Average compute 0.003704 is 6.6% of average load 0.056389
LDB: TIME 1220.26 LOAD: AVG 0.0563889 MAX 0.0693898  PROXIES: TOTAL 24 MAXPE 4 MAXPATCH 6 None MEM: 0.448026 MB
LDB: TIME 1220.26 LOAD: AVG 0.0563889 MAX 0.0693898  PROXIES: TOTAL 34 MAXPE 4 MAXPATCH 9 RefineTorusLB MEM: 0.448026 MB
LDB: TIME 1220.26 LOAD: AVG 0.0563889 MAX 0.0613629  PROXIES: TOTAL 34 MAXPE 4 MAXPATCH 9 RefineTorusLB MEM: 0.448026 MB
LDB: ============== END OF LOAD BALANCING =============== 1220.27
Info: useSync: 0 useProxySync: 0
LDB: =============== DONE WITH MIGRATION ================ 1220.39
WRITING COORDINATES TO DCD FILE MDequil.dcd AT STEP 440000
PRESSURE: 440000 812.307 153.527 208.946 -162.493 -1417.12 78.8285 -307.067 -71.6022 -28.0088
GPRESSURE: 440000 1025.38 73.5101 500.406 22.114 -1442.17 155.741 -414.151 -82.8022 -127.919
PRESSAVG: 440000 -319.216 -18.528 -0.171992 25.9842 -321.351 -50.1524 0.250338 -47.9632 -2.36875
GPRESSAVG: 440000 -318.589 -18.5373 -0.250802 26.0768 -321.847 -49.7238 0.555656 -48.1033 -2.55363
ENERGY:  440000         0.0000         0.0000         0.0000         0.0000          -5611.5072       389.9235         0.0000         0.0000       962.0009          -4259.5828       305.6192     -5221.5837     -4257.0754       300.7627           -210.9411      -181.5693     22840.2423      -214.3119      -214.3298

LDB: ============= START OF LOAD BALANCING ============== 1231.13
LDB: ============== END OF LOAD BALANCING =============== 1231.13
Info: useSync: 0 useProxySync: 0
LDB: =============== DONE WITH MIGRATION ================ 1231.13
LDB: ============= START OF LOAD BALANCING ============== 1231.19
LDB: Largest compute 148 load 0.011750 is 24.0% of average load 0.048908
LDB: Average compute 0.003497 is 7.2% of average load 0.048908
LDB: TIME 1231.19 LOAD: AVG 0.0489085 MAX 0.0566619  PROXIES: TOTAL 24 MAXPE 4 MAXPATCH 6 None MEM: 0.448026 MB
LDB: TIME 1231.19 LOAD: AVG 0.0489085 MAX 0.0566619  PROXIES: TOTAL 34 MAXPE 4 MAXPATCH 9 RefineTorusLB MEM: 0.448026 MB
LDB: TIME 1231.19 LOAD: AVG 0.0489085 MAX 0.0533553  PROXIES: TOTAL 34 MAXPE 4 MAXPATCH 9 RefineTorusLB MEM: 0.448026 MB
LDB: ============== END OF LOAD BALANCING =============== 1231.19
Info: useSync: 0 useProxySync: 0
LDB: =============== DONE WITH MIGRATION ================ 1231.19
LDB: ============= START OF LOAD BALANCING ============== 1233.67
LDB: ============== END OF LOAD BALANCING =============== 1233.67
Info: useSync: 0 useProxySync: 0
LDB: =============== DONE WITH MIGRATION ================ 1233.67
LDB: ============= START OF LOAD BALANCING ============== 1233.73
LDB: Largest compute 161 load 0.012354 is 24.8% of average load 0.049773
LDB: Average compute 0.003571 is 7.2% of average load 0.049773
LDB: TIME 1233.73 LOAD: AVG 0.0497729 MAX 0.0547791  PROXIES: TOTAL 24 MAXPE 4 MAXPATCH 6 None MEM: 0.448026 MB
LDB: TIME 1233.73 LOAD: AVG 0.0497729 MAX 0.0547791  PROXIES: TOTAL 34 MAXPE 4 MAXPATCH 9 RefineTorusLB MEM: 0.448026 MB
LDB: TIME 1233.73 LOAD: AVG 0.0497729 MAX 0.0540913  PROXIES: TOTAL 33 MAXPE 4 MAXPATCH 9 RefineTorusLB MEM: 0.448026 MB
LDB: ============== END OF LOAD BALANCING =============== 1233.73
Info: useSync: 0 useProxySync: 0
LDB: =============== DONE WITH MIGRATION ================ 1233.73
LDB: ============= START OF LOAD BALANCING ============== 1236.49
LDB: ============== END OF LOAD BALANCING =============== 1236.49
Info: useSync: 0 useProxySync: 0
LDB: =============== DONE WITH MIGRATION ================ 1236.49
LDB: ============= START OF LOAD BALANCING ============== 1236.55
LDB: Largest compute 161 load 0.012779 is 23.5% of average load 0.054338
LDB: Average compute 0.003886 is 7.2% of average load 0.054338
LDB: TIME 1236.55 LOAD: AVG 0.0543384 MAX 0.0575174  PROXIES: TOTAL 24 MAXPE 4 MAXPATCH 6 None MEM: 0.448026 MB
LDB: TIME 1236.55 LOAD: AVG 0.0543384 MAX 0.0575174  PROXIES: TOTAL 33 MAXPE 4 MAXPATCH 9 RefineTorusLB MEM: 0.448026 MB
LDB: TIME 1236.55 LOAD: AVG 0.0543384 MAX 0.0575174  PROXIES: TOTAL 33 MAXPE 4 MAXPATCH 9 RefineTorusLB MEM: 0.448026 MB
LDB: ============== END OF LOAD BALANCING =============== 1236.55
Info: useSync: 0 useProxySync: 0
LDB: =============== DONE WITH MIGRATION ================ 1236.55
PRESSURE: 445000 -1139.19 57.5542 520.361 322.424 -1011.79 -376.215 445.444 -468.871 -1910.4
GPRESSURE: 445000 -1207.55 -281.528 496.306 310.466 -1007.53 -368.715 415.427 -546.707 -1758.42
PRESSAVG: 445000 -342.031 17.615 19.5146 29.5728 -299.709 -9.09924 8.16163 -6.01016 -5.83492
GPRESSAVG: 445000 -342.017 17.8602 19.4261 29.0223 -299.244 -9.37727 7.85606 -6.3571 -5.85612
ENERGY:  445000         0.0000         0.0000         0.0000         0.0000          -5431.4517       300.6425         0.0000         0.0000       912.0628          -4218.7465       289.7544     -5130.8093     -4216.8660       299.9168          -1353.7896     -1324.4982     22818.8741      -215.8583      -215.7059

WRITING COORDINATES TO DCD FILE MDequil.dcd AT STEP 445000
LDB: ============= START OF LOAD BALANCING ============== 1240.8
LDB: ============== END OF LOAD BALANCING =============== 1240.8
Info: useSync: 0 useProxySync: 0
LDB: =============== DONE WITH MIGRATION ================ 1240.8
LDB: ============= START OF LOAD BALANCING ============== 1240.87
LDB: Largest compute 161 load 0.014396 is 26.4% of average load 0.054620
LDB: Average compute 0.003890 is 7.1% of average load 0.054620
LDB: TIME 1240.87 LOAD: AVG 0.0546203 MAX 0.0588378  PROXIES: TOTAL 24 MAXPE 4 MAXPATCH 6 None MEM: 0.448026 MB
LDB: TIME 1240.87 LOAD: AVG 0.0546203 MAX 0.0588378  PROXIES: TOTAL 33 MAXPE 4 MAXPATCH 9 RefineTorusLB MEM: 0.448026 MB
LDB: TIME 1240.87 LOAD: AVG 0.0546203 MAX 0.0588378  PROXIES: TOTAL 33 MAXPE 4 MAXPATCH 9 RefineTorusLB MEM: 0.448026 MB
LDB: ============== END OF LOAD BALANCING =============== 1240.87
Info: useSync: 0 useProxySync: 0
LDB: =============== DONE WITH MIGRATION ================ 1240.87
LDB: ============= START OF LOAD BALANCING ============== 1243.66
LDB: ============== END OF LOAD BALANCING =============== 1243.66
Info: useSync: 0 useProxySync: 0
LDB: =============== DONE WITH MIGRATION ================ 1243.66
LDB: ============= START OF LOAD BALANCING ============== 1243.73
LDB: Largest compute 52 load 0.013622 is 24.9% of average load 0.054697
LDB: Average compute 0.003898 is 7.1% of average load 0.054697
LDB: TIME 1243.73 LOAD: AVG 0.0546969 MAX 0.0591865  PROXIES: TOTAL 24 MAXPE 4 MAXPATCH 6 None MEM: 0.448026 MB
LDB: TIME 1243.73 LOAD: AVG 0.0546969 MAX 0.0591865  PROXIES: TOTAL 33 MAXPE 4 MAXPATCH 9 RefineTorusLB MEM: 0.448026 MB
LDB: TIME 1243.73 LOAD: AVG 0.0546969 MAX 0.0591865  PROXIES: TOTAL 33 MAXPE 4 MAXPATCH 9 RefineTorusLB MEM: 0.448026 MB
LDB: ============== END OF LOAD BALANCING =============== 1243.73
Info: useSync: 0 useProxySync: 0
LDB: =============== DONE WITH MIGRATION ================ 1243.74
PRESSURE: 450000 416.311 -628.87 -146.056 -383.432 461.392 355.098 221.317 141.09 1568.67
GPRESSURE: 450000 356.303 -680.419 -24.4492 -404.919 535.787 553.6 -33.5372 86.7363 1550.3
PRESSAVG: 450000 -408.786 6.74697 -73.0536 -5.73103 -240.187 -7.11303 -65.408 -16.5099 12.9024
GPRESSAVG: 450000 -408.985 6.58948 -73.2535 -5.45754 -240.182 -7.27333 -65.2108 -16.1 12.6197
TIMING: 450000  CPU: 1122.54, 0.00196024/step  Wall: 1233.22, 0.00208673/step, 0.0289824 hours remaining, 0.448026 MB of memory in use.
PERFORMANCE: 450000  averaging 63.055 ns/day, 0.00274046 sec/step with standard deviation 0.000706414
ETITLE:      TS           BOND          ANGLE          DIHED          IMPRP               ELECT            VDW       BOUNDARY           MISC        KINETIC               TOTAL           TEMP      POTENTIAL         TOTAL3        TEMPAVG            PRESSURE      GPRESSURE         VOLUME       PRESSAVG      GPRESSAVG

ENERGY:  450000         0.0000         0.0000         0.0000         0.0000          -5605.0046       459.6639         0.0000         0.0000       952.5437          -4192.7969       302.6148     -5145.3407     -4191.2393       304.4707            815.4578       814.1286     22674.5831      -212.0233      -212.1825

WRITING EXTENDED SYSTEM TO RESTART FILE AT STEP 450000
WRITING COORDINATES TO DCD FILE MDequil.dcd AT STEP 450000
WRITING COORDINATES TO RESTART FILE AT STEP 450000
FINISHED WRITING RESTART COORDINATES
WRITING VELOCITIES TO RESTART FILE AT STEP 450000
FINISHED WRITING RESTART VELOCITIES
LDB: ============= START OF LOAD BALANCING ============== 1246.62
LDB: ============== END OF LOAD BALANCING =============== 1246.62
Info: useSync: 0 useProxySync: 0
LDB: =============== DONE WITH MIGRATION ================ 1246.62
LDB: ============= START OF LOAD BALANCING ============== 1246.74
LDB: Largest compute 141 load 0.042568 is 75.0% of average load 0.056755
LDB: Average compute 0.004078 is 7.2% of average load 0.056755
LDB: TIME 1246.74 LOAD: AVG 0.0567546 MAX 0.0975523  PROXIES: TOTAL 24 MAXPE 4 MAXPATCH 6 None MEM: 0.448026 MB
LDB: TIME 1246.74 LOAD: AVG 0.0567546 MAX 0.0975523  PROXIES: TOTAL 33 MAXPE 4 MAXPATCH 9 RefineTorusLB MEM: 0.448026 MB
LDB: TIME 1246.74 LOAD: AVG 0.0567546 MAX 0.0608025  PROXIES: TOTAL 33 MAXPE 4 MAXPATCH 9 RefineTorusLB MEM: 0.448026 MB
LDB: ============== END OF LOAD BALANCING =============== 1246.74
Info: useSync: 0 useProxySync: 0
LDB: =============== DONE WITH MIGRATION ================ 1246.75
LDB: ============= START OF LOAD BALANCING ============== 1249.57
LDB: ============== END OF LOAD BALANCING =============== 1249.57
Info: useSync: 0 useProxySync: 0
LDB: =============== DONE WITH MIGRATION ================ 1249.57
LDB: ============= START OF LOAD BALANCING ============== 1249.64
LDB: Largest compute 148 load 0.012238 is 23.1% of average load 0.052874
LDB: Average compute 0.003786 is 7.2% of average load 0.052874
LDB: TIME 1249.64 LOAD: AVG 0.0528738 MAX 0.0603492  PROXIES: TOTAL 24 MAXPE 4 MAXPATCH 6 None MEM: 0.448026 MB
LDB: TIME 1249.64 LOAD: AVG 0.0528738 MAX 0.0603492  PROXIES: TOTAL 33 MAXPE 4 MAXPATCH 9 RefineTorusLB MEM: 0.448026 MB
LDB: TIME 1249.64 LOAD: AVG 0.0528738 MAX 0.0576579  PROXIES: TOTAL 33 MAXPE 4 MAXPATCH 9 RefineTorusLB MEM: 0.448026 MB
LDB: ============== END OF LOAD BALANCING =============== 1249.64
Info: useSync: 0 useProxySync: 0
LDB: =============== DONE WITH MIGRATION ================ 1249.64
LDB: ============= START OF LOAD BALANCING ============== 1252.31
LDB: ============== END OF LOAD BALANCING =============== 1252.31
Info: useSync: 0 useProxySync: 0
LDB: =============== DONE WITH MIGRATION ================ 1252.31
LDB: ============= START OF LOAD BALANCING ============== 1252.38
LDB: Largest compute 167 load 0.014714 is 27.0% of average load 0.054498
LDB: Average compute 0.003843 is 7.1% of average load 0.054498
LDB: TIME 1252.38 LOAD: AVG 0.0544981 MAX 0.0678522  PROXIES: TOTAL 24 MAXPE 4 MAXPATCH 6 None MEM: 0.448026 MB
LDB: TIME 1252.38 LOAD: AVG 0.0544981 MAX 0.0678522  PROXIES: TOTAL 33 MAXPE 4 MAXPATCH 9 RefineTorusLB MEM: 0.448026 MB
LDB: TIME 1252.38 LOAD: AVG 0.0544981 MAX 0.0587602  PROXIES: TOTAL 33 MAXPE 4 MAXPATCH 9 RefineTorusLB MEM: 0.448026 MB
LDB: ============== END OF LOAD BALANCING =============== 1252.38
Info: useSync: 0 useProxySync: 0
LDB: =============== DONE WITH MIGRATION ================ 1252.38
PRESSURE: 455000 -666.516 -188.934 -16.0693 -223.863 -686.772 10.8271 -442.695 -717.015 -377.854
GPRESSURE: 455000 -690.286 -202.181 30.8202 -134.292 -711.319 -81.0021 -326.236 -564.535 -304.612
PRESSAVG: 455000 -492.593 -13.7956 14.5513 -2.11692 -475.269 4.91494 8.6816 14.0917 -23.7663
GPRESSAVG: 455000 -492.647 -13.5348 14.5743 -2.24561 -475.21 4.7772 8.27798 14.4639 -23.7398
ENERGY:  455000         0.0000         0.0000         0.0000         0.0000          -5579.7098       383.4089         0.0000         0.0000       939.3210          -4256.9799       298.4140     -5196.3009     -4254.5245       302.2267           -577.0474      -568.7390     22983.6558      -330.5425      -330.5323

WRITING COORDINATES TO DCD FILE MDequil.dcd AT STEP 455000
LDB: ============= START OF LOAD BALANCING ============== 1255.2
LDB: ============== END OF LOAD BALANCING =============== 1255.2
Info: useSync: 0 useProxySync: 0
LDB: =============== DONE WITH MIGRATION ================ 1255.2
LDB: ============= START OF LOAD BALANCING ============== 1255.26
LDB: Largest compute 148 load 0.012415 is 23.8% of average load 0.052241
LDB: Average compute 0.003727 is 7.1% of average load 0.052241
LDB: TIME 1255.26 LOAD: AVG 0.0522412 MAX 0.05825  PROXIES: TOTAL 24 MAXPE 4 MAXPATCH 6 None MEM: 0.448026 MB
LDB: TIME 1255.26 LOAD: AVG 0.0522412 MAX 0.05825  PROXIES: TOTAL 33 MAXPE 4 MAXPATCH 9 RefineTorusLB MEM: 0.448026 MB
LDB: TIME 1255.26 LOAD: AVG 0.0522412 MAX 0.0570782  PROXIES: TOTAL 33 MAXPE 4 MAXPATCH 9 RefineTorusLB MEM: 0.448026 MB
LDB: ============== END OF LOAD BALANCING =============== 1255.26
Info: useSync: 0 useProxySync: 0
LDB: =============== DONE WITH MIGRATION ================ 1255.26
LDB: ============= START OF LOAD BALANCING ============== 1257.9
LDB: ============== END OF LOAD BALANCING =============== 1257.9
Info: useSync: 0 useProxySync: 0
LDB: =============== DONE WITH MIGRATION ================ 1257.9
LDB: ============= START OF LOAD BALANCING ============== 1257.97
LDB: Largest compute 138 load 0.021717 is 39.8% of average load 0.054499
LDB: Average compute 0.003911 is 7.2% of average load 0.054499
LDB: TIME 1257.98 LOAD: AVG 0.0544986 MAX 0.0680487  PROXIES: TOTAL 24 MAXPE 4 MAXPATCH 6 None MEM: 0.448026 MB
LDB: TIME 1257.98 LOAD: AVG 0.0544986 MAX 0.0680487  PROXIES: TOTAL 33 MAXPE 4 MAXPATCH 9 RefineTorusLB MEM: 0.448026 MB
LDB: TIME 1257.98 LOAD: AVG 0.0544986 MAX 0.0592101  PROXIES: TOTAL 33 MAXPE 4 MAXPATCH 9 RefineTorusLB MEM: 0.448026 MB
LDB: ============== END OF LOAD BALANCING =============== 1257.98
Info: useSync: 0 useProxySync: 0
LDB: =============== DONE WITH MIGRATION ================ 1257.98
PRESSURE: 460000 -203.068 -120.271 169.827 -425.944 -434.818 250.752 327.738 224.247 938.022
GPRESSURE: 460000 -323.605 199.198 259.207 -364.24 -335.571 195.245 448.853 329.426 979.43
PRESSAVG: 460000 -360.263 22.1753 47.8821 0.394609 -355.231 -30.7557 -88.8608 -74.7019 5.80832
GPRESSAVG: 460000 -359.874 21.896 47.5685 0.866956 -355.173 -30.2855 -88.9182 -74.8604 5.74793
ENERGY:  460000         0.0000         0.0000         0.0000         0.0000          -5618.0286       408.3063         0.0000         0.0000       965.5282          -4244.1940       306.7398     -5209.7223     -4242.2573       298.7508            100.0452       106.7512     22635.4995      -236.5618      -236.4332

WRITING COORDINATES TO DCD FILE MDequil.dcd AT STEP 460000
LDB: ============= START OF LOAD BALANCING ============== 1260.64
LDB: ============== END OF LOAD BALANCING =============== 1260.64
Info: useSync: 0 useProxySync: 0
LDB: =============== DONE WITH MIGRATION ================ 1260.64
LDB: ============= START OF LOAD BALANCING ============== 1260.71
LDB: Largest compute 52 load 0.011955 is 22.7% of average load 0.052582
LDB: Average compute 0.003747 is 7.1% of average load 0.052582
LDB: TIME 1260.71 LOAD: AVG 0.0525816 MAX 0.0603739  PROXIES: TOTAL 24 MAXPE 4 MAXPATCH 6 None MEM: 0.448026 MB
LDB: TIME 1260.71 LOAD: AVG 0.0525816 MAX 0.0603739  PROXIES: TOTAL 33 MAXPE 4 MAXPATCH 9 RefineTorusLB MEM: 0.448026 MB
LDB: TIME 1260.71 LOAD: AVG 0.0525816 MAX 0.0569915  PROXIES: TOTAL 33 MAXPE 4 MAXPATCH 9 RefineTorusLB MEM: 0.448026 MB
LDB: ============== END OF LOAD BALANCING =============== 1260.71
Info: useSync: 0 useProxySync: 0
LDB: =============== DONE WITH MIGRATION ================ 1260.71
LDB: ============= START OF LOAD BALANCING ============== 1263.31
LDB: ============== END OF LOAD BALANCING =============== 1263.31
Info: useSync: 0 useProxySync: 0
LDB: =============== DONE WITH MIGRATION ================ 1263.31
LDB: ============= START OF LOAD BALANCING ============== 1263.38
LDB: Largest compute 149 load 0.012001 is 22.7% of average load 0.052892
LDB: Average compute 0.003768 is 7.1% of average load 0.052892
LDB: TIME 1263.38 LOAD: AVG 0.0528921 MAX 0.0581405  PROXIES: TOTAL 24 MAXPE 4 MAXPATCH 6 None MEM: 0.448026 MB
LDB: TIME 1263.38 LOAD: AVG 0.0528921 MAX 0.0581405  PROXIES: TOTAL 33 MAXPE 4 MAXPATCH 9 RefineTorusLB MEM: 0.448026 MB
LDB: TIME 1263.38 LOAD: AVG 0.0528921 MAX 0.0568955  PROXIES: TOTAL 33 MAXPE 4 MAXPATCH 9 RefineTorusLB MEM: 0.448026 MB
LDB: ============== END OF LOAD BALANCING =============== 1263.38
Info: useSync: 0 useProxySync: 0
LDB: =============== DONE WITH MIGRATION ================ 1263.38
LDB: ============= START OF LOAD BALANCING ============== 1265.95
LDB: ============== END OF LOAD BALANCING =============== 1265.95
Info: useSync: 0 useProxySync: 0
LDB: =============== DONE WITH MIGRATION ================ 1265.95
LDB: ============= START OF LOAD BALANCING ============== 1266.03
LDB: Largest compute 166 load 0.016398 is 30.4% of average load 0.053891
LDB: Average compute 0.003820 is 7.1% of average load 0.053891
LDB: TIME 1266.03 LOAD: AVG 0.0538908 MAX 0.0675871  PROXIES: TOTAL 24 MAXPE 4 MAXPATCH 6 None MEM: 0.448026 MB
LDB: TIME 1266.03 LOAD: AVG 0.0538908 MAX 0.0675871  PROXIES: TOTAL 33 MAXPE 4 MAXPATCH 9 RefineTorusLB MEM: 0.448026 MB
LDB: TIME 1266.03 LOAD: AVG 0.0538908 MAX 0.0570753  PROXIES: TOTAL 33 MAXPE 4 MAXPATCH 9 RefineTorusLB MEM: 0.448026 MB
LDB: ============== END OF LOAD BALANCING =============== 1266.03
Info: useSync: 0 useProxySync: 0
LDB: =============== DONE WITH MIGRATION ================ 1266.03
PRESSURE: 465000 -537.054 -293.783 -482.733 120.517 -1302.1 -828.065 -387.059 -781.179 2.45727
GPRESSURE: 465000 -558.136 -219.62 -685.458 -69.1295 -1180.16 -438.028 -308.812 -739.427 -69.6794
PRESSAVG: 465000 -328.98 18.0677 -22.6116 6.80141 -383.939 34.59 39.26 11.7362 11.7617
GPRESSAVG: 465000 -329.139 18.1431 -22.7608 6.31177 -383.956 34.791 39.545 12.2002 11.9357
ENERGY:  465000         0.0000         0.0000         0.0000         0.0000          -5549.9740       346.7983         0.0000         0.0000       945.8060          -4257.3697       300.4743     -5203.1757     -4255.2848       299.9444           -612.2307      -602.6582     22688.0668      -233.7188      -233.7197

WRITING COORDINATES TO DCD FILE MDequil.dcd AT STEP 465000
LDB: ============= START OF LOAD BALANCING ============== 1268.59
LDB: ============== END OF LOAD BALANCING =============== 1268.59
Info: useSync: 0 useProxySync: 0
LDB: =============== DONE WITH MIGRATION ================ 1268.59
LDB: ============= START OF LOAD BALANCING ============== 1268.66
LDB: Largest compute 161 load 0.013279 is 24.5% of average load 0.054251
LDB: Average compute 0.003891 is 7.2% of average load 0.054251
LDB: TIME 1268.66 LOAD: AVG 0.0542511 MAX 0.0617611  PROXIES: TOTAL 24 MAXPE 4 MAXPATCH 6 None MEM: 0.448026 MB
LDB: TIME 1268.66 LOAD: AVG 0.0542511 MAX 0.0617611  PROXIES: TOTAL 33 MAXPE 4 MAXPATCH 9 RefineTorusLB MEM: 0.448026 MB
LDB: TIME 1268.66 LOAD: AVG 0.0542511 MAX 0.0589191  PROXIES: TOTAL 33 MAXPE 4 MAXPATCH 9 RefineTorusLB MEM: 0.448026 MB
LDB: ============== END OF LOAD BALANCING =============== 1268.67
Info: useSync: 0 useProxySync: 0
LDB: =============== DONE WITH MIGRATION ================ 1268.68
LDB: ============= START OF LOAD BALANCING ============== 1271.32
LDB: ============== END OF LOAD BALANCING =============== 1271.32
Info: useSync: 0 useProxySync: 0
LDB: =============== DONE WITH MIGRATION ================ 1271.32
LDB: ============= START OF LOAD BALANCING ============== 1271.38
LDB: Largest compute 52 load 0.012642 is 23.4% of average load 0.053966
LDB: Average compute 0.003866 is 7.2% of average load 0.053966
LDB: TIME 1271.38 LOAD: AVG 0.0539664 MAX 0.0570697  PROXIES: TOTAL 24 MAXPE 4 MAXPATCH 6 None MEM: 0.448026 MB
LDB: TIME 1271.38 LOAD: AVG 0.0539664 MAX 0.0570697  PROXIES: TOTAL 33 MAXPE 4 MAXPATCH 9 RefineTorusLB MEM: 0.448026 MB
LDB: TIME 1271.38 LOAD: AVG 0.0539664 MAX 0.0570697  PROXIES: TOTAL 33 MAXPE 4 MAXPATCH 9 RefineTorusLB MEM: 0.448026 MB
LDB: ============== END OF LOAD BALANCING =============== 1271.38
Info: useSync: 0 useProxySync: 0
LDB: =============== DONE WITH MIGRATION ================ 1271.38
PRESSURE: 470000 -667.423 160.414 212.5 645.438 -257.303 -407.748 -383.464 -733.413 -281.584
GPRESSURE: 470000 -537.667 120.62 512.073 647.453 -263.269 -373.882 -626.962 -863.265 -369.351
PRESSAVG: 470000 -412.826 -28.9566 11.5364 -24.9197 -410.884 -41.293 -81.7383 -45.955 -8.29339
GPRESSAVG: 470000 -412.848 -28.9454 11.0637 -24.6177 -410.748 -41.7344 -81.7776 -45.5759 -8.52015
ENERGY:  470000         0.0000         0.0000         0.0000         0.0000          -5528.5734       362.5925         0.0000         0.0000       891.1140          -4274.8669       283.0991     -5165.9809     -4271.6501       294.2877           -402.1031      -390.0958     22757.0332      -277.3344      -277.3721

WRITING COORDINATES TO DCD FILE MDequil.dcd AT STEP 470000
LDB: ============= START OF LOAD BALANCING ============== 1274
LDB: ============== END OF LOAD BALANCING =============== 1274
Info: useSync: 0 useProxySync: 0
LDB: =============== DONE WITH MIGRATION ================ 1274
LDB: ============= START OF LOAD BALANCING ============== 1274.06
LDB: Largest compute 4 load 0.011760 is 22.5% of average load 0.052372
LDB: Average compute 0.003745 is 7.2% of average load 0.052372
LDB: TIME 1274.06 LOAD: AVG 0.0523719 MAX 0.0559043  PROXIES: TOTAL 24 MAXPE 4 MAXPATCH 6 None MEM: 0.448026 MB
LDB: TIME 1274.06 LOAD: AVG 0.0523719 MAX 0.0559043  PROXIES: TOTAL 33 MAXPE 4 MAXPATCH 9 RefineTorusLB MEM: 0.448026 MB
LDB: TIME 1274.06 LOAD: AVG 0.0523719 MAX 0.0559043  PROXIES: TOTAL 33 MAXPE 4 MAXPATCH 9 RefineTorusLB MEM: 0.448026 MB
LDB: ============== END OF LOAD BALANCING =============== 1274.06
Info: useSync: 0 useProxySync: 0
LDB: =============== DONE WITH MIGRATION ================ 1274.06
LDB: ============= START OF LOAD BALANCING ============== 1276.66
LDB: ============== END OF LOAD BALANCING =============== 1276.66
Info: useSync: 0 useProxySync: 0
LDB: =============== DONE WITH MIGRATION ================ 1276.66
LDB: ============= START OF LOAD BALANCING ============== 1276.72
LDB: Largest compute 4 load 0.012622 is 23.4% of average load 0.053944
LDB: Average compute 0.003852 is 7.1% of average load 0.053944
LDB: TIME 1276.72 LOAD: AVG 0.0539439 MAX 0.0573445  PROXIES: TOTAL 24 MAXPE 4 MAXPATCH 6 None MEM: 0.448026 MB
LDB: TIME 1276.72 LOAD: AVG 0.0539439 MAX 0.0573445  PROXIES: TOTAL 33 MAXPE 4 MAXPATCH 9 RefineTorusLB MEM: 0.448026 MB
LDB: TIME 1276.72 LOAD: AVG 0.0539439 MAX 0.0573445  PROXIES: TOTAL 33 MAXPE 4 MAXPATCH 9 RefineTorusLB MEM: 0.448026 MB
LDB: ============== END OF LOAD BALANCING =============== 1276.72
Info: useSync: 0 useProxySync: 0
LDB: =============== DONE WITH MIGRATION ================ 1276.72
LDB: ============= START OF LOAD BALANCING ============== 1279.35
LDB: ============== END OF LOAD BALANCING =============== 1279.35
Info: useSync: 0 useProxySync: 0
LDB: =============== DONE WITH MIGRATION ================ 1279.35
LDB: ============= START OF LOAD BALANCING ============== 1279.42
LDB: Largest compute 136 load 0.012535 is 23.0% of average load 0.054522
LDB: Average compute 0.003902 is 7.2% of average load 0.054522
LDB: TIME 1279.42 LOAD: AVG 0.0545221 MAX 0.0588259  PROXIES: TOTAL 24 MAXPE 4 MAXPATCH 6 None MEM: 0.448026 MB
LDB: TIME 1279.42 LOAD: AVG 0.0545221 MAX 0.0588259  PROXIES: TOTAL 33 MAXPE 4 MAXPATCH 9 RefineTorusLB MEM: 0.448026 MB
LDB: TIME 1279.42 LOAD: AVG 0.0545221 MAX 0.0588259  PROXIES: TOTAL 33 MAXPE 4 MAXPATCH 9 RefineTorusLB MEM: 0.448026 MB
LDB: ============== END OF LOAD BALANCING =============== 1279.42
Info: useSync: 0 useProxySync: 0
LDB: =============== DONE WITH MIGRATION ================ 1279.42
PRESSURE: 475000 -887.979 211.583 -140.794 111.505 -984.649 357.815 -122.044 48.5812 -1127.53
GPRESSURE: 475000 -1045.25 355.441 -172.073 -78.9979 -844.131 413.375 -37.4137 23.4083 -1119.03
PRESSAVG: 475000 -326.295 25.707 -3.92098 1.57937 -371.922 36.032 -52.1298 -25.5786 -4.17678
GPRESSAVG: 475000 -326.374 25.7165 -3.35547 1.02799 -371.992 36.3917 -51.8681 -26.0171 -4.52086
ENERGY:  475000         0.0000         0.0000         0.0000         0.0000          -5483.9182       331.9139         0.0000         0.0000       940.5266          -4211.4777       298.7971     -5152.0044     -4208.9444       301.0617          -1000.0532     -1002.8014     22954.5538      -234.1310      -234.2957

WRITING COORDINATES TO DCD FILE MDequil.dcd AT STEP 475000
LDB: ============= START OF LOAD BALANCING ============== 1282.13
LDB: ============== END OF LOAD BALANCING =============== 1282.13
Info: useSync: 0 useProxySync: 0
LDB: =============== DONE WITH MIGRATION ================ 1282.13
LDB: ============= START OF LOAD BALANCING ============== 1282.19
LDB: Largest compute 52 load 0.013070 is 24.2% of average load 0.054108
LDB: Average compute 0.003856 is 7.1% of average load 0.054108
LDB: TIME 1282.19 LOAD: AVG 0.0541075 MAX 0.0590222  PROXIES: TOTAL 24 MAXPE 4 MAXPATCH 6 None MEM: 0.448026 MB
LDB: TIME 1282.19 LOAD: AVG 0.0541075 MAX 0.0590222  PROXIES: TOTAL 33 MAXPE 4 MAXPATCH 9 RefineTorusLB MEM: 0.448026 MB
LDB: TIME 1282.19 LOAD: AVG 0.0541075 MAX 0.0590222  PROXIES: TOTAL 33 MAXPE 4 MAXPATCH 9 RefineTorusLB MEM: 0.448026 MB
LDB: ============== END OF LOAD BALANCING =============== 1282.19
Info: useSync: 0 useProxySync: 0
LDB: =============== DONE WITH MIGRATION ================ 1282.19
LDB: ============= START OF LOAD BALANCING ============== 1284.83
LDB: ============== END OF LOAD BALANCING =============== 1284.83
Info: useSync: 0 useProxySync: 0
LDB: =============== DONE WITH MIGRATION ================ 1284.83
LDB: ============= START OF LOAD BALANCING ============== 1284.9
LDB: Largest compute 161 load 0.013407 is 24.4% of average load 0.055045
LDB: Average compute 0.003928 is 7.1% of average load 0.055045
LDB: TIME 1284.9 LOAD: AVG 0.055045 MAX 0.0592312  PROXIES: TOTAL 24 MAXPE 4 MAXPATCH 6 None MEM: 0.448026 MB
LDB: TIME 1284.9 LOAD: AVG 0.055045 MAX 0.0592312  PROXIES: TOTAL 33 MAXPE 4 MAXPATCH 9 RefineTorusLB MEM: 0.448026 MB
LDB: TIME 1284.9 LOAD: AVG 0.055045 MAX 0.0592312  PROXIES: TOTAL 33 MAXPE 4 MAXPATCH 9 RefineTorusLB MEM: 0.448026 MB
LDB: ============== END OF LOAD BALANCING =============== 1284.9
Info: useSync: 0 useProxySync: 0
LDB: =============== DONE WITH MIGRATION ================ 1284.9
WRITING COORDINATES TO DCD FILE MDequil.dcd AT STEP 480000
PRESSURE: 480000 238.304 385.347 -296.684 113.571 -429.542 95.3828 -255.247 -170.462 -150.121
GPRESSURE: 480000 129.964 316.459 -444.52 105.037 -459.104 145.812 -299.674 31.0991 56.3948
PRESSAVG: 480000 -274.482 -39.456 -80.5737 -40.6747 -260.264 32.5702 -88.913 -36.551 -21.3261
GPRESSAVG: 480000 -274.187 -39.3079 -80.7163 -40.8178 -260.53 32.6316 -89.4268 -36.6132 -21.2376
ENERGY:  480000         0.0000         0.0000         0.0000         0.0000          -5603.9205       391.9369         0.0000         0.0000       981.5993          -4230.3843       311.8455     -5211.9836     -4227.7059       303.6553           -113.7860       -90.9153     22513.4963      -185.3571      -185.3182

LDB: ============= START OF LOAD BALANCING ============== 1287.63
LDB: ============== END OF LOAD BALANCING =============== 1287.63
Info: useSync: 0 useProxySync: 0
LDB: =============== DONE WITH MIGRATION ================ 1287.63
LDB: ============= START OF LOAD BALANCING ============== 1287.69
LDB: Largest compute 52 load 0.012719 is 23.6% of average load 0.053987
LDB: Average compute 0.003843 is 7.1% of average load 0.053987
LDB: TIME 1287.69 LOAD: AVG 0.0539868 MAX 0.0571003  PROXIES: TOTAL 24 MAXPE 4 MAXPATCH 6 None MEM: 0.448026 MB
LDB: TIME 1287.69 LOAD: AVG 0.0539868 MAX 0.0571003  PROXIES: TOTAL 33 MAXPE 4 MAXPATCH 9 RefineTorusLB MEM: 0.448026 MB
LDB: TIME 1287.69 LOAD: AVG 0.0539868 MAX 0.0571003  PROXIES: TOTAL 33 MAXPE 4 MAXPATCH 9 RefineTorusLB MEM: 0.448026 MB
LDB: ============== END OF LOAD BALANCING =============== 1287.69
Info: useSync: 0 useProxySync: 0
LDB: =============== DONE WITH MIGRATION ================ 1287.7
LDB: ============= START OF LOAD BALANCING ============== 1290.36
LDB: ============== END OF LOAD BALANCING =============== 1290.36
Info: useSync: 0 useProxySync: 0
LDB: =============== DONE WITH MIGRATION ================ 1290.36
LDB: ============= START OF LOAD BALANCING ============== 1290.42
LDB: Largest compute 52 load 0.013980 is 25.6% of average load 0.054586
LDB: Average compute 0.003918 is 7.2% of average load 0.054586
LDB: TIME 1290.42 LOAD: AVG 0.0545858 MAX 0.0608598  PROXIES: TOTAL 24 MAXPE 4 MAXPATCH 6 None MEM: 0.448026 MB
LDB: TIME 1290.42 LOAD: AVG 0.0545858 MAX 0.0608598  PROXIES: TOTAL 33 MAXPE 4 MAXPATCH 9 RefineTorusLB MEM: 0.448026 MB
LDB: TIME 1290.42 LOAD: AVG 0.0545858 MAX 0.0570116  PROXIES: TOTAL 33 MAXPE 4 MAXPATCH 9 RefineTorusLB MEM: 0.448026 MB
LDB: ============== END OF LOAD BALANCING =============== 1290.42
Info: useSync: 0 useProxySync: 0
LDB: =============== DONE WITH MIGRATION ================ 1290.42
LDB: ============= START OF LOAD BALANCING ============== 1293.02
LDB: ============== END OF LOAD BALANCING =============== 1293.02
Info: useSync: 0 useProxySync: 0
LDB: =============== DONE WITH MIGRATION ================ 1293.02
LDB: ============= START OF LOAD BALANCING ============== 1293.12
LDB: Largest compute 6 load 0.016367 is 29.4% of average load 0.055752
LDB: Average compute 0.003934 is 7.1% of average load 0.055752
LDB: TIME 1293.12 LOAD: AVG 0.055752 MAX 0.0698367  PROXIES: TOTAL 24 MAXPE 4 MAXPATCH 6 None MEM: 0.448026 MB
LDB: TIME 1293.12 LOAD: AVG 0.055752 MAX 0.0698367  PROXIES: TOTAL 33 MAXPE 4 MAXPATCH 9 RefineTorusLB MEM: 0.448026 MB
LDB: TIME 1293.12 LOAD: AVG 0.055752 MAX 0.0605063  PROXIES: TOTAL 34 MAXPE 4 MAXPATCH 10 RefineTorusLB MEM: 0.448026 MB
LDB: ============== END OF LOAD BALANCING =============== 1293.12
Info: useSync: 0 useProxySync: 0
LDB: =============== DONE WITH MIGRATION ================ 1293.12
PRESSURE: 485000 -1297.53 644.398 -533.77 246.968 -426.329 657.246 -607.382 728.706 -238.3
GPRESSURE: 485000 -1232.07 466.841 -492.835 173.671 -226.294 678.628 -482.44 467.394 -461.966
PRESSAVG: 485000 -380.521 50.9881 -46.0207 42.2167 -404.058 26.2474 -6.26414 -49.2929 -3.46073
GPRESSAVG: 485000 -380.484 50.494 -45.8805 42.0799 -403.987 26.3316 -6.07518 -49.1444 -3.54294
ENERGY:  485000         0.0000         0.0000         0.0000         0.0000          -5498.6882       361.3495         0.0000         0.0000       935.1070          -4202.2318       297.0753     -5137.3387     -4200.0067       302.2858           -654.0531      -640.1105     23022.1892      -262.6800      -262.6714

WRITING COORDINATES TO DCD FILE MDequil.dcd AT STEP 485000
LDB: ============= START OF LOAD BALANCING ============== 1295.68
LDB: ============== END OF LOAD BALANCING =============== 1295.68
Info: useSync: 0 useProxySync: 0
LDB: =============== DONE WITH MIGRATION ================ 1295.68
LDB: ============= START OF LOAD BALANCING ============== 1295.75
LDB: Largest compute 138 load 0.012062 is 22.6% of average load 0.053484
LDB: Average compute 0.003818 is 7.1% of average load 0.053484
LDB: TIME 1295.75 LOAD: AVG 0.0534836 MAX 0.0579489  PROXIES: TOTAL 24 MAXPE 4 MAXPATCH 6 None MEM: 0.448026 MB
LDB: TIME 1295.75 LOAD: AVG 0.0534836 MAX 0.0579489  PROXIES: TOTAL 34 MAXPE 4 MAXPATCH 10 RefineTorusLB MEM: 0.448026 MB
LDB: TIME 1295.75 LOAD: AVG 0.0534836 MAX 0.0579489  PROXIES: TOTAL 34 MAXPE 4 MAXPATCH 10 RefineTorusLB MEM: 0.448026 MB
LDB: ============== END OF LOAD BALANCING =============== 1295.75
Info: useSync: 0 useProxySync: 0
LDB: =============== DONE WITH MIGRATION ================ 1295.75
LDB: ============= START OF LOAD BALANCING ============== 1298.34
LDB: ============== END OF LOAD BALANCING =============== 1298.34
Info: useSync: 0 useProxySync: 0
LDB: =============== DONE WITH MIGRATION ================ 1298.34
LDB: ============= START OF LOAD BALANCING ============== 1298.41
LDB: Largest compute 52 load 0.012220 is 22.9% of average load 0.053392
LDB: Average compute 0.003809 is 7.1% of average load 0.053392
LDB: TIME 1298.41 LOAD: AVG 0.0533918 MAX 0.0590971  PROXIES: TOTAL 24 MAXPE 4 MAXPATCH 6 None MEM: 0.448026 MB
LDB: TIME 1298.41 LOAD: AVG 0.0533918 MAX 0.0590971  PROXIES: TOTAL 34 MAXPE 4 MAXPATCH 10 RefineTorusLB MEM: 0.448026 MB
LDB: TIME 1298.41 LOAD: AVG 0.0533918 MAX 0.0580594  PROXIES: TOTAL 34 MAXPE 4 MAXPATCH 10 RefineTorusLB MEM: 0.448026 MB
LDB: ============== END OF LOAD BALANCING =============== 1298.41
Info: useSync: 0 useProxySync: 0
LDB: =============== DONE WITH MIGRATION ================ 1298.41
WRITING COORDINATES TO DCD FILE MDequil.dcd AT STEP 490000
PRESSURE: 490000 -550.464 182.841 65.3032 -86.4504 -351.716 -266.87 276.565 98.0433 96.5731
GPRESSURE: 490000 -369.156 232.386 10.2521 -198.018 -423.97 -299.885 616.034 184.462 54.009
PRESSAVG: 490000 -416.172 42.8671 65.5307 15.3248 -391.555 -38.2645 74.2269 27.3486 -1.45141
GPRESSAVG: 490000 -416.122 42.7395 65.5444 15.6855 -391.742 -38.3604 74.0868 27.5001 -1.31023
ENERGY:  490000         0.0000         0.0000         0.0000         0.0000          -5648.2983       408.0355         0.0000         0.0000       946.3668          -4293.8960       300.6524     -5240.2629     -4291.4852       295.1986           -268.5356      -246.3726     22824.1550      -269.7260      -269.7247

LDB: ============= START OF LOAD BALANCING ============== 1301.01
LDB: ============== END OF LOAD BALANCING =============== 1301.01
Info: useSync: 0 useProxySync: 0
LDB: =============== DONE WITH MIGRATION ================ 1301.01
LDB: ============= START OF LOAD BALANCING ============== 1301.09
LDB: Largest compute 137 load 0.012522 is 23.6% of average load 0.053130
LDB: Average compute 0.003781 is 7.1% of average load 0.053130
LDB: TIME 1301.09 LOAD: AVG 0.0531304 MAX 0.0621703  PROXIES: TOTAL 24 MAXPE 4 MAXPATCH 6 None MEM: 0.448026 MB
LDB: TIME 1301.09 LOAD: AVG 0.0531304 MAX 0.0621703  PROXIES: TOTAL 34 MAXPE 4 MAXPATCH 10 RefineTorusLB MEM: 0.448026 MB
LDB: TIME 1301.09 LOAD: AVG 0.0531304 MAX 0.0570837  PROXIES: TOTAL 34 MAXPE 4 MAXPATCH 10 RefineTorusLB MEM: 0.448026 MB
LDB: ============== END OF LOAD BALANCING =============== 1301.09
Info: useSync: 0 useProxySync: 0
LDB: =============== DONE WITH MIGRATION ================ 1301.09
LDB: ============= START OF LOAD BALANCING ============== 1303.75
LDB: ============== END OF LOAD BALANCING =============== 1303.75
Info: useSync: 0 useProxySync: 0
LDB: =============== DONE WITH MIGRATION ================ 1303.75
LDB: ============= START OF LOAD BALANCING ============== 1303.81
LDB: Largest compute 137 load 0.012060 is 22.6% of average load 0.053442
LDB: Average compute 0.003807 is 7.1% of average load 0.053442
LDB: TIME 1303.81 LOAD: AVG 0.0534416 MAX 0.0579273  PROXIES: TOTAL 24 MAXPE 4 MAXPATCH 6 None MEM: 0.448026 MB
LDB: TIME 1303.81 LOAD: AVG 0.0534416 MAX 0.0579273  PROXIES: TOTAL 34 MAXPE 4 MAXPATCH 10 RefineTorusLB MEM: 0.448026 MB
LDB: TIME 1303.81 LOAD: AVG 0.0534416 MAX 0.0579273  PROXIES: TOTAL 34 MAXPE 4 MAXPATCH 10 RefineTorusLB MEM: 0.448026 MB
LDB: ============== END OF LOAD BALANCING =============== 1303.81
Info: useSync: 0 useProxySync: 0
LDB: =============== DONE WITH MIGRATION ================ 1303.81
LDB: ============= START OF LOAD BALANCING ============== 1306.47
LDB: ============== END OF LOAD BALANCING =============== 1306.47
Info: useSync: 0 useProxySync: 0
LDB: =============== DONE WITH MIGRATION ================ 1306.47
LDB: ============= START OF LOAD BALANCING ============== 1306.55
LDB: Largest compute 150 load 0.015270 is 27.9% of average load 0.054675
LDB: Average compute 0.003908 is 7.1% of average load 0.054675
LDB: TIME 1306.55 LOAD: AVG 0.0546748 MAX 0.0697044  PROXIES: TOTAL 24 MAXPE 4 MAXPATCH 6 None MEM: 0.448026 MB
LDB: TIME 1306.55 LOAD: AVG 0.0546748 MAX 0.0697044  PROXIES: TOTAL 34 MAXPE 4 MAXPATCH 10 RefineTorusLB MEM: 0.448026 MB
LDB: TIME 1306.55 LOAD: AVG 0.0546748 MAX 0.0593945  PROXIES: TOTAL 34 MAXPE 4 MAXPATCH 10 RefineTorusLB MEM: 0.448026 MB
LDB: ============== END OF LOAD BALANCING =============== 1306.55
Info: useSync: 0 useProxySync: 0
LDB: =============== DONE WITH MIGRATION ================ 1306.55
WRITING COORDINATES TO DCD FILE MDequil.dcd AT STEP 495000
PRESSURE: 495000 436.062 40.0941 -150.286 -189.088 -539.148 492.389 -138.715 603.862 1831.17
GPRESSURE: 495000 321.685 -195.243 -50.8754 -179.295 -469.16 276.517 -166.018 959.44 1959.08
PRESSAVG: 495000 -233.86 51.7202 -70.7201 37.9952 -276.082 -1.6666 8.67873 49.2919 -27.0407
GPRESSAVG: 495000 -233.867 51.8689 -70.9417 38.0097 -275.982 -2.07695 8.85957 49.6383 -27.0462
ENERGY:  495000         0.0000         0.0000         0.0000         0.0000          -5609.4795       435.5454         0.0000         0.0000       919.6680          -4254.2662       292.1705     -5173.9342     -4252.5739       302.2961            576.0273       603.8671     22640.5006      -178.9940      -178.9651

LDB: ============= START OF LOAD BALANCING ============== 1309.12
LDB: ============== END OF LOAD BALANCING =============== 1309.12
Info: useSync: 0 useProxySync: 0
LDB: =============== DONE WITH MIGRATION ================ 1309.12
LDB: ============= START OF LOAD BALANCING ============== 1309.19
LDB: Largest compute 161 load 0.012111 is 22.3% of average load 0.054331
LDB: Average compute 0.003887 is 7.2% of average load 0.054331
LDB: TIME 1309.19 LOAD: AVG 0.0543311 MAX 0.0582101  PROXIES: TOTAL 24 MAXPE 4 MAXPATCH 6 None MEM: 0.448026 MB
LDB: TIME 1309.19 LOAD: AVG 0.0543311 MAX 0.0582101  PROXIES: TOTAL 34 MAXPE 4 MAXPATCH 10 RefineTorusLB MEM: 0.448026 MB
LDB: TIME 1309.19 LOAD: AVG 0.0543311 MAX 0.0582101  PROXIES: TOTAL 34 MAXPE 4 MAXPATCH 10 RefineTorusLB MEM: 0.448026 MB
LDB: ============== END OF LOAD BALANCING =============== 1309.2
Info: useSync: 0 useProxySync: 0
LDB: =============== DONE WITH MIGRATION ================ 1309.21
LDB: ============= START OF LOAD BALANCING ============== 1311.8
LDB: ============== END OF LOAD BALANCING =============== 1311.81
Info: useSync: 0 useProxySync: 0
LDB: =============== DONE WITH MIGRATION ================ 1311.81
LDB: ============= START OF LOAD BALANCING ============== 1311.87
LDB: Largest compute 52 load 0.012656 is 23.6% of average load 0.053585
LDB: Average compute 0.003816 is 7.1% of average load 0.053585
LDB: TIME 1311.87 LOAD: AVG 0.0535846 MAX 0.0576143  PROXIES: TOTAL 24 MAXPE 4 MAXPATCH 6 None MEM: 0.448026 MB
LDB: TIME 1311.87 LOAD: AVG 0.0535846 MAX 0.0576143  PROXIES: TOTAL 34 MAXPE 4 MAXPATCH 10 RefineTorusLB MEM: 0.448026 MB
LDB: TIME 1311.87 LOAD: AVG 0.0535846 MAX 0.0576143  PROXIES: TOTAL 34 MAXPE 4 MAXPATCH 10 RefineTorusLB MEM: 0.448026 MB
LDB: ============== END OF LOAD BALANCING =============== 1311.87
Info: useSync: 0 useProxySync: 0
LDB: =============== DONE WITH MIGRATION ================ 1311.87
PRESSURE: 500000 -557.692 -678.693 208.9 -669.795 -1021.42 -1071.36 91.0157 -674.909 -116.152
GPRESSURE: 500000 -421.664 -826.232 96.3991 -704.364 -1066.98 -1171.87 273.149 -736.937 -113.191
PRESSAVG: 500000 -364.217 -38.393 20.8718 -72.7195 -373.179 -39.5113 -69.3757 37.526 5.91166
GPRESSAVG: 500000 -364.348 -38.8504 21.5432 -72.3115 -372.94 -39.3979 -69.6372 36.9765 5.78977
TIMING: 500000  CPU: 1189.96, 0.00134837/step  Wall: 1301.11, 0.00135788/step, 0 hours remaining, 0.448026 MB of memory in use.
PERFORMANCE: 500000  averaging 66.4052 ns/day, 0.0026022 sec/step with standard deviation 0.000796698
ETITLE:      TS           BOND          ANGLE          DIHED          IMPRP               ELECT            VDW       BOUNDARY           MISC        KINETIC               TOTAL           TEMP      POTENTIAL         TOTAL3        TEMPAVG            PRESSURE      GPRESSURE         VOLUME       PRESSAVG      GPRESSAVG

ENERGY:  500000         0.0000         0.0000         0.0000         0.0000          -5603.5336       373.0506         0.0000         0.0000       922.4021          -4308.0809       293.0391     -5230.4830     -4304.1832       298.3316           -565.0895      -533.9458     22741.3648      -243.8281      -243.8327

WRITING EXTENDED SYSTEM TO RESTART FILE AT STEP 500000
WRITING COORDINATES TO DCD FILE MDequil.dcd AT STEP 500000
WRITING COORDINATES TO RESTART FILE AT STEP 500000
FINISHED WRITING RESTART COORDINATES
WRITING VELOCITIES TO RESTART FILE AT STEP 500000
FINISHED WRITING RESTART VELOCITIES
WRITING EXTENDED SYSTEM TO OUTPUT FILE AT STEP 500000
CLOSING EXTENDED SYSTEM TRAJECTORY FILE
WRITING COORDINATES TO OUTPUT FILE AT STEP 500000
CLOSING COORDINATE DCD FILE MDequil.dcd
WRITING VELOCITIES TO OUTPUT FILE AT STEP 500000
====================================================

WallClock: 1314.258179  CPUTime: 1201.362671  Memory: 0.448026 MB
[Partition 0][Node 0] End of program
