Charm++: standalone mode (not using charmrun)
Charm++> Running in Multicore mode: 12 threads (PEs)
Charm++> Using recursive bisection (scheme 3) for topology aware partitions
Converse/Charm++ Commit ID: 
CharmLB> Load balancer assumes all CPUs are same.
Charm++> Running on 1 hosts (1 sockets x 6 cores x 2 PUs = 12-way SMP)
Charm++> cpu topology info is gathered in 0.001 seconds.
CharmLB> Load balancing instrumentation for communication is off.
Info: NAMD Git-2025-12-04 for Linux-x86_64-multicore
Info: 
Info: Please visit http://www.ks.uiuc.edu/Research/namd/
Info: for updates, documentation, and support information.
Info: 
Info: Please cite Phillips et al., J. Chem. Phys. 153:044130 (2020) doi:10.1063/5.0014475
Info: in all publications reporting results obtained with NAMD.
Info: 
Info: Based on Charm++/Converse 80000 for multicore-linux-x86_64-gcc
Info: Built Thu Dec 4 09:25:02 CST 2025 by dhardy on athine.ks.uiuc.edu
Info: Source code at Git commit ID b856a9378ca44bcf5aa708d4b681af4ceb86d8ca
Info: 1 NAMD  Git-2025-12-04  Linux-x86_64-multicore  12    CCBC-pc4-08-L  1671530@uab.cat
Info: Running on 12 processors, 1 nodes, 1 physical nodes.
Info: CPU topology information available.
Info: Charm++/Converse parallel runtime startup completed at 1.02547 s
CkLoopLib is used in SMP with simple dynamic scheduling (converse-level notification)
Info: 819.949 MB of memory in use based on /proc/self/stat
Info: Configuration file is Forcez_NVT.namd
Info: Working in the current directory /home/UAB/1671530/Documents/30-04-26/nanotub/nonequil
TCL: Suspending until startup complete.
Warning: Option "1-4scaling" has been deprecated. Instead use "oneFourScaling".
Info: EXTENDED SYSTEM FILE   ../equilibration/MDequil.restart.xsc
Warning: The Langevin gamma parameters differ over the particles,
Warning: requiring extra work per step to constrain rigid bonds.
Info: SIMULATION PARAMETERS:
Info: TIMESTEP               2
Info: NUMBER OF STEPS        0
Info: STEPS PER CYCLE        10
Info: PERIODIC CELL BASIS 1  23 0 0
Info: PERIODIC CELL BASIS 2  0 19.919 0
Info: PERIODIC CELL BASIS 3  0 0 49.6388
Info: PERIODIC CELL CENTER   0 0 0
Info: WRAPPING WATERS AROUND PERIODIC BOUNDARIES ON OUTPUT.
Info: WRAPPING ALL CLUSTERS AROUND PERIODIC BOUNDARIES ON OUTPUT.
Info: LOAD BALANCER  Centralized
Info: LOAD BALANCING STRATEGY  New Load Balancers -- DEFAULT
Info: LDB PERIOD             2000 steps
Info: FIRST LDB TIMESTEP     50
Info: LAST LDB TIMESTEP     -1
Info: LDB BACKGROUND SCALING 1
Info: HOM BACKGROUND SCALING 1
Info: PME BACKGROUND SCALING 1
Info: MIN ATOMS PER PATCH    40
Info: EMPTY PATCH LOAD       40 ATOMS
Info: VELOCITY FILE          ../equilibration/MDequil.restart.vel
Info: CENTER OF MASS MOVING INITIALLY? NO
Info: DIELECTRIC             1
Info: EXCLUDE                SCALED ONE-FOUR
Info: 1-4 ELECTROSTATICS SCALED BY 1
Info: MODIFIED 1-4 VDW PARAMETERS WILL BE USED
Info: DCD FILENAME           MD.dcd
Info: DCD FREQUENCY          5000
Info: DCD FIRST STEP         5000
Info: DCD FILE WILL CONTAIN UNIT CELL DATA
Info: XST FILENAME           MD.xst
Info: XST FREQUENCY          5000
Info: NO VELOCITY DCD OUTPUT
Info: NO FORCE DCD OUTPUT
Info: OUTPUT FILENAME        MD
Info: BINARY OUTPUT FILES WILL BE USED
Info: RESTART FILENAME       MD.restart
Info: RESTART FREQUENCY      50000
Info: BINARY RESTART FILES WILL BE USED
Info: NAMD will save positions and velocities to MD.crash.csv when  atoms are moving too fast.
Info: SWITCHING ACTIVE
Info: SWITCHING ON           10
Info: SWITCHING OFF          12
Info: PAIRLIST DISTANCE      14
Info: PAIRLIST SHRINK RATE   0.01
Info: PAIRLIST GROW RATE     0.01
Info: PAIRLIST TRIGGER       0.3
Info: PAIRLISTS PER CYCLE    2
Info: PAIRLISTS ENABLED
Info: MARGIN                 0
Info: HYDROGEN GROUP CUTOFF  2.5
Info: PATCH DIMENSION        16.5
Info: ENERGY OUTPUT STEPS    5000
Info: ENERGY EVALUATION STEPS    5000
Info: OUTPUT ENERGY PRECISION 4
Info: CROSSTERM ENERGY INCLUDED IN DIHEDRAL
Info: TIMING OUTPUT STEPS    50000
Info: PRESSURE OUTPUT STEPS  5000
Info: FIXED ATOMS ACTIVE
Info: TCL GLOBAL FORCES ACTIVE
Info: TCL GLOBAL FORCES SCRIPT INLINED IN CONFIG FILE
Info: LANGEVIN DYNAMICS ACTIVE
Info: LANGEVIN TEMPERATURE   300
Info: LANGEVIN USING BBK INTEGRATOR
Info: LANGEVIN DAMPING COEFFICIENT IS 1 INVERSE PS
Info: LANGEVIN DYNAMICS NOT APPLIED TO HYDROGENS
Info: PARTICLE MESH EWALD (PME) ACTIVE
Info: PME TOLERANCE               1e-06
Info: PME EWALD COEFFICIENT       0.257952
Info: PME INTERPOLATION ORDER     4
Info: PME GRID DIMENSIONS         24 20 54
Info: PME MAXIMUM GRID SPACING    1
Info: Attempting to read FFTW data from FFTW_NAMD_Git-2025-12-04_Linux-x86_64-multicore.txt
Info: Optimizing 6 FFT steps.  1... 2... 3... 4... 5... 6...   Done.
Info: Writing FFTW data to FFTW_NAMD_Git-2025-12-04_Linux-x86_64-multicore.txt
Info: FULL ELECTROSTATIC EVALUATION FREQUENCY      2
Info: USING VERLET I (r-RESPA) MTS SCHEME.
Info: C1 SPLITTING OF LONG RANGE ELECTROSTATICS
Info: PLACING ATOMS IN PATCHES BY HYDROGEN GROUPS
Info: RIGID BONDS TO HYDROGEN : ALL
Info:         ERROR TOLERANCE : 1e-08
Info:          MAX ITERATIONS : 100
Info: RIGID WATER USING SETTLE ALGORITHM
Info: RANDOM NUMBER SEED     1777974155
Info: USE HYDROGEN BONDS?    NO
Info: COORDINATE PDB         ../input/system.pdb
Info: STRUCTURE FILE         ../input/system.psf
Info: PARAMETER file: CHARMM format! 
Info: PARAMETERS             ../input/par_nanotubes.inp
Info: PARAMETERS             ../input/par_water_ions.inp
Info: USING ARITHMETIC MEAN TO COMBINE L-J SIGMA PARAMETERS
Info: BINARY COORDINATES     ../equilibration/MDequil.restart.coor
Info: SUMMARY OF PARAMETERS:
Info: 4 BONDS
Info: 2 ANGLES
Info: 1 DIHEDRAL
Info: 0 IMPROPER
Info: 0 CROSSTERM
Info: 16 VDW
Info: 2 VDW_PAIRS
Info: 0 NBTHOLE_PAIRS
Info: TIME FOR READING PSF FILE: 0.0099287
Info: Reading pdb file ../input/system.pdb
Info: TIME FOR READING PDB FILE: 0.002135
Info: 
Info: ****************************
Info: STRUCTURE SUMMARY:
Info: 2160 ATOMS
Info: 1872 BONDS
Info: 2064 ANGLES
Info: 2928 DIHEDRALS
Info: 0 IMPROPERS
Info: 0 CROSSTERMS
Info: 0 EXCLUSIONS
Info: 576 FIXED ATOMS
Info: 1584 RIGID BONDS
Info: 0 RIGID BONDS BETWEEN FIXED ATOMS
Info: 3168 DEGREES OF FREEDOM
Info: 1104 HYDROGEN GROUPS
Info: 3 ATOMS IN LARGEST HYDROGEN GROUP
Info: 1104 MIGRATION GROUPS
Info: 3 ATOMS IN LARGEST MIGRATION GROUP
Info: 576 HYDROGEN GROUPS WITH ALL ATOMS FIXED
Info: TOTAL MASS = 16430.5 amu
Info: TOTAL CHARGE = 0 e
Info: MASS DENSITY = 1.19976 g/cm^3
Info: ATOM DENSITY = 0.0949811 atoms/A^3
Info: *****************************
Info: Reading from binary file ../equilibration/MDequil.restart.coor
Info: 
Info: Entering startup at 12.5563 s, 0.260292 MB of memory in use
Info: Startup phase 0 took 6.5936e-05 s, 0.260292 MB of memory in use
Info: ADDED 6144 IMPLICIT EXCLUSIONS
Info: Startup phase 1 took 0.00132729 s, 0.260292 MB of memory in use
Info: NONBONDED TABLE R-SQUARED SPACING: 0.0625
Info: NONBONDED TABLE SIZE: 769 POINTS
Info: INCONSISTENCY IN FAST TABLE ENERGY VS FORCE: 0.000325096 AT 11.9556
Info: INCONSISTENCY IN SCOR TABLE ENERGY VS FORCE: 0.000324844 AT 11.9556
Info: INCONSISTENCY IN VDWA TABLE ENERGY VS FORCE: 0.0040507 AT 0.251946
Info: INCONSISTENCY IN VDWB TABLE ENERGY VS FORCE: 0.00150189 AT 0.251946
Info: Startup phase 2 took 0.000495739 s, 0.260292 MB of memory in use
Info: Startup phase 3 took 4.9714e-05 s, 0.260292 MB of memory in use
Info: Startup phase 4 took 9.0012e-05 s, 0.260292 MB of memory in use
Info: Startup phase 5 took 5.4978e-05 s, 0.260292 MB of memory in use
Info: PATCH GRID IS 2 (PERIODIC) BY 1 (PERIODIC) BY 3 (PERIODIC)
Info: PATCH GRID IS 2-AWAY BY 1-AWAY BY 1-AWAY
Info: Reading from binary file ../equilibration/MDequil.restart.vel
Info: REMOVING COM VELOCITY 0.0456389 0.0361475 0.0517091
Info: LARGEST PATCH (0) HAS 390 ATOMS
Info: TORUS A SIZE 1 USING 0
Info: TORUS B SIZE 1 USING 0
Info: TORUS C SIZE 1 USING 0
Info: TORUS MINIMAL MESH SIZE IS 1 BY 1 BY 1
Info: Placed 100% of base nodes on same physical node as patch
Info: Startup phase 6 took 0.000698915 s, 0.260292 MB of memory in use
Info: PME using 12 and 10 processors for FFT and reciprocal sum.
Info: PME GRID LOCATIONS: 0 1 2 3 4 5 6 7 8 9 ...
Info: PME TRANS LOCATIONS: 1 2 3 4 5 6 8 9 10 11
Info: PME USING 1 GRID NODES AND 1 TRANS NODES
Info: Optimizing 4 FFT steps.  1... 2... 3... 4...   Done.
Info: Startup phase 7 took 0.000198517 s, 0.260292 MB of memory in use
Info: Startup phase 8 took 5.0013e-05 s, 0.260292 MB of memory in use
Info: Startup phase 9 took 5.4616e-05 s, 0.260292 MB of memory in use
Info: Startup phase 10 took 4.8012e-05 s, 0.260292 MB of memory in use
Info: Startup phase 11 took 5.8981e-05 s, 0.260292 MB of memory in use
LDB: Central LB being created...
Info: Startup phase 12 took 0.000160432 s, 0.260292 MB of memory in use
Info: Startup phase 13 took 5.1071e-05 s, 0.260292 MB of memory in use
Info: Startup phase 14 took 8.8073e-05 s, 0.260292 MB of memory in use
Info: Startup phase 15 took 4.699e-05 s, 0.260292 MB of memory in use
Info: CREATING 210 COMPUTE OBJECTS
Info: useSync: 0 useProxySync: 0
Info: Startup phase 16 took 0.00111049 s, 0.260292 MB of memory in use
Info: Startup phase 17 took 5.5135e-05 s, 0.260292 MB of memory in use
Info: Startup phase 18 took 2.1542e-05 s, 0.260292 MB of memory in use
Info: Finished startup at 12.561 s, 0.260292 MB of memory in use

TCL: Running for 300000 steps
PRESSURE: 0 -550.673 -674.136 208.214 -665.239 -1018.89 -1065.91 142.545 -684.893 -3594.02
GPRESSURE: 0 -424.905 -828.432 96.6002 -706.564 -1063.47 -1173.85 327.131 -750.896 -3601.86
ETITLE:      TS           BOND          ANGLE          DIHED          IMPRP               ELECT            VDW       BOUNDARY           MISC        KINETIC               TOTAL           TEMP      POTENTIAL         TOTAL3        TEMPAVG            PRESSURE      GPRESSURE         VOLUME       PRESSAVG      GPRESSAVG

ENERGY:       0         0.0000         0.0000         0.0000         0.0000          -5603.5336       373.0506         0.0000         0.0000       922.2008          -4308.2823       292.9751     -5230.4830     -4306.4319       292.9751          -1721.1921     -1696.7430     22741.3648     -1721.1921     -1696.7430

OPENING EXTENDED SYSTEM TRAJECTORY FILE
LDB: ============= START OF LOAD BALANCING ============== 12.593
LDB: ============== END OF LOAD BALANCING =============== 12.593
Info: useSync: 0 useProxySync: 0
LDB: =============== DONE WITH MIGRATION ================ 12.5931
LDB: ============= START OF LOAD BALANCING ============== 12.711
LDB: Largest compute 13 load 0.021029 is 46.8% of average load 0.044945
LDB: Average compute 0.002231 is 5.0% of average load 0.044945
LDB: Partitioning computes with target load 0.004494
LDB: Increased migratable compute count from 168 to 214
LDB: Largest unpartitionable compute is 0.000359
LDB: ============== END OF LOAD BALANCING =============== 12.714
Info: useSync: 0 useProxySync: 0
LDB: =============== DONE WITH MIGRATION ================ 12.7143
Info: Initial time: 12 CPUs 0.0029524 s/step 0.0170856 days/ns 0.260292 MB memory
LDB: ============= START OF LOAD BALANCING ============== 12.7459
LDB: ============== END OF LOAD BALANCING =============== 12.746
Info: useSync: 0 useProxySync: 0
LDB: =============== DONE WITH MIGRATION ================ 12.7461
LDB: ============= START OF LOAD BALANCING ============== 12.8651
LDB: Largest compute 235 load 0.004935 is 10.9% of average load 0.045076
LDB: Average compute 0.001748 is 3.9% of average load 0.045076
LDB: TIME 12.8652 LOAD: AVG 0.0450759 MAX 0.104508  PROXIES: TOTAL 28 MAXPE 3 MAXPATCH 5 None MEM: 0.260292 MB
LDB: TIME 12.8654 LOAD: AVG 0.0450759 MAX 0.104508  PROXIES: TOTAL 30 MAXPE 5 MAXPATCH 6 TorusLB MEM: 0.260292 MB
LDB: ============== END OF LOAD BALANCING =============== 12.8655
Info: useSync: 0 useProxySync: 0
LDB: =============== DONE WITH MIGRATION ================ 12.8658
Info: Initial time: 12 CPUs 0.00298676 s/step 0.0172845 days/ns 0.260292 MB memory
LDB: ============= START OF LOAD BALANCING ============== 13.0112
LDB: Largest compute 17 load 0.007507 is 12.3% of average load 0.060858
LDB: Average compute 0.002375 is 3.9% of average load 0.060858
LDB: TIME 13.0113 LOAD: AVG 0.0608583 MAX 0.137657  PROXIES: TOTAL 28 MAXPE 3 MAXPATCH 5 None MEM: 0.260292 MB
LDB: TIME 13.0114 LOAD: AVG 0.0608583 MAX 0.137657  PROXIES: TOTAL 30 MAXPE 5 MAXPATCH 6 RefineTorusLB MEM: 0.260292 MB
LDB: TIME 13.0115 LOAD: AVG 0.0608583 MAX 0.137657  PROXIES: TOTAL 31 MAXPE 5 MAXPATCH 6 RefineTorusLB MEM: 0.260292 MB
LDB: ============== END OF LOAD BALANCING =============== 13.0116
Info: useSync: 0 useProxySync: 0
LDB: =============== DONE WITH MIGRATION ================ 13.0118
Info: Initial time: 12 CPUs 0.00290646 s/step 0.0168198 days/ns 0.260292 MB memory
LDB: ============= START OF LOAD BALANCING ============== 13.1577
LDB: Largest compute 223 load 0.007413 is 12.2% of average load 0.060562
LDB: Average compute 0.002366 is 3.9% of average load 0.060562
LDB: TIME 13.1579 LOAD: AVG 0.060562 MAX 0.137136  PROXIES: TOTAL 28 MAXPE 3 MAXPATCH 5 None MEM: 0.260292 MB
LDB: TIME 13.1579 LOAD: AVG 0.060562 MAX 0.137136  PROXIES: TOTAL 31 MAXPE 5 MAXPATCH 6 RefineTorusLB MEM: 0.260292 MB
LDB: TIME 13.1581 LOAD: AVG 0.060562 MAX 0.137136  PROXIES: TOTAL 31 MAXPE 5 MAXPATCH 6 RefineTorusLB MEM: 0.260292 MB
LDB: Reverting to original mapping
LDB: ============== END OF LOAD BALANCING =============== 13.1581
Info: useSync: 0 useProxySync: 0
LDB: =============== DONE WITH MIGRATION ================ 13.1583
Info: Benchmark time: 12 CPUs 0.00292128 s/step 0.0169055 days/ns 0.260292 MB memory
Info: Benchmark time: 12 CPUs 0.00295331 s/step 0.0170909 days/ns 0.260292 MB memory
Info: Benchmark time: 12 CPUs 0.00283893 s/step 0.016429 days/ns 0.260292 MB memory
Info: Benchmark time: 12 CPUs 0.00285349 s/step 0.0165133 days/ns 0.260292 MB memory
Info: Benchmark time: 12 CPUs 0.00284436 s/step 0.0164604 days/ns 0.260292 MB memory
Info: Benchmark time: 12 CPUs 0.00287708 s/step 0.0166498 days/ns 0.260292 MB memory
LDB: ============= START OF LOAD BALANCING ============== 18.7499
LDB: ============== END OF LOAD BALANCING =============== 18.75
Info: useSync: 0 useProxySync: 0
LDB: =============== DONE WITH MIGRATION ================ 18.7501
LDB: ============= START OF LOAD BALANCING ============== 18.8948
LDB: Largest compute 17 load 0.009639 is 16.2% of average load 0.059397
LDB: Average compute 0.002305 is 3.9% of average load 0.059397
LDB: TIME 18.895 LOAD: AVG 0.0593973 MAX 0.137321  PROXIES: TOTAL 28 MAXPE 3 MAXPATCH 5 None MEM: 0.260292 MB
LDB: TIME 18.895 LOAD: AVG 0.0593973 MAX 0.137321  PROXIES: TOTAL 31 MAXPE 5 MAXPATCH 6 RefineTorusLB MEM: 0.260292 MB
LDB: TIME 18.8951 LOAD: AVG 0.0593973 MAX 0.137321  PROXIES: TOTAL 31 MAXPE 5 MAXPATCH 6 RefineTorusLB MEM: 0.260292 MB
LDB: ============== END OF LOAD BALANCING =============== 18.8952
Info: useSync: 0 useProxySync: 0
LDB: =============== DONE WITH MIGRATION ================ 18.8954
LDB: ============= START OF LOAD BALANCING ============== 25.9399
LDB: ============== END OF LOAD BALANCING =============== 25.9428
Info: useSync: 0 useProxySync: 0
LDB: =============== DONE WITH MIGRATION ================ 25.9638
LDB: ============= START OF LOAD BALANCING ============== 26.3886
LDB: Largest compute 225 load 0.010297 is 15.9% of average load 0.064889
LDB: Average compute 0.002387 is 3.7% of average load 0.064889
LDB: TIME 26.3939 LOAD: AVG 0.0648889 MAX 0.150931  PROXIES: TOTAL 28 MAXPE 3 MAXPATCH 5 None MEM: 0.260292 MB
LDB: TIME 26.394 LOAD: AVG 0.0648889 MAX 0.150931  PROXIES: TOTAL 31 MAXPE 5 MAXPATCH 6 RefineTorusLB MEM: 0.260292 MB
LDB: TIME 26.394 LOAD: AVG 0.0648889 MAX 0.150931  PROXIES: TOTAL 30 MAXPE 5 MAXPATCH 6 RefineTorusLB MEM: 0.260292 MB
LDB: ============== END OF LOAD BALANCING =============== 26.3998
Info: useSync: 0 useProxySync: 0
LDB: =============== DONE WITH MIGRATION ================ 26.4718
PRESSURE: 5000 360.1 -340.766 -68.1706 158.788 1315.37 20.279 62.1994 452.701 -119.236
GPRESSURE: 5000 294.616 -382.653 -239.408 239.329 1270.36 73.9325 196.966 634.846 76.5973
PRESSAVG: 5000 770.132 51.6132 -23.3724 9.80116 688.414 24.0531 143.282 29.9432 -959.031
GPRESSAVG: 5000 770.186 51.4111 -23.3231 9.88001 688.605 23.6819 143.604 30.5273 -958.949
ENERGY:    5000         0.0000         0.0000         0.0000         0.0000          -5565.8607       440.5787         0.0000         0.0000       949.7962          -4175.4857       301.7419     -5125.2819     -4173.0068       307.5368            518.7453       547.1924     22741.3648       166.5047       166.6143

OPENING COORDINATE DCD FILE
WRITING COORDINATES TO DCD FILE MD.dcd AT STEP 5000
The last position output (seq=5000) takes 0.004 seconds, 0.260 MB of memory in use
LDB: ============= START OF LOAD BALANCING ============== 41.7939
LDB: ============== END OF LOAD BALANCING =============== 41.7966
Info: useSync: 0 useProxySync: 0
LDB: =============== DONE WITH MIGRATION ================ 41.8099
LDB: ============= START OF LOAD BALANCING ============== 42.1939
LDB: Largest compute 228 load 0.015345 is 23.8% of average load 0.064397
LDB: Average compute 0.002467 is 3.8% of average load 0.064397
LDB: TIME 42.1999 LOAD: AVG 0.0643971 MAX 0.134756  PROXIES: TOTAL 28 MAXPE 3 MAXPATCH 5 None MEM: 0.260292 MB
LDB: TIME 42.2 LOAD: AVG 0.0643971 MAX 0.134756  PROXIES: TOTAL 30 MAXPE 5 MAXPATCH 6 RefineTorusLB MEM: 0.260292 MB
LDB: TIME 42.2 LOAD: AVG 0.0643971 MAX 0.134756  PROXIES: TOTAL 32 MAXPE 5 MAXPATCH 6 RefineTorusLB MEM: 0.260292 MB
LDB: Reverting to original mapping
LDB: ============== END OF LOAD BALANCING =============== 42.2058
Info: useSync: 0 useProxySync: 0
LDB: =============== DONE WITH MIGRATION ================ 42.2538
LDB: ============= START OF LOAD BALANCING ============== 58.5098
LDB: ============== END OF LOAD BALANCING =============== 58.5128
Info: useSync: 0 useProxySync: 0
LDB: =============== DONE WITH MIGRATION ================ 58.5248
LDB: ============= START OF LOAD BALANCING ============== 58.8605
LDB: Largest compute 12 load 0.014466 is 22.7% of average load 0.063832
LDB: Average compute 0.002461 is 3.9% of average load 0.063832
LDB: TIME 58.8669 LOAD: AVG 0.0638319 MAX 0.134797  PROXIES: TOTAL 28 MAXPE 3 MAXPATCH 5 None MEM: 0.260292 MB
LDB: TIME 58.8669 LOAD: AVG 0.0638319 MAX 0.134797  PROXIES: TOTAL 30 MAXPE 5 MAXPATCH 6 RefineTorusLB MEM: 0.260292 MB
LDB: TIME 58.867 LOAD: AVG 0.0638319 MAX 0.134797  PROXIES: TOTAL 31 MAXPE 5 MAXPATCH 6 RefineTorusLB MEM: 0.260292 MB
LDB: ============== END OF LOAD BALANCING =============== 58.8728
Info: useSync: 0 useProxySync: 0
LDB: =============== DONE WITH MIGRATION ================ 58.9168
WRITING COORDINATES TO DCD FILE MD.dcd AT STEP 10000
The last position output (seq=10000) takes 0.000 seconds, 0.260 MB of memory in use
PRESSURE: 10000 -1101.52 -954.322 548.212 -525.308 507.863 -19.9849 -163.79 27.5765 549.685
GPRESSURE: 10000 -1157.13 -1069.22 599.399 -373.368 673.478 119.06 -222.837 -67.6188 538.682
PRESSAVG: 10000 649.893 -30.9194 11.8679 -24.7208 648.096 -90.5379 231.384 120.126 -161.966
GPRESSAVG: 10000 649.789 -30.3248 11.7336 -25.241 647.998 -90.3478 231.65 119.948 -161.785
ENERGY:   10000         0.0000         0.0000         0.0000         0.0000          -5562.3059       391.4057         0.0000         0.0000       950.6747          -4220.2255       302.0210     -5170.9002     -4218.4532       299.6113            -14.6565        18.3433     22741.3648       378.6746       378.6670

LDB: ============= START OF LOAD BALANCING ============== 74.9509
LDB: ============== END OF LOAD BALANCING =============== 74.958
Info: useSync: 0 useProxySync: 0
LDB: =============== DONE WITH MIGRATION ================ 74.9698
LDB: ============= START OF LOAD BALANCING ============== 75.3988
LDB: Largest compute 77 load 0.014713 is 23.4% of average load 0.062866
LDB: Average compute 0.002310 is 3.7% of average load 0.062866
LDB: TIME 75.4028 LOAD: AVG 0.0628664 MAX 0.133353  PROXIES: TOTAL 28 MAXPE 3 MAXPATCH 5 None MEM: 0.260292 MB
LDB: TIME 75.4029 LOAD: AVG 0.0628664 MAX 0.133353  PROXIES: TOTAL 31 MAXPE 5 MAXPATCH 6 RefineTorusLB MEM: 0.260292 MB
LDB: TIME 75.403 LOAD: AVG 0.0628664 MAX 0.133353  PROXIES: TOTAL 30 MAXPE 5 MAXPATCH 6 RefineTorusLB MEM: 0.260292 MB
LDB: Reverting to original mapping
LDB: ============== END OF LOAD BALANCING =============== 75.4082
Info: useSync: 0 useProxySync: 0
LDB: =============== DONE WITH MIGRATION ================ 75.4249
LDB: ============= START OF LOAD BALANCING ============== 86.6949
LDB: ============== END OF LOAD BALANCING =============== 86.6952
Info: useSync: 0 useProxySync: 0
LDB: =============== DONE WITH MIGRATION ================ 86.6952
LDB: ============= START OF LOAD BALANCING ============== 86.8445
LDB: Largest compute 223 load 0.010076 is 16.2% of average load 0.062133
LDB: Average compute 0.002447 is 3.9% of average load 0.062133
LDB: TIME 86.8447 LOAD: AVG 0.0621328 MAX 0.136894  PROXIES: TOTAL 28 MAXPE 3 MAXPATCH 5 None MEM: 0.260292 MB
LDB: TIME 86.8447 LOAD: AVG 0.0621328 MAX 0.136894  PROXIES: TOTAL 31 MAXPE 5 MAXPATCH 6 RefineTorusLB MEM: 0.260292 MB
LDB: TIME 86.845 LOAD: AVG 0.0621328 MAX 0.136894  PROXIES: TOTAL 31 MAXPE 5 MAXPATCH 6 RefineTorusLB MEM: 0.260292 MB
LDB: ============== END OF LOAD BALANCING =============== 86.845
Info: useSync: 0 useProxySync: 0
LDB: =============== DONE WITH MIGRATION ================ 86.8453
LDB: ============= START OF LOAD BALANCING ============== 92.5524
LDB: ============== END OF LOAD BALANCING =============== 92.5524
Info: useSync: 0 useProxySync: 0
LDB: =============== DONE WITH MIGRATION ================ 92.5525
LDB: ============= START OF LOAD BALANCING ============== 92.6967
LDB: Largest compute 223 load 0.009715 is 16.0% of average load 0.060874
LDB: Average compute 0.002393 is 3.9% of average load 0.060874
LDB: TIME 92.6968 LOAD: AVG 0.0608745 MAX 0.137956  PROXIES: TOTAL 28 MAXPE 3 MAXPATCH 5 None MEM: 0.260292 MB
LDB: TIME 92.6969 LOAD: AVG 0.0608745 MAX 0.137956  PROXIES: TOTAL 31 MAXPE 5 MAXPATCH 6 RefineTorusLB MEM: 0.260292 MB
LDB: TIME 92.6969 LOAD: AVG 0.0608745 MAX 0.137956  PROXIES: TOTAL 31 MAXPE 5 MAXPATCH 6 RefineTorusLB MEM: 0.260292 MB
LDB: Reverting to original mapping
LDB: ============== END OF LOAD BALANCING =============== 92.697
Info: useSync: 0 useProxySync: 0
LDB: =============== DONE WITH MIGRATION ================ 92.6972
PRESSURE: 15000 1739.08 27.8713 -152.981 177.277 1192.22 499.226 470.498 673.119 21.0695
GPRESSURE: 15000 1750.68 5.84673 -13.3735 132.979 1375.99 586.17 423.921 708.299 -105.717
PRESSAVG: 15000 768.613 -5.56545 6.319 6.43165 611.516 46.9932 353.135 284.926 554.144
GPRESSAVG: 15000 768.299 -5.96585 5.92436 6.82611 611.459 46.8101 353.105 284.808 554.205
ENERGY:   15000         0.0000         0.0000         0.0000         0.0000          -5672.7962       481.0776         0.0000         0.0000       917.4614          -4274.2571       291.4694     -5191.7186     -4271.9947       301.1994            984.1226      1006.9854     22741.3648       644.7579       644.6544

WRITING COORDINATES TO DCD FILE MD.dcd AT STEP 15000
The last position output (seq=15000) takes 0.000 seconds, 0.260 MB of memory in use
LDB: ============= START OF LOAD BALANCING ============== 100.363
LDB: ============== END OF LOAD BALANCING =============== 100.363
Info: useSync: 0 useProxySync: 0
LDB: =============== DONE WITH MIGRATION ================ 100.363
LDB: ============= START OF LOAD BALANCING ============== 100.52
LDB: Largest compute 17 load 0.009905 is 16.6% of average load 0.059572
LDB: Average compute 0.002305 is 3.9% of average load 0.059572
LDB: TIME 100.52 LOAD: AVG 0.0595724 MAX 0.141174  PROXIES: TOTAL 28 MAXPE 3 MAXPATCH 5 None MEM: 0.260292 MB
LDB: TIME 100.52 LOAD: AVG 0.0595724 MAX 0.141174  PROXIES: TOTAL 31 MAXPE 5 MAXPATCH 6 RefineTorusLB MEM: 0.260292 MB
LDB: TIME 100.52 LOAD: AVG 0.0595724 MAX 0.141174  PROXIES: TOTAL 31 MAXPE 5 MAXPATCH 6 RefineTorusLB MEM: 0.260292 MB
LDB: Reverting to original mapping
LDB: ============== END OF LOAD BALANCING =============== 100.52
Info: useSync: 0 useProxySync: 0
LDB: =============== DONE WITH MIGRATION ================ 100.52
LDB: ============= START OF LOAD BALANCING ============== 106.253
LDB: ============== END OF LOAD BALANCING =============== 106.253
Info: useSync: 0 useProxySync: 0
LDB: =============== DONE WITH MIGRATION ================ 106.254
LDB: ============= START OF LOAD BALANCING ============== 106.394
LDB: Largest compute 17 load 0.009575 is 16.0% of average load 0.059722
LDB: Average compute 0.002343 is 3.9% of average load 0.059722
LDB: TIME 106.394 LOAD: AVG 0.0597222 MAX 0.134194  PROXIES: TOTAL 28 MAXPE 3 MAXPATCH 5 None MEM: 0.260292 MB
LDB: TIME 106.394 LOAD: AVG 0.0597222 MAX 0.134194  PROXIES: TOTAL 31 MAXPE 5 MAXPATCH 6 RefineTorusLB MEM: 0.260292 MB
LDB: TIME 106.394 LOAD: AVG 0.0597222 MAX 0.134194  PROXIES: TOTAL 31 MAXPE 5 MAXPATCH 6 RefineTorusLB MEM: 0.260292 MB
LDB: Reverting to original mapping
LDB: ============== END OF LOAD BALANCING =============== 106.394
Info: useSync: 0 useProxySync: 0
LDB: =============== DONE WITH MIGRATION ================ 106.394
WRITING COORDINATES TO DCD FILE MD.dcd AT STEP 20000
The last position output (seq=20000) takes 0.000 seconds, 0.260 MB of memory in use
PRESSURE: 20000 345.197 -87.4045 524.739 -192.676 1243.52 -595.974 1498.57 -324.674 74.0035
GPRESSURE: 20000 323.18 135.187 572.208 -139.201 1243.91 -517.963 1547.33 -355.585 127.354
PRESSAVG: 20000 783.48 -3.2543 3.52889 -2.42935 727.174 40.0519 653.382 384.532 1324.48
GPRESSAVG: 20000 783.267 -3.12793 3.72891 -2.35329 727.158 40.2845 653.151 384.785 1324.63
ENERGY:   20000         0.0000         0.0000         0.0000         0.0000          -5716.3920       452.2172         0.0000         0.0000       931.5774          -4332.5974       295.9540     -5264.1748     -4330.1690       296.3269            554.2411       564.8145     22741.3648       945.0456       945.0179

LDB: ============= START OF LOAD BALANCING ============== 111.99
LDB: ============== END OF LOAD BALANCING =============== 111.99
Info: useSync: 0 useProxySync: 0
LDB: =============== DONE WITH MIGRATION ================ 111.99
LDB: ============= START OF LOAD BALANCING ============== 112.131
LDB: Largest compute 223 load 0.009133 is 15.4% of average load 0.059432
LDB: Average compute 0.002325 is 3.9% of average load 0.059432
LDB: TIME 112.131 LOAD: AVG 0.0594325 MAX 0.134422  PROXIES: TOTAL 28 MAXPE 3 MAXPATCH 5 None MEM: 0.260292 MB
LDB: TIME 112.131 LOAD: AVG 0.0594325 MAX 0.134422  PROXIES: TOTAL 31 MAXPE 5 MAXPATCH 6 RefineTorusLB MEM: 0.260292 MB
LDB: TIME 112.131 LOAD: AVG 0.0594325 MAX 0.134422  PROXIES: TOTAL 31 MAXPE 5 MAXPATCH 6 RefineTorusLB MEM: 0.260292 MB
LDB: ============== END OF LOAD BALANCING =============== 112.131
Info: useSync: 0 useProxySync: 0
LDB: =============== DONE WITH MIGRATION ================ 112.131
LDB: ============= START OF LOAD BALANCING ============== 117.665
LDB: ============== END OF LOAD BALANCING =============== 117.665
Info: useSync: 0 useProxySync: 0
LDB: =============== DONE WITH MIGRATION ================ 117.665
LDB: ============= START OF LOAD BALANCING ============== 117.805
LDB: Largest compute 17 load 0.009884 is 16.6% of average load 0.059487
LDB: Average compute 0.002335 is 3.9% of average load 0.059487
LDB: TIME 117.805 LOAD: AVG 0.0594871 MAX 0.133819  PROXIES: TOTAL 28 MAXPE 3 MAXPATCH 5 None MEM: 0.260292 MB
LDB: TIME 117.806 LOAD: AVG 0.0594871 MAX 0.133819  PROXIES: TOTAL 31 MAXPE 5 MAXPATCH 6 RefineTorusLB MEM: 0.260292 MB
LDB: TIME 117.806 LOAD: AVG 0.0594871 MAX 0.133819  PROXIES: TOTAL 31 MAXPE 5 MAXPATCH 6 RefineTorusLB MEM: 0.260292 MB
LDB: ============== END OF LOAD BALANCING =============== 117.806
Info: useSync: 0 useProxySync: 0
LDB: =============== DONE WITH MIGRATION ================ 117.806
LDB: ============= START OF LOAD BALANCING ============== 123.297
LDB: ============== END OF LOAD BALANCING =============== 123.297
Info: useSync: 0 useProxySync: 0
LDB: =============== DONE WITH MIGRATION ================ 123.297
LDB: ============= START OF LOAD BALANCING ============== 123.437
LDB: Largest compute 17 load 0.009076 is 15.3% of average load 0.059355
LDB: Average compute 0.002323 is 3.9% of average load 0.059355
LDB: TIME 123.437 LOAD: AVG 0.0593551 MAX 0.134187  PROXIES: TOTAL 28 MAXPE 3 MAXPATCH 5 None MEM: 0.260292 MB
LDB: TIME 123.438 LOAD: AVG 0.0593551 MAX 0.134187  PROXIES: TOTAL 31 MAXPE 5 MAXPATCH 6 RefineTorusLB MEM: 0.260292 MB
LDB: TIME 123.438 LOAD: AVG 0.0593551 MAX 0.134187  PROXIES: TOTAL 31 MAXPE 5 MAXPATCH 6 RefineTorusLB MEM: 0.260292 MB
LDB: Reverting to original mapping
LDB: ============== END OF LOAD BALANCING =============== 123.438
Info: useSync: 0 useProxySync: 0
LDB: =============== DONE WITH MIGRATION ================ 123.438
WRITING COORDINATES TO DCD FILE MD.dcd AT STEP 25000
The last position output (seq=25000) takes 0.000 seconds, 0.260 MB of memory in use
PRESSURE: 25000 1044.91 648.852 615.995 34.6116 1408.89 -286.236 1162.52 -600.589 1692.9
GPRESSURE: 25000 1117.1 758.145 424.964 138.534 1267.83 -244.687 1106.41 -468.865 1822.72
PRESSAVG: 25000 582.808 -11.2697 82.2212 29.3311 607.538 -1.6214 836.114 84.7042 1516.67
GPRESSAVG: 25000 582.585 -11.164 82.0575 29.0344 607.42 -2.34901 836.245 84.8884 1516.94
ENERGY:   25000         0.0000         0.0000         0.0000         0.0000          -5564.3802       422.4921         0.0000         0.0000       914.6188          -4227.2692       290.5664     -5141.8881     -4225.7896       299.9691           1382.2344      1402.5479     22741.3648       902.3376       902.3151

LDB: ============= START OF LOAD BALANCING ============== 128.963
LDB: ============== END OF LOAD BALANCING =============== 128.963
Info: useSync: 0 useProxySync: 0
LDB: =============== DONE WITH MIGRATION ================ 128.963
LDB: ============= START OF LOAD BALANCING ============== 129.104
LDB: Largest compute 17 load 0.010426 is 17.6% of average load 0.059076
LDB: Average compute 0.002311 is 3.9% of average load 0.059076
LDB: TIME 129.104 LOAD: AVG 0.0590765 MAX 0.133738  PROXIES: TOTAL 28 MAXPE 3 MAXPATCH 5 None MEM: 0.260292 MB
LDB: TIME 129.104 LOAD: AVG 0.0590765 MAX 0.133738  PROXIES: TOTAL 31 MAXPE 5 MAXPATCH 6 RefineTorusLB MEM: 0.260292 MB
LDB: TIME 129.104 LOAD: AVG 0.0590765 MAX 0.133738  PROXIES: TOTAL 31 MAXPE 5 MAXPATCH 6 RefineTorusLB MEM: 0.260292 MB
LDB: ============== END OF LOAD BALANCING =============== 129.104
Info: useSync: 0 useProxySync: 0
LDB: =============== DONE WITH MIGRATION ================ 129.104
LDB: ============= START OF LOAD BALANCING ============== 134.707
LDB: ============== END OF LOAD BALANCING =============== 134.707
Info: useSync: 0 useProxySync: 0
LDB: =============== DONE WITH MIGRATION ================ 134.707
LDB: ============= START OF LOAD BALANCING ============== 134.85
LDB: Largest compute 17 load 0.009589 is 16.2% of average load 0.059335
LDB: Average compute 0.002321 is 3.9% of average load 0.059335
LDB: TIME 134.85 LOAD: AVG 0.0593347 MAX 0.1362  PROXIES: TOTAL 28 MAXPE 3 MAXPATCH 5 None MEM: 0.260292 MB
LDB: TIME 134.85 LOAD: AVG 0.0593347 MAX 0.1362  PROXIES: TOTAL 31 MAXPE 5 MAXPATCH 6 RefineTorusLB MEM: 0.260292 MB
LDB: TIME 134.85 LOAD: AVG 0.0593347 MAX 0.1362  PROXIES: TOTAL 31 MAXPE 5 MAXPATCH 6 RefineTorusLB MEM: 0.260292 MB
LDB: ============== END OF LOAD BALANCING =============== 134.85
Info: useSync: 0 useProxySync: 0
LDB: =============== DONE WITH MIGRATION ================ 134.85
PRESSURE: 30000 1085.53 -349.308 186.969 120.882 397.82 470.671 1685.1 1597.36 2784.79
GPRESSURE: 30000 1065.69 -432.449 122.118 93.4127 596.924 403.94 1659.92 1567.83 2715.25
PRESSAVG: 30000 801.766 -16.2519 36.8522 -39.8861 786.144 33.9829 1082.23 256.024 2345.25
GPRESSAVG: 30000 802.083 -16.4956 36.6783 -39.5272 785.9 34.3038 1082.3 255.363 2345.7
ENERGY:   30000         0.0000         0.0000         0.0000         0.0000          -5632.8994       437.1546         0.0000         0.0000       949.7373          -4246.0076       301.7232     -5195.7449     -4242.4945       304.1297           1422.7157      1459.2882     22741.3648      1311.0528      1311.2270

WRITING COORDINATES TO DCD FILE MD.dcd AT STEP 30000
The last position output (seq=30000) takes 0.000 seconds, 0.260 MB of memory in use
LDB: ============= START OF LOAD BALANCING ============== 140.428
LDB: ============== END OF LOAD BALANCING =============== 140.428
Info: useSync: 0 useProxySync: 0
LDB: =============== DONE WITH MIGRATION ================ 140.428
LDB: ============= START OF LOAD BALANCING ============== 140.57
LDB: Largest compute 17 load 0.009404 is 15.9% of average load 0.059203
LDB: Average compute 0.002319 is 3.9% of average load 0.059203
LDB: TIME 140.57 LOAD: AVG 0.0592035 MAX 0.135986  PROXIES: TOTAL 28 MAXPE 3 MAXPATCH 5 None MEM: 0.260292 MB
LDB: TIME 140.57 LOAD: AVG 0.0592035 MAX 0.135986  PROXIES: TOTAL 31 MAXPE 5 MAXPATCH 6 RefineTorusLB MEM: 0.260292 MB
LDB: TIME 140.57 LOAD: AVG 0.0592035 MAX 0.135986  PROXIES: TOTAL 31 MAXPE 5 MAXPATCH 6 RefineTorusLB MEM: 0.260292 MB
LDB: ============== END OF LOAD BALANCING =============== 140.57
Info: useSync: 0 useProxySync: 0
LDB: =============== DONE WITH MIGRATION ================ 140.57
LDB: ============= START OF LOAD BALANCING ============== 146.184
LDB: ============== END OF LOAD BALANCING =============== 146.184
Info: useSync: 0 useProxySync: 0
LDB: =============== DONE WITH MIGRATION ================ 146.184
LDB: ============= START OF LOAD BALANCING ============== 146.328
LDB: Largest compute 17 load 0.009480 is 15.7% of average load 0.060521
LDB: Average compute 0.002373 is 3.9% of average load 0.060521
LDB: TIME 146.328 LOAD: AVG 0.0605215 MAX 0.138021  PROXIES: TOTAL 28 MAXPE 3 MAXPATCH 5 None MEM: 0.260292 MB
LDB: TIME 146.328 LOAD: AVG 0.0605215 MAX 0.138021  PROXIES: TOTAL 31 MAXPE 5 MAXPATCH 6 RefineTorusLB MEM: 0.260292 MB
LDB: TIME 146.328 LOAD: AVG 0.0605215 MAX 0.138021  PROXIES: TOTAL 31 MAXPE 5 MAXPATCH 6 RefineTorusLB MEM: 0.260292 MB
LDB: ============== END OF LOAD BALANCING =============== 146.328
Info: useSync: 0 useProxySync: 0
LDB: =============== DONE WITH MIGRATION ================ 146.328
LDB: ============= START OF LOAD BALANCING ============== 151.958
LDB: ============== END OF LOAD BALANCING =============== 151.959
Info: useSync: 0 useProxySync: 0
LDB: =============== DONE WITH MIGRATION ================ 151.959
LDB: ============= START OF LOAD BALANCING ============== 152.102
LDB: Largest compute 223 load 0.009081 is 15.2% of average load 0.059888
LDB: Average compute 0.002343 is 3.9% of average load 0.059888
LDB: TIME 152.102 LOAD: AVG 0.0598876 MAX 0.13701  PROXIES: TOTAL 28 MAXPE 3 MAXPATCH 5 None MEM: 0.260292 MB
LDB: TIME 152.102 LOAD: AVG 0.0598876 MAX 0.13701  PROXIES: TOTAL 31 MAXPE 5 MAXPATCH 6 RefineTorusLB MEM: 0.260292 MB
LDB: TIME 152.102 LOAD: AVG 0.0598876 MAX 0.13701  PROXIES: TOTAL 31 MAXPE 5 MAXPATCH 6 RefineTorusLB MEM: 0.260292 MB
LDB: ============== END OF LOAD BALANCING =============== 152.102
Info: useSync: 0 useProxySync: 0
LDB: =============== DONE WITH MIGRATION ================ 152.102
WRITING COORDINATES TO DCD FILE MD.dcd AT STEP 35000
The last position output (seq=35000) takes 0.000 seconds, 0.260 MB of memory in use
PRESSURE: 35000 1325.33 328.701 -69.8085 502.907 694.178 -346.074 635.714 -124.296 1331.92
GPRESSURE: 35000 1525.91 41.2693 89.3386 617.497 495.062 -314.243 501.261 -301.925 1361.37
PRESSAVG: 35000 521.58 -28.6855 81.5047 -30.6064 467.663 -56.9793 713.111 146.977 1997.95
GPRESSAVG: 35000 521.293 -28.3958 82.2604 -30.3409 467.558 -57.2233 712.427 147.731 1998.39
ENERGY:   35000         0.0000         0.0000         0.0000         0.0000          -5671.9315       471.3131         0.0000         0.0000       985.6386          -4214.9797       313.1287     -5200.6183     -4212.0154       301.2751           1117.1441      1127.4469     22741.3648       995.7327       995.7459

LDB: ============= START OF LOAD BALANCING ============== 157.729
LDB: ============== END OF LOAD BALANCING =============== 157.73
Info: useSync: 0 useProxySync: 0
LDB: =============== DONE WITH MIGRATION ================ 157.73
LDB: ============= START OF LOAD BALANCING ============== 157.872
LDB: Largest compute 224 load 0.008861 is 14.6% of average load 0.060862
LDB: Average compute 0.002388 is 3.9% of average load 0.060862
LDB: TIME 157.873 LOAD: AVG 0.0608618 MAX 0.136399  PROXIES: TOTAL 28 MAXPE 3 MAXPATCH 5 None MEM: 0.260292 MB
LDB: TIME 157.873 LOAD: AVG 0.0608618 MAX 0.136399  PROXIES: TOTAL 31 MAXPE 5 MAXPATCH 6 RefineTorusLB MEM: 0.260292 MB
LDB: TIME 157.873 LOAD: AVG 0.0608618 MAX 0.136399  PROXIES: TOTAL 31 MAXPE 5 MAXPATCH 6 RefineTorusLB MEM: 0.260292 MB
LDB: ============== END OF LOAD BALANCING =============== 157.873
Info: useSync: 0 useProxySync: 0
LDB: =============== DONE WITH MIGRATION ================ 157.873
LDB: ============= START OF LOAD BALANCING ============== 163.44
LDB: ============== END OF LOAD BALANCING =============== 163.44
Info: useSync: 0 useProxySync: 0
LDB: =============== DONE WITH MIGRATION ================ 163.44
LDB: ============= START OF LOAD BALANCING ============== 163.582
LDB: Largest compute 17 load 0.009577 is 15.9% of average load 0.060319
LDB: Average compute 0.002368 is 3.9% of average load 0.060319
LDB: TIME 163.582 LOAD: AVG 0.0603193 MAX 0.135964  PROXIES: TOTAL 28 MAXPE 3 MAXPATCH 5 None MEM: 0.260292 MB
LDB: TIME 163.582 LOAD: AVG 0.0603193 MAX 0.135964  PROXIES: TOTAL 31 MAXPE 5 MAXPATCH 6 RefineTorusLB MEM: 0.260292 MB
LDB: TIME 163.582 LOAD: AVG 0.0603193 MAX 0.135964  PROXIES: TOTAL 31 MAXPE 5 MAXPATCH 6 RefineTorusLB MEM: 0.260292 MB
LDB: Reverting to original mapping
LDB: ============== END OF LOAD BALANCING =============== 163.582
Info: useSync: 0 useProxySync: 0
LDB: =============== DONE WITH MIGRATION ================ 163.583
WRITING COORDINATES TO DCD FILE MD.dcd AT STEP 40000
The last position output (seq=40000) takes 0.000 seconds, 0.260 MB of memory in use
PRESSURE: 40000 382.825 119.739 165.261 -430.735 -317.465 146.075 1097.26 287.754 2515.2
GPRESSURE: 40000 468.383 118.428 383.085 -723.367 -206.734 453.66 950.851 290.953 2370.76
PRESSAVG: 40000 527.831 38.3307 -7.77033 -8.438 450.862 -51.0615 578.499 105.362 2853.27
GPRESSAVG: 40000 528.312 38.5398 -8.40543 -8.49433 450.735 -51.0538 578.839 105.121 2853.3
ENERGY:   40000         0.0000         0.0000         0.0000         0.0000          -5625.0226       415.3217         0.0000         0.0000       963.5684          -4246.1324       306.1172     -5209.7008     -4244.2206       297.1690            860.1860       877.4681     22741.3648      1277.3194      1277.4477

LDB: ============= START OF LOAD BALANCING ============== 169.13
LDB: ============== END OF LOAD BALANCING =============== 169.13
Info: useSync: 0 useProxySync: 0
LDB: =============== DONE WITH MIGRATION ================ 169.13
LDB: ============= START OF LOAD BALANCING ============== 169.271
LDB: Largest compute 223 load 0.008746 is 14.5% of average load 0.060434
LDB: Average compute 0.002382 is 3.9% of average load 0.060434
LDB: TIME 169.271 LOAD: AVG 0.0604342 MAX 0.135354  PROXIES: TOTAL 28 MAXPE 3 MAXPATCH 5 None MEM: 0.260292 MB
LDB: TIME 169.272 LOAD: AVG 0.0604342 MAX 0.135354  PROXIES: TOTAL 31 MAXPE 5 MAXPATCH 6 RefineTorusLB MEM: 0.260292 MB
LDB: TIME 169.272 LOAD: AVG 0.0604342 MAX 0.135354  PROXIES: TOTAL 31 MAXPE 5 MAXPATCH 6 RefineTorusLB MEM: 0.260292 MB
LDB: Reverting to original mapping
LDB: ============== END OF LOAD BALANCING =============== 169.272
Info: useSync: 0 useProxySync: 0
LDB: =============== DONE WITH MIGRATION ================ 169.272
LDB: ============= START OF LOAD BALANCING ============== 174.798
LDB: ============== END OF LOAD BALANCING =============== 174.798
Info: useSync: 0 useProxySync: 0
LDB: =============== DONE WITH MIGRATION ================ 174.798
LDB: ============= START OF LOAD BALANCING ============== 174.939
LDB: Largest compute 223 load 0.009438 is 15.8% of average load 0.059828
LDB: Average compute 0.002347 is 3.9% of average load 0.059828
LDB: TIME 174.939 LOAD: AVG 0.059828 MAX 0.135108  PROXIES: TOTAL 28 MAXPE 3 MAXPATCH 5 None MEM: 0.260292 MB
LDB: TIME 174.939 LOAD: AVG 0.059828 MAX 0.135108  PROXIES: TOTAL 31 MAXPE 5 MAXPATCH 6 RefineTorusLB MEM: 0.260292 MB
LDB: TIME 174.939 LOAD: AVG 0.059828 MAX 0.135108  PROXIES: TOTAL 31 MAXPE 5 MAXPATCH 6 RefineTorusLB MEM: 0.260292 MB
LDB: Reverting to original mapping
LDB: ============== END OF LOAD BALANCING =============== 174.939
Info: useSync: 0 useProxySync: 0
LDB: =============== DONE WITH MIGRATION ================ 174.939
LDB: ============= START OF LOAD BALANCING ============== 180.588
LDB: ============== END OF LOAD BALANCING =============== 180.6
Info: useSync: 0 useProxySync: 0
LDB: =============== DONE WITH MIGRATION ================ 180.6
LDB: ============= START OF LOAD BALANCING ============== 180.742
LDB: Largest compute 16 load 0.008523 is 14.1% of average load 0.060342
LDB: Average compute 0.002367 is 3.9% of average load 0.060342
LDB: TIME 180.743 LOAD: AVG 0.0603416 MAX 0.137044  PROXIES: TOTAL 28 MAXPE 3 MAXPATCH 5 None MEM: 0.260292 MB
LDB: TIME 180.743 LOAD: AVG 0.0603416 MAX 0.137044  PROXIES: TOTAL 31 MAXPE 5 MAXPATCH 6 RefineTorusLB MEM: 0.260292 MB
LDB: TIME 180.743 LOAD: AVG 0.0603416 MAX 0.137044  PROXIES: TOTAL 31 MAXPE 5 MAXPATCH 6 RefineTorusLB MEM: 0.260292 MB
LDB: Reverting to original mapping
LDB: ============== END OF LOAD BALANCING =============== 180.743
Info: useSync: 0 useProxySync: 0
LDB: =============== DONE WITH MIGRATION ================ 180.743
WRITING COORDINATES TO DCD FILE MD.dcd AT STEP 45000
The last position output (seq=45000) takes 0.000 seconds, 0.260 MB of memory in use
PRESSURE: 45000 36.8636 401.279 -343.141 499.039 1357.07 303.018 -428.371 354.46 3505.06
GPRESSURE: 45000 26.0985 191.968 -426.457 684.211 1497.48 311.853 -404.567 561.695 3443.03
PRESSAVG: 45000 698 21.7004 41.8082 -61.104 628.777 1.42345 483.637 438.059 3531.01
GPRESSAVG: 45000 697.625 21.3565 42.0392 -61.097 628.705 1.8086 483.685 437.993 3531.34
ENERGY:   45000         0.0000         0.0000         0.0000         0.0000          -5618.2129       424.5034         0.0000         0.0000       942.7255          -4250.9840       299.4956     -5193.7095     -4249.4377       295.7538           1632.9994      1655.5368     22741.3648      1619.2614      1619.2240

LDB: ============= START OF LOAD BALANCING ============== 186.387
LDB: ============== END OF LOAD BALANCING =============== 186.387
Info: useSync: 0 useProxySync: 0
LDB: =============== DONE WITH MIGRATION ================ 186.398
LDB: ============= START OF LOAD BALANCING ============== 186.54
LDB: Largest compute 17 load 0.009656 is 16.2% of average load 0.059703
LDB: Average compute 0.002333 is 3.9% of average load 0.059703
LDB: TIME 186.54 LOAD: AVG 0.059703 MAX 0.136648  PROXIES: TOTAL 28 MAXPE 3 MAXPATCH 5 None MEM: 0.260292 MB
LDB: TIME 186.54 LOAD: AVG 0.059703 MAX 0.136648  PROXIES: TOTAL 31 MAXPE 5 MAXPATCH 6 RefineTorusLB MEM: 0.260292 MB
LDB: TIME 186.54 LOAD: AVG 0.059703 MAX 0.136648  PROXIES: TOTAL 31 MAXPE 5 MAXPATCH 6 RefineTorusLB MEM: 0.260292 MB
LDB: Reverting to original mapping
LDB: ============== END OF LOAD BALANCING =============== 186.54
Info: useSync: 0 useProxySync: 0
LDB: =============== DONE WITH MIGRATION ================ 186.541
LDB: ============= START OF LOAD BALANCING ============== 192.154
LDB: ============== END OF LOAD BALANCING =============== 192.154
Info: useSync: 0 useProxySync: 0
LDB: =============== DONE WITH MIGRATION ================ 192.154
LDB: ============= START OF LOAD BALANCING ============== 192.357
LDB: Largest compute 219 load 0.016446 is 25.8% of average load 0.063836
LDB: Average compute 0.002457 is 3.8% of average load 0.063836
LDB: TIME 192.357 LOAD: AVG 0.0638361 MAX 0.136219  PROXIES: TOTAL 28 MAXPE 3 MAXPATCH 5 None MEM: 0.260292 MB
LDB: TIME 192.357 LOAD: AVG 0.0638361 MAX 0.136219  PROXIES: TOTAL 31 MAXPE 5 MAXPATCH 6 RefineTorusLB MEM: 0.260292 MB
LDB: TIME 192.358 LOAD: AVG 0.0638361 MAX 0.136219  PROXIES: TOTAL 31 MAXPE 5 MAXPATCH 6 RefineTorusLB MEM: 0.260292 MB
LDB: ============== END OF LOAD BALANCING =============== 192.358
Info: useSync: 0 useProxySync: 0
LDB: =============== DONE WITH MIGRATION ================ 192.358
WRITING COORDINATES TO DCD FILE MD.dcd AT STEP 50000
WRITING COORDINATES TO RESTART FILE AT STEP 50000
FINISHED WRITING RESTART COORDINATES
The last position output (seq=50000) takes 0.003 seconds, 0.260 MB of memory in use
PRESSURE: 50000 1227.04 484.411 -367.274 -266.23 38.4647 -41.647 825.936 311.988 4220.1
GPRESSURE: 50000 1235.32 454.301 -548.437 -230.822 63.9007 -308.817 865.487 634.902 4204.4
PRESSAVG: 50000 901.463 10.9309 -51.1189 -56.8161 741.351 44.9749 402.901 877.105 4358.19
GPRESSAVG: 50000 901.142 10.451 -50.8972 -56.6154 741.279 44.4198 403.168 877.05 4358.34
TIMING: 50000  CPU: 178.253, 0.00356494/step  Wall: 184.984, 0.00369954/step, 0.256913 hours remaining, 0.260292 MB of memory in use.
PERFORMANCE: 50000  averaging 46.7085 ns/day, 0.00369954 sec/step with standard deviation 0
ETITLE:      TS           BOND          ANGLE          DIHED          IMPRP               ELECT            VDW       BOUNDARY           MISC        KINETIC               TOTAL           TEMP      POTENTIAL         TOTAL3        TEMPAVG            PRESSURE      GPRESSURE         VOLUME       PRESSAVG      GPRESSAVG

ENERGY:   50000         0.0000         0.0000         0.0000         0.0000          -5581.4534       433.5825         0.0000         0.0000       942.4248          -4205.4461       299.4001     -5147.8709     -4202.7278       299.3892           1828.5343      1834.5385     22741.3648      2000.3344      2000.2550

WRITING EXTENDED SYSTEM TO RESTART FILE AT STEP 50000
WRITING VELOCITIES TO RESTART FILE AT STEP 50000
FINISHED WRITING RESTART VELOCITIES
The last velocity output (seq=50000) takes 0.000 seconds, 0.260 MB of memory in use
LDB: ============= START OF LOAD BALANCING ============== 197.973
LDB: ============== END OF LOAD BALANCING =============== 197.973
Info: useSync: 0 useProxySync: 0
LDB: =============== DONE WITH MIGRATION ================ 197.973
LDB: ============= START OF LOAD BALANCING ============== 198.117
LDB: Largest compute 17 load 0.010167 is 16.7% of average load 0.060719
LDB: Average compute 0.002388 is 3.9% of average load 0.060719
LDB: TIME 198.117 LOAD: AVG 0.0607194 MAX 0.137567  PROXIES: TOTAL 28 MAXPE 3 MAXPATCH 5 None MEM: 0.260292 MB
LDB: TIME 198.117 LOAD: AVG 0.0607194 MAX 0.137567  PROXIES: TOTAL 31 MAXPE 5 MAXPATCH 6 RefineTorusLB MEM: 0.260292 MB
LDB: TIME 198.117 LOAD: AVG 0.0607194 MAX 0.137567  PROXIES: TOTAL 31 MAXPE 5 MAXPATCH 6 RefineTorusLB MEM: 0.260292 MB
LDB: Reverting to original mapping
LDB: ============== END OF LOAD BALANCING =============== 198.117
Info: useSync: 0 useProxySync: 0
LDB: =============== DONE WITH MIGRATION ================ 198.117
LDB: ============= START OF LOAD BALANCING ============== 203.753
LDB: ============== END OF LOAD BALANCING =============== 203.753
Info: useSync: 0 useProxySync: 0
LDB: =============== DONE WITH MIGRATION ================ 203.753
LDB: ============= START OF LOAD BALANCING ============== 203.897
LDB: Largest compute 17 load 0.009385 is 15.4% of average load 0.060989
LDB: Average compute 0.002399 is 3.9% of average load 0.060989
LDB: TIME 203.897 LOAD: AVG 0.0609892 MAX 0.138063  PROXIES: TOTAL 28 MAXPE 3 MAXPATCH 5 None MEM: 0.260292 MB
LDB: TIME 203.897 LOAD: AVG 0.0609892 MAX 0.138063  PROXIES: TOTAL 31 MAXPE 5 MAXPATCH 6 RefineTorusLB MEM: 0.260292 MB
LDB: TIME 203.897 LOAD: AVG 0.0609892 MAX 0.138063  PROXIES: TOTAL 31 MAXPE 5 MAXPATCH 6 RefineTorusLB MEM: 0.260292 MB
LDB: ============== END OF LOAD BALANCING =============== 203.897
Info: useSync: 0 useProxySync: 0
LDB: =============== DONE WITH MIGRATION ================ 203.897
LDB: ============= START OF LOAD BALANCING ============== 209.529
LDB: ============== END OF LOAD BALANCING =============== 209.529
Info: useSync: 0 useProxySync: 0
LDB: =============== DONE WITH MIGRATION ================ 209.53
LDB: ============= START OF LOAD BALANCING ============== 209.674
LDB: Largest compute 17 load 0.009106 is 14.9% of average load 0.060928
LDB: Average compute 0.002397 is 3.9% of average load 0.060928
LDB: TIME 209.674 LOAD: AVG 0.0609284 MAX 0.138135  PROXIES: TOTAL 28 MAXPE 3 MAXPATCH 5 None MEM: 0.260292 MB
LDB: TIME 209.674 LOAD: AVG 0.0609284 MAX 0.138135  PROXIES: TOTAL 31 MAXPE 5 MAXPATCH 6 RefineTorusLB MEM: 0.260292 MB
LDB: TIME 209.674 LOAD: AVG 0.0609284 MAX 0.138135  PROXIES: TOTAL 31 MAXPE 5 MAXPATCH 6 RefineTorusLB MEM: 0.260292 MB
LDB: ============== END OF LOAD BALANCING =============== 209.674
Info: useSync: 0 useProxySync: 0
LDB: =============== DONE WITH MIGRATION ================ 209.674
WRITING COORDINATES TO DCD FILE MD.dcd AT STEP 55000
PRESSURE: 55000 -99.5034 -17.5934 234.764 -322.555 723.487 -814.725 1000.77 -358.891 4580.24
GPRESSURE: 55000 -99.8384 94.2466 472.17 -140.03 728.805 -939.95 1054.89 -221.245 4644.54
PRESSAVG: 55000 697.919 24.8976 25.3927 5.77227 657.471 -25.4895 517.756 646.527 4698.76
GPRESSAVG: 55000 697.671 25.2348 25.006 6.02411 657.159 -25.3664 517.639 646.362 4698.88
ENERGY:   55000         0.0000         0.0000         0.0000         0.0000          -5596.1403       410.0625         0.0000         0.0000       941.3097          -4244.7681       299.0458     -5186.0778     -4243.6936       302.1791           1734.7415      1757.8362     22741.3648      2018.0487      2017.9033

LDB: ============= START OF LOAD BALANCING ============== 215.276
LDB: ============== END OF LOAD BALANCING =============== 215.276
Info: useSync: 0 useProxySync: 0
LDB: =============== DONE WITH MIGRATION ================ 215.276
LDB: ============= START OF LOAD BALANCING ============== 215.42
LDB: Largest compute 17 load 0.009257 is 15.1% of average load 0.061208
LDB: Average compute 0.002407 is 3.9% of average load 0.061208
LDB: TIME 215.42 LOAD: AVG 0.0612076 MAX 0.138119  PROXIES: TOTAL 28 MAXPE 3 MAXPATCH 5 None MEM: 0.260292 MB
LDB: TIME 215.42 LOAD: AVG 0.0612076 MAX 0.138119  PROXIES: TOTAL 31 MAXPE 5 MAXPATCH 6 RefineTorusLB MEM: 0.260292 MB
LDB: TIME 215.421 LOAD: AVG 0.0612076 MAX 0.138119  PROXIES: TOTAL 31 MAXPE 5 MAXPATCH 6 RefineTorusLB MEM: 0.260292 MB
LDB: ============== END OF LOAD BALANCING =============== 215.421
Info: useSync: 0 useProxySync: 0
LDB: =============== DONE WITH MIGRATION ================ 215.421
LDB: ============= START OF LOAD BALANCING ============== 221.08
LDB: ============== END OF LOAD BALANCING =============== 221.08
Info: useSync: 0 useProxySync: 0
LDB: =============== DONE WITH MIGRATION ================ 221.08
LDB: ============= START OF LOAD BALANCING ============== 221.224
LDB: Largest compute 17 load 0.009333 is 15.3% of average load 0.061018
LDB: Average compute 0.002399 is 3.9% of average load 0.061018
LDB: TIME 221.225 LOAD: AVG 0.0610177 MAX 0.138156  PROXIES: TOTAL 28 MAXPE 3 MAXPATCH 5 None MEM: 0.260292 MB
LDB: TIME 221.225 LOAD: AVG 0.0610177 MAX 0.138156  PROXIES: TOTAL 31 MAXPE 5 MAXPATCH 6 RefineTorusLB MEM: 0.260292 MB
LDB: TIME 221.225 LOAD: AVG 0.0610177 MAX 0.138156  PROXIES: TOTAL 31 MAXPE 5 MAXPATCH 6 RefineTorusLB MEM: 0.260292 MB
LDB: Reverting to original mapping
LDB: ============== END OF LOAD BALANCING =============== 221.225
Info: useSync: 0 useProxySync: 0
LDB: =============== DONE WITH MIGRATION ================ 221.225
WRITING COORDINATES TO DCD FILE MD.dcd AT STEP 60000
PRESSURE: 60000 1128.69 111.544 -202.173 302.281 1346.67 -219.638 92.8644 871.337 5911.34
GPRESSURE: 60000 1092.3 335.189 -332.303 197.191 1294.54 -230.938 304.293 647.548 6084.34
PRESSAVG: 60000 504.918 4.03623 -47.2125 -3.67145 499.288 -57.2012 193.322 879.058 5084.63
GPRESSAVG: 60000 504.901 4.10169 -47.1296 -3.71499 499.235 -57.141 193.18 879.321 5085.17
ENERGY:   60000         0.0000         0.0000         0.0000         0.0000          -5666.4323       482.6579         0.0000         0.0000       897.9190          -4285.8554       285.2610     -5183.7744     -4283.5743       299.6727           2795.5659      2823.7257     22741.3648      2029.6111      2029.7675

LDB: ============= START OF LOAD BALANCING ============== 226.825
LDB: ============== END OF LOAD BALANCING =============== 226.825
Info: useSync: 0 useProxySync: 0
LDB: =============== DONE WITH MIGRATION ================ 226.826
LDB: ============= START OF LOAD BALANCING ============== 226.976
LDB: Largest compute 17 load 0.010346 is 16.9% of average load 0.061375
LDB: Average compute 0.002407 is 3.9% of average load 0.061375
LDB: TIME 226.976 LOAD: AVG 0.0613746 MAX 0.137899  PROXIES: TOTAL 28 MAXPE 3 MAXPATCH 5 None MEM: 0.260292 MB
LDB: TIME 226.977 LOAD: AVG 0.0613746 MAX 0.137899  PROXIES: TOTAL 31 MAXPE 5 MAXPATCH 6 RefineTorusLB MEM: 0.260292 MB
LDB: TIME 226.977 LOAD: AVG 0.0613746 MAX 0.137899  PROXIES: TOTAL 31 MAXPE 5 MAXPATCH 6 RefineTorusLB MEM: 0.260292 MB
LDB: ============== END OF LOAD BALANCING =============== 226.977
Info: useSync: 0 useProxySync: 0
LDB: =============== DONE WITH MIGRATION ================ 226.977
LDB: ============= START OF LOAD BALANCING ============== 232.574
LDB: ============== END OF LOAD BALANCING =============== 232.574
Info: useSync: 0 useProxySync: 0
LDB: =============== DONE WITH MIGRATION ================ 232.574
LDB: ============= START OF LOAD BALANCING ============== 232.719
LDB: Largest compute 17 load 0.009342 is 15.1% of average load 0.061795
LDB: Average compute 0.002438 is 3.9% of average load 0.061795
LDB: TIME 232.719 LOAD: AVG 0.0617946 MAX 0.138645  PROXIES: TOTAL 28 MAXPE 3 MAXPATCH 5 None MEM: 0.260292 MB
LDB: TIME 232.719 LOAD: AVG 0.0617946 MAX 0.138645  PROXIES: TOTAL 31 MAXPE 5 MAXPATCH 6 RefineTorusLB MEM: 0.260292 MB
LDB: TIME 232.719 LOAD: AVG 0.0617946 MAX 0.138645  PROXIES: TOTAL 31 MAXPE 5 MAXPATCH 6 RefineTorusLB MEM: 0.260292 MB
LDB: Reverting to original mapping
LDB: ============== END OF LOAD BALANCING =============== 232.719
Info: useSync: 0 useProxySync: 0
LDB: =============== DONE WITH MIGRATION ================ 232.719
LDB: ============= START OF LOAD BALANCING ============== 238.324
LDB: ============== END OF LOAD BALANCING =============== 238.324
Info: useSync: 0 useProxySync: 0
LDB: =============== DONE WITH MIGRATION ================ 238.324
LDB: ============= START OF LOAD BALANCING ============== 238.468
LDB: Largest compute 224 load 0.010198 is 16.7% of average load 0.061000
LDB: Average compute 0.002394 is 3.9% of average load 0.061000
LDB: TIME 238.468 LOAD: AVG 0.061 MAX 0.138592  PROXIES: TOTAL 28 MAXPE 3 MAXPATCH 5 None MEM: 0.260292 MB
LDB: TIME 238.468 LOAD: AVG 0.061 MAX 0.138592  PROXIES: TOTAL 31 MAXPE 5 MAXPATCH 6 RefineTorusLB MEM: 0.260292 MB
LDB: TIME 238.468 LOAD: AVG 0.061 MAX 0.138592  PROXIES: TOTAL 31 MAXPE 5 MAXPATCH 6 RefineTorusLB MEM: 0.260292 MB
LDB: ============== END OF LOAD BALANCING =============== 238.468
Info: useSync: 0 useProxySync: 0
LDB: =============== DONE WITH MIGRATION ================ 238.469
WRITING COORDINATES TO DCD FILE MD.dcd AT STEP 65000
PRESSURE: 65000 -680.258 -191.702 561.878 -553.454 192.299 -60.7451 60.9161 665.875 7198.6
GPRESSURE: 65000 -452.73 -66.1953 898.771 -553.042 170.594 -1.23781 8.53649 382.703 7070.11
PRESSAVG: 65000 549.41 16.9616 38.7975 35.354 593.96 -38.2775 85.251 1113.33 5632.92
GPRESSAVG: 65000 549.38 16.9861 39.2013 35.0111 593.727 -38.0491 85.3975 1113.23 5633.39
ENERGY:   65000         0.0000         0.0000         0.0000         0.0000          -5574.9994       416.3053         0.0000         0.0000       922.1393          -4236.5548       292.9556     -5158.6941     -4234.5963       299.1669           2236.8813      2262.6581     22741.3648      2258.7617      2258.8310

LDB: ============= START OF LOAD BALANCING ============== 244.072
LDB: ============== END OF LOAD BALANCING =============== 244.072
Info: useSync: 0 useProxySync: 0
LDB: =============== DONE WITH MIGRATION ================ 244.072
LDB: ============= START OF LOAD BALANCING ============== 244.216
LDB: Largest compute 223 load 0.009318 is 15.3% of average load 0.060990
LDB: Average compute 0.002398 is 3.9% of average load 0.060990
LDB: TIME 244.216 LOAD: AVG 0.0609897 MAX 0.138008  PROXIES: TOTAL 28 MAXPE 3 MAXPATCH 5 None MEM: 0.260292 MB
LDB: TIME 244.216 LOAD: AVG 0.0609897 MAX 0.138008  PROXIES: TOTAL 31 MAXPE 5 MAXPATCH 6 RefineTorusLB MEM: 0.260292 MB
LDB: TIME 244.216 LOAD: AVG 0.0609897 MAX 0.138008  PROXIES: TOTAL 31 MAXPE 5 MAXPATCH 6 RefineTorusLB MEM: 0.260292 MB
LDB: ============== END OF LOAD BALANCING =============== 244.216
Info: useSync: 0 useProxySync: 0
LDB: =============== DONE WITH MIGRATION ================ 244.216
LDB: ============= START OF LOAD BALANCING ============== 249.851
LDB: ============== END OF LOAD BALANCING =============== 249.851
Info: useSync: 0 useProxySync: 0
LDB: =============== DONE WITH MIGRATION ================ 249.851
LDB: ============= START OF LOAD BALANCING ============== 249.995
LDB: Largest compute 17 load 0.009421 is 15.5% of average load 0.060949
LDB: Average compute 0.002395 is 3.9% of average load 0.060949
LDB: TIME 249.995 LOAD: AVG 0.0609488 MAX 0.138106  PROXIES: TOTAL 28 MAXPE 3 MAXPATCH 5 None MEM: 0.260292 MB
LDB: TIME 249.995 LOAD: AVG 0.0609488 MAX 0.138106  PROXIES: TOTAL 31 MAXPE 5 MAXPATCH 6 RefineTorusLB MEM: 0.260292 MB
LDB: TIME 249.995 LOAD: AVG 0.0609488 MAX 0.138106  PROXIES: TOTAL 31 MAXPE 5 MAXPATCH 6 RefineTorusLB MEM: 0.260292 MB
LDB: Reverting to original mapping
LDB: ============== END OF LOAD BALANCING =============== 249.995
Info: useSync: 0 useProxySync: 0
LDB: =============== DONE WITH MIGRATION ================ 249.996
WRITING COORDINATES TO DCD FILE MD.dcd AT STEP 70000
PRESSURE: 70000 413.907 -325.394 362.995 -210.12 1763.08 379.613 831.948 1574.91 5851.52
GPRESSURE: 70000 676.092 -360.503 229.149 -40.2268 1649.92 90.5883 981.538 1612.53 5786.81
PRESSAVG: 70000 699.352 -15.6869 27.975 -16.7557 653.598 11.1151 198.245 1134.93 6317.77
GPRESSAVG: 70000 699.222 -15.8515 27.8091 -16.3831 653.933 11.2253 198.493 1134.76 6317.84
ENERGY:   70000         0.0000         0.0000         0.0000         0.0000          -5609.6506       434.3287         0.0000         0.0000       937.1111          -4238.2108       297.7120     -5175.3219     -4235.5348       303.5590           2676.1712      2704.2761     22741.3648      2556.9083      2556.9966

LDB: ============= START OF LOAD BALANCING ============== 255.599
LDB: ============== END OF LOAD BALANCING =============== 255.599
Info: useSync: 0 useProxySync: 0
LDB: =============== DONE WITH MIGRATION ================ 255.599
LDB: ============= START OF LOAD BALANCING ============== 255.743
LDB: Largest compute 17 load 0.008662 is 14.2% of average load 0.060861
LDB: Average compute 0.002396 is 3.9% of average load 0.060861
LDB: TIME 255.743 LOAD: AVG 0.0608612 MAX 0.137777  PROXIES: TOTAL 28 MAXPE 3 MAXPATCH 5 None MEM: 0.260292 MB
LDB: TIME 255.743 LOAD: AVG 0.0608612 MAX 0.137777  PROXIES: TOTAL 31 MAXPE 5 MAXPATCH 6 RefineTorusLB MEM: 0.260292 MB
LDB: TIME 255.743 LOAD: AVG 0.0608612 MAX 0.137777  PROXIES: TOTAL 31 MAXPE 5 MAXPATCH 6 RefineTorusLB MEM: 0.260292 MB
LDB: ============== END OF LOAD BALANCING =============== 255.743
Info: useSync: 0 useProxySync: 0
LDB: =============== DONE WITH MIGRATION ================ 255.743
LDB: ============= START OF LOAD BALANCING ============== 261.357
LDB: ============== END OF LOAD BALANCING =============== 261.357
Info: useSync: 0 useProxySync: 0
LDB: =============== DONE WITH MIGRATION ================ 261.357
LDB: ============= START OF LOAD BALANCING ============== 261.501
LDB: Largest compute 17 load 0.009443 is 15.5% of average load 0.060896
LDB: Average compute 0.002393 is 3.9% of average load 0.060896
LDB: TIME 261.501 LOAD: AVG 0.0608959 MAX 0.137922  PROXIES: TOTAL 28 MAXPE 3 MAXPATCH 5 None MEM: 0.260292 MB
LDB: TIME 261.501 LOAD: AVG 0.0608959 MAX 0.137922  PROXIES: TOTAL 31 MAXPE 5 MAXPATCH 6 RefineTorusLB MEM: 0.260292 MB
LDB: TIME 261.501 LOAD: AVG 0.0608959 MAX 0.137922  PROXIES: TOTAL 31 MAXPE 5 MAXPATCH 6 RefineTorusLB MEM: 0.260292 MB
LDB: ============== END OF LOAD BALANCING =============== 261.501
Info: useSync: 0 useProxySync: 0
LDB: =============== DONE WITH MIGRATION ================ 261.502
LDB: ============= START OF LOAD BALANCING ============== 267.115
LDB: ============== END OF LOAD BALANCING =============== 267.115
Info: useSync: 0 useProxySync: 0
LDB: =============== DONE WITH MIGRATION ================ 267.115
LDB: ============= START OF LOAD BALANCING ============== 267.26
LDB: Largest compute 17 load 0.010706 is 17.4% of average load 0.061514
LDB: Average compute 0.002420 is 3.9% of average load 0.061514
LDB: TIME 267.26 LOAD: AVG 0.0615142 MAX 0.138969  PROXIES: TOTAL 28 MAXPE 3 MAXPATCH 5 None MEM: 0.260292 MB
LDB: TIME 267.26 LOAD: AVG 0.0615142 MAX 0.138969  PROXIES: TOTAL 31 MAXPE 5 MAXPATCH 6 RefineTorusLB MEM: 0.260292 MB
LDB: TIME 267.26 LOAD: AVG 0.0615142 MAX 0.138969  PROXIES: TOTAL 31 MAXPE 5 MAXPATCH 6 RefineTorusLB MEM: 0.260292 MB
LDB: ============== END OF LOAD BALANCING =============== 267.26
Info: useSync: 0 useProxySync: 0
LDB: =============== DONE WITH MIGRATION ================ 267.261
WRITING COORDINATES TO DCD FILE MD.dcd AT STEP 75000
PRESSURE: 75000 1141.26 200.773 829.87 284.569 1038.55 -161.615 499.554 432.909 7608.92
GPRESSURE: 75000 1295.15 173.278 843.135 296.997 993.562 -182.331 520.279 526.483 7581.73
PRESSAVG: 75000 725.325 -22.3186 36.0331 -4.72462 750.009 -40.4929 222.213 988.298 6750.48
GPRESSAVG: 75000 725.179 -22.3781 36.4002 -4.7002 749.908 -40.3451 221.908 988.562 6750.81
ENERGY:   75000         0.0000         0.0000         0.0000         0.0000          -5637.0324       464.2915         0.0000         0.0000       901.3446          -4271.3964       286.3493     -5172.7409     -4270.0390       296.8227           3262.9106      3290.1473     22741.3648      2741.9385      2741.9658

LDB: ============= START OF LOAD BALANCING ============== 272.885
LDB: ============== END OF LOAD BALANCING =============== 272.885
Info: useSync: 0 useProxySync: 0
LDB: =============== DONE WITH MIGRATION ================ 272.885
LDB: ============= START OF LOAD BALANCING ============== 273.029
LDB: Largest compute 17 load 0.009430 is 15.4% of average load 0.061263
LDB: Average compute 0.002412 is 3.9% of average load 0.061263
LDB: TIME 273.029 LOAD: AVG 0.0612627 MAX 0.138089  PROXIES: TOTAL 28 MAXPE 3 MAXPATCH 5 None MEM: 0.260292 MB
LDB: TIME 273.03 LOAD: AVG 0.0612627 MAX 0.138089  PROXIES: TOTAL 31 MAXPE 5 MAXPATCH 6 RefineTorusLB MEM: 0.260292 MB
LDB: TIME 273.03 LOAD: AVG 0.0612627 MAX 0.138089  PROXIES: TOTAL 31 MAXPE 5 MAXPATCH 6 RefineTorusLB MEM: 0.260292 MB
LDB: Reverting to original mapping
LDB: ============== END OF LOAD BALANCING =============== 273.03
Info: useSync: 0 useProxySync: 0
LDB: =============== DONE WITH MIGRATION ================ 273.03
LDB: ============= START OF LOAD BALANCING ============== 279.432
LDB: ============== END OF LOAD BALANCING =============== 279.433
Info: useSync: 0 useProxySync: 0
LDB: =============== DONE WITH MIGRATION ================ 279.433
LDB: ============= START OF LOAD BALANCING ============== 279.575
LDB: Largest compute 223 load 0.008983 is 15.0% of average load 0.059747
LDB: Average compute 0.002331 is 3.9% of average load 0.059747
LDB: TIME 279.575 LOAD: AVG 0.0597467 MAX 0.135685  PROXIES: TOTAL 28 MAXPE 3 MAXPATCH 5 None MEM: 0.260292 MB
LDB: TIME 279.575 LOAD: AVG 0.0597467 MAX 0.135685  PROXIES: TOTAL 31 MAXPE 5 MAXPATCH 6 RefineTorusLB MEM: 0.260292 MB
LDB: TIME 279.575 LOAD: AVG 0.0597467 MAX 0.135685  PROXIES: TOTAL 31 MAXPE 5 MAXPATCH 6 RefineTorusLB MEM: 0.260292 MB
LDB: ============== END OF LOAD BALANCING =============== 279.575
Info: useSync: 0 useProxySync: 0
LDB: =============== DONE WITH MIGRATION ================ 279.576
WRITING COORDINATES TO DCD FILE MD.dcd AT STEP 80000
PRESSURE: 80000 -65.9852 769.581 -109.029 426.036 546.918 -16.5704 -178.852 1508.2 6440.65
GPRESSURE: 80000 -28.5861 716.343 -379.951 459.028 689.212 -16.0513 -194.859 1570.56 6318.24
PRESSAVG: 80000 688.083 100.971 30.2792 56.8644 756.389 -18.4954 363.329 895.206 6854.15
GPRESSAVG: 80000 688.015 101.027 30.2684 56.8477 756.498 -18.9474 363.399 895.357 6854.02
ENERGY:   80000         0.0000         0.0000         0.0000         0.0000          -5531.6811       377.7142         0.0000         0.0000       941.9571          -4212.0098       299.2515     -5153.9669     -4210.0422       299.0081           2307.1934      2326.2900     22741.3648      2766.2064      2766.1782

LDB: ============= START OF LOAD BALANCING ============== 285.234
LDB: ============== END OF LOAD BALANCING =============== 285.234
Info: useSync: 0 useProxySync: 0
LDB: =============== DONE WITH MIGRATION ================ 285.234
LDB: ============= START OF LOAD BALANCING ============== 285.379
LDB: Largest compute 223 load 0.009883 is 16.3% of average load 0.060525
LDB: Average compute 0.002363 is 3.9% of average load 0.060525
LDB: TIME 285.379 LOAD: AVG 0.0605246 MAX 0.137968  PROXIES: TOTAL 28 MAXPE 3 MAXPATCH 5 None MEM: 0.260292 MB
LDB: TIME 285.379 LOAD: AVG 0.0605246 MAX 0.137968  PROXIES: TOTAL 31 MAXPE 5 MAXPATCH 6 RefineTorusLB MEM: 0.260292 MB
LDB: TIME 285.379 LOAD: AVG 0.0605246 MAX 0.137968  PROXIES: TOTAL 31 MAXPE 5 MAXPATCH 6 RefineTorusLB MEM: 0.260292 MB
LDB: Reverting to original mapping
LDB: ============== END OF LOAD BALANCING =============== 285.379
Info: useSync: 0 useProxySync: 0
LDB: =============== DONE WITH MIGRATION ================ 285.379
LDB: ============= START OF LOAD BALANCING ============== 291.022
LDB: ============== END OF LOAD BALANCING =============== 291.022
Info: useSync: 0 useProxySync: 0
LDB: =============== DONE WITH MIGRATION ================ 291.022
LDB: ============= START OF LOAD BALANCING ============== 291.167
LDB: Largest compute 224 load 0.009046 is 14.9% of average load 0.060688
LDB: Average compute 0.002369 is 3.9% of average load 0.060688
LDB: TIME 291.167 LOAD: AVG 0.0606884 MAX 0.137907  PROXIES: TOTAL 28 MAXPE 3 MAXPATCH 5 None MEM: 0.260292 MB
LDB: TIME 291.167 LOAD: AVG 0.0606884 MAX 0.137907  PROXIES: TOTAL 31 MAXPE 5 MAXPATCH 6 RefineTorusLB MEM: 0.260292 MB
LDB: TIME 291.167 LOAD: AVG 0.0606884 MAX 0.137907  PROXIES: TOTAL 31 MAXPE 5 MAXPATCH 6 RefineTorusLB MEM: 0.260292 MB
LDB: Reverting to original mapping
LDB: ============== END OF LOAD BALANCING =============== 291.167
Info: useSync: 0 useProxySync: 0
LDB: =============== DONE WITH MIGRATION ================ 291.167
LDB: ============= START OF LOAD BALANCING ============== 296.796
LDB: ============== END OF LOAD BALANCING =============== 296.796
Info: useSync: 0 useProxySync: 0
LDB: =============== DONE WITH MIGRATION ================ 296.797
LDB: ============= START OF LOAD BALANCING ============== 296.94
LDB: Largest compute 17 load 0.009874 is 16.3% of average load 0.060452
LDB: Average compute 0.002364 is 3.9% of average load 0.060452
LDB: TIME 296.94 LOAD: AVG 0.0604522 MAX 0.137201  PROXIES: TOTAL 28 MAXPE 3 MAXPATCH 5 None MEM: 0.260292 MB
LDB: TIME 296.941 LOAD: AVG 0.0604522 MAX 0.137201  PROXIES: TOTAL 31 MAXPE 5 MAXPATCH 6 RefineTorusLB MEM: 0.260292 MB
LDB: TIME 296.941 LOAD: AVG 0.0604522 MAX 0.137201  PROXIES: TOTAL 31 MAXPE 5 MAXPATCH 6 RefineTorusLB MEM: 0.260292 MB
LDB: Reverting to original mapping
LDB: ============== END OF LOAD BALANCING =============== 296.941
Info: useSync: 0 useProxySync: 0
LDB: =============== DONE WITH MIGRATION ================ 296.941
WRITING COORDINATES TO DCD FILE MD.dcd AT STEP 85000
PRESSURE: 85000 538.769 545.512 274.817 -250.266 249.407 367.606 919.971 1467.08 7297.94
GPRESSURE: 85000 597.695 341.544 189.144 -51.3725 203.819 341.503 1049.87 1462.84 7327.29
PRESSAVG: 85000 738.231 46.1997 50.7066 7.70697 678.631 -4.31817 266.291 864.038 7342.7
GPRESSAVG: 85000 738.116 46.206 50.3558 7.80915 678.575 -3.72526 266.741 863.642 7342.72
ENERGY:   85000         0.0000         0.0000         0.0000         0.0000          -5636.2147       423.1548         0.0000         0.0000       921.4622          -4291.5978       292.7404     -5213.0599     -4289.6850       300.9461           2695.3721      2709.6007     22741.3648      2919.8549      2919.8035

LDB: ============= START OF LOAD BALANCING ============== 302.576
LDB: ============== END OF LOAD BALANCING =============== 302.576
Info: useSync: 0 useProxySync: 0
LDB: =============== DONE WITH MIGRATION ================ 302.576
LDB: ============= START OF LOAD BALANCING ============== 302.721
LDB: Largest compute 223 load 0.009071 is 14.9% of average load 0.060823
LDB: Average compute 0.002374 is 3.9% of average load 0.060823
LDB: TIME 302.721 LOAD: AVG 0.0608227 MAX 0.138272  PROXIES: TOTAL 28 MAXPE 3 MAXPATCH 5 None MEM: 0.260292 MB
LDB: TIME 302.721 LOAD: AVG 0.0608227 MAX 0.138272  PROXIES: TOTAL 31 MAXPE 5 MAXPATCH 6 RefineTorusLB MEM: 0.260292 MB
LDB: TIME 302.721 LOAD: AVG 0.0608227 MAX 0.138272  PROXIES: TOTAL 31 MAXPE 5 MAXPATCH 6 RefineTorusLB MEM: 0.260292 MB
LDB: ============== END OF LOAD BALANCING =============== 302.721
Info: useSync: 0 useProxySync: 0
LDB: =============== DONE WITH MIGRATION ================ 302.722
LDB: ============= START OF LOAD BALANCING ============== 308.341
LDB: ============== END OF LOAD BALANCING =============== 308.341
Info: useSync: 0 useProxySync: 0
LDB: =============== DONE WITH MIGRATION ================ 308.343
LDB: ============= START OF LOAD BALANCING ============== 308.488
LDB: Largest compute 17 load 0.009104 is 15.1% of average load 0.060227
LDB: Average compute 0.002349 is 3.9% of average load 0.060227
LDB: TIME 308.488 LOAD: AVG 0.0602273 MAX 0.137666  PROXIES: TOTAL 28 MAXPE 3 MAXPATCH 5 None MEM: 0.260292 MB
LDB: TIME 308.488 LOAD: AVG 0.0602273 MAX 0.137666  PROXIES: TOTAL 31 MAXPE 5 MAXPATCH 6 RefineTorusLB MEM: 0.260292 MB
LDB: TIME 308.488 LOAD: AVG 0.0602273 MAX 0.137666  PROXIES: TOTAL 31 MAXPE 5 MAXPATCH 6 RefineTorusLB MEM: 0.260292 MB
LDB: Reverting to original mapping
LDB: ============== END OF LOAD BALANCING =============== 308.488
Info: useSync: 0 useProxySync: 0
LDB: =============== DONE WITH MIGRATION ================ 308.488
WRITING COORDINATES TO DCD FILE MD.dcd AT STEP 90000
PRESSURE: 90000 687.849 536.184 -596.508 545.815 816.623 555.698 288.103 1153.48 8260.1
GPRESSURE: 90000 798.101 586.252 -1131.25 742.447 820.976 446.843 328.062 1437.7 8223.04
PRESSAVG: 90000 633.855 44.4108 -53.0954 54.7437 604.195 0.317466 343.387 996.051 7440.78
GPRESSAVG: 90000 633.957 44.1674 -53.5004 54.8592 604.172 0.45154 343.126 996.419 7441.08
ENERGY:   90000         0.0000         0.0000         0.0000         0.0000          -5512.5449       409.1983         0.0000         0.0000       981.3939          -4121.9527       311.7802     -5103.3466     -4120.7487       303.2792           3254.8562      3280.7065     22741.3648      2892.9426      2893.0694

LDB: ============= START OF LOAD BALANCING ============== 314.122
LDB: ============== END OF LOAD BALANCING =============== 314.122
Info: useSync: 0 useProxySync: 0
LDB: =============== DONE WITH MIGRATION ================ 314.122
LDB: ============= START OF LOAD BALANCING ============== 314.267
LDB: Largest compute 17 load 0.009188 is 15.1% of average load 0.060893
LDB: Average compute 0.002380 is 3.9% of average load 0.060893
LDB: TIME 314.267 LOAD: AVG 0.0608925 MAX 0.137924  PROXIES: TOTAL 28 MAXPE 3 MAXPATCH 5 None MEM: 0.260292 MB
LDB: TIME 314.267 LOAD: AVG 0.0608925 MAX 0.137924  PROXIES: TOTAL 31 MAXPE 5 MAXPATCH 6 RefineTorusLB MEM: 0.260292 MB
LDB: TIME 314.267 LOAD: AVG 0.0608925 MAX 0.137924  PROXIES: TOTAL 31 MAXPE 5 MAXPATCH 6 RefineTorusLB MEM: 0.260292 MB
LDB: Reverting to original mapping
LDB: ============== END OF LOAD BALANCING =============== 314.267
Info: useSync: 0 useProxySync: 0
LDB: =============== DONE WITH MIGRATION ================ 314.267
LDB: ============= START OF LOAD BALANCING ============== 319.898
LDB: ============== END OF LOAD BALANCING =============== 319.898
Info: useSync: 0 useProxySync: 0
LDB: =============== DONE WITH MIGRATION ================ 319.898
LDB: ============= START OF LOAD BALANCING ============== 320.042
LDB: Largest compute 17 load 0.009231 is 15.3% of average load 0.060266
LDB: Average compute 0.002353 is 3.9% of average load 0.060266
LDB: TIME 320.042 LOAD: AVG 0.060266 MAX 0.13734  PROXIES: TOTAL 28 MAXPE 3 MAXPATCH 5 None MEM: 0.260292 MB
LDB: TIME 320.042 LOAD: AVG 0.060266 MAX 0.13734  PROXIES: TOTAL 31 MAXPE 5 MAXPATCH 6 RefineTorusLB MEM: 0.260292 MB
LDB: TIME 320.042 LOAD: AVG 0.060266 MAX 0.13734  PROXIES: TOTAL 31 MAXPE 5 MAXPATCH 6 RefineTorusLB MEM: 0.260292 MB
LDB: Reverting to original mapping
LDB: ============== END OF LOAD BALANCING =============== 320.042
Info: useSync: 0 useProxySync: 0
LDB: =============== DONE WITH MIGRATION ================ 320.042
LDB: ============= START OF LOAD BALANCING ============== 325.673
LDB: ============== END OF LOAD BALANCING =============== 325.674
Info: useSync: 0 useProxySync: 0
LDB: =============== DONE WITH MIGRATION ================ 325.674
LDB: ============= START OF LOAD BALANCING ============== 325.819
LDB: Largest compute 17 load 0.009359 is 15.4% of average load 0.060699
LDB: Average compute 0.002368 is 3.9% of average load 0.060699
LDB: TIME 325.819 LOAD: AVG 0.0606991 MAX 0.138496  PROXIES: TOTAL 28 MAXPE 3 MAXPATCH 5 None MEM: 0.260292 MB
LDB: TIME 325.819 LOAD: AVG 0.0606991 MAX 0.138496  PROXIES: TOTAL 31 MAXPE 5 MAXPATCH 6 RefineTorusLB MEM: 0.260292 MB
LDB: TIME 325.819 LOAD: AVG 0.0606991 MAX 0.138496  PROXIES: TOTAL 31 MAXPE 5 MAXPATCH 6 RefineTorusLB MEM: 0.260292 MB
LDB: ============== END OF LOAD BALANCING =============== 325.819
Info: useSync: 0 useProxySync: 0
LDB: =============== DONE WITH MIGRATION ================ 325.819
WRITING COORDINATES TO DCD FILE MD.dcd AT STEP 95000
PRESSURE: 95000 1232.33 -351.832 319.638 -460.416 806.828 511.415 585.19 667.927 8631.26
GPRESSURE: 95000 1044.63 -125.609 425.115 -703.667 888.754 514.474 768.055 638.563 8750.69
PRESSAVG: 95000 477.481 -15.8705 -87.9594 38.945 684.103 32.8149 470.882 1032.18 7792.72
GPRESSAVG: 95000 477.21 -15.6808 -87.6124 38.5215 684.474 32.9067 471.383 1032.02 7792.98
ENERGY:   95000         0.0000         0.0000         0.0000         0.0000          -5590.3131       443.2040         0.0000         0.0000       936.2370          -4210.8721       297.4343     -5147.1091     -4209.5568       301.5064           3556.8057      3561.3583     22741.3648      2984.7685      2984.8896

LDB: ============= START OF LOAD BALANCING ============== 331.46
LDB: ============== END OF LOAD BALANCING =============== 331.46
Info: useSync: 0 useProxySync: 0
LDB: =============== DONE WITH MIGRATION ================ 331.46
LDB: ============= START OF LOAD BALANCING ============== 331.604
LDB: Largest compute 223 load 0.009022 is 15.0% of average load 0.060196
LDB: Average compute 0.002349 is 3.9% of average load 0.060196
LDB: TIME 331.604 LOAD: AVG 0.0601962 MAX 0.137378  PROXIES: TOTAL 28 MAXPE 3 MAXPATCH 5 None MEM: 0.260292 MB
LDB: TIME 331.604 LOAD: AVG 0.0601962 MAX 0.137378  PROXIES: TOTAL 31 MAXPE 5 MAXPATCH 6 RefineTorusLB MEM: 0.260292 MB
LDB: TIME 331.604 LOAD: AVG 0.0601962 MAX 0.137378  PROXIES: TOTAL 31 MAXPE 5 MAXPATCH 6 RefineTorusLB MEM: 0.260292 MB
LDB: Reverting to original mapping
LDB: ============== END OF LOAD BALANCING =============== 331.604
Info: useSync: 0 useProxySync: 0
LDB: =============== DONE WITH MIGRATION ================ 331.604
LDB: ============= START OF LOAD BALANCING ============== 337.249
LDB: ============== END OF LOAD BALANCING =============== 337.249
Info: useSync: 0 useProxySync: 0
LDB: =============== DONE WITH MIGRATION ================ 337.249
LDB: ============= START OF LOAD BALANCING ============== 337.394
LDB: Largest compute 223 load 0.009162 is 15.1% of average load 0.060653
LDB: Average compute 0.002367 is 3.9% of average load 0.060653
LDB: TIME 337.394 LOAD: AVG 0.0606533 MAX 0.138088  PROXIES: TOTAL 28 MAXPE 3 MAXPATCH 5 None MEM: 0.260292 MB
LDB: TIME 337.394 LOAD: AVG 0.0606533 MAX 0.138088  PROXIES: TOTAL 31 MAXPE 5 MAXPATCH 6 RefineTorusLB MEM: 0.260292 MB
LDB: TIME 337.394 LOAD: AVG 0.0606533 MAX 0.138088  PROXIES: TOTAL 31 MAXPE 5 MAXPATCH 6 RefineTorusLB MEM: 0.260292 MB
LDB: ============== END OF LOAD BALANCING =============== 337.394
Info: useSync: 0 useProxySync: 0
LDB: =============== DONE WITH MIGRATION ================ 337.394
WRITING COORDINATES TO DCD FILE MD.dcd AT STEP 100000
WRITING COORDINATES TO RESTART FILE AT STEP 100000
FINISHED WRITING RESTART COORDINATES
WRITING VELOCITIES TO RESTART FILE AT STEP 100000
FINISHED WRITING RESTART VELOCITIES
The last velocity output (seq=100000) takes 0.000 seconds, 0.260 MB of memory in use
PRESSURE: 100000 740.933 101.991 -1063.93 548.335 1307.31 -246.309 -83.5809 731.755 8078.35
GPRESSURE: 100000 658.177 471.735 -1089.24 291.83 1510.38 -17.7178 9.017 457.036 8001.62
PRESSAVG: 100000 648.29 -3.64232 28.1828 34.5251 884.013 -38.9542 614.847 794.525 8091.42
GPRESSAVG: 100000 648.671 -3.94741 28.5788 34.9395 883.714 -39.071 614.436 794.509 8091.72
TIMING: 100000  CPU: 323.224, 0.00289943/step  Wall: 330.035, 0.00290101/step, 0.161167 hours remaining, 0.260292 MB of memory in use.
PERFORMANCE: 100000  averaging 52.3592 ns/day, 0.00330028 sec/step with standard deviation 0.000564646
ETITLE:      TS           BOND          ANGLE          DIHED          IMPRP               ELECT            VDW       BOUNDARY           MISC        KINETIC               TOTAL           TEMP      POTENTIAL         TOTAL3        TEMPAVG            PRESSURE      GPRESSURE         VOLUME       PRESSAVG      GPRESSAVG

ENERGY:  100000         0.0000         0.0000         0.0000         0.0000          -5612.3561       438.6023         0.0000         0.0000       981.8279          -4191.9259       311.9181     -5173.7539     -4189.7344       299.6871           3375.5295      3390.0568     22741.3648      3207.9081      3208.0333

WRITING EXTENDED SYSTEM TO RESTART FILE AT STEP 100000
LDB: ============= START OF LOAD BALANCING ============== 343.024
LDB: ============== END OF LOAD BALANCING =============== 343.024
Info: useSync: 0 useProxySync: 0
LDB: =============== DONE WITH MIGRATION ================ 343.024
LDB: ============= START OF LOAD BALANCING ============== 343.168
LDB: Largest compute 223 load 0.009273 is 15.4% of average load 0.060379
LDB: Average compute 0.002352 is 3.9% of average load 0.060379
LDB: TIME 343.168 LOAD: AVG 0.0603791 MAX 0.137734  PROXIES: TOTAL 28 MAXPE 3 MAXPATCH 5 None MEM: 0.260292 MB
LDB: TIME 343.168 LOAD: AVG 0.0603791 MAX 0.137734  PROXIES: TOTAL 31 MAXPE 5 MAXPATCH 6 RefineTorusLB MEM: 0.260292 MB
LDB: TIME 343.168 LOAD: AVG 0.0603791 MAX 0.137734  PROXIES: TOTAL 31 MAXPE 5 MAXPATCH 6 RefineTorusLB MEM: 0.260292 MB
LDB: ============== END OF LOAD BALANCING =============== 343.168
Info: useSync: 0 useProxySync: 0
LDB: =============== DONE WITH MIGRATION ================ 343.169
LDB: ============= START OF LOAD BALANCING ============== 348.791
LDB: ============== END OF LOAD BALANCING =============== 348.791
Info: useSync: 0 useProxySync: 0
LDB: =============== DONE WITH MIGRATION ================ 348.791
LDB: ============= START OF LOAD BALANCING ============== 348.936
LDB: Largest compute 17 load 0.009539 is 15.8% of average load 0.060478
LDB: Average compute 0.002355 is 3.9% of average load 0.060478
LDB: TIME 348.936 LOAD: AVG 0.0604784 MAX 0.138321  PROXIES: TOTAL 28 MAXPE 3 MAXPATCH 5 None MEM: 0.260292 MB
LDB: TIME 348.936 LOAD: AVG 0.0604784 MAX 0.138321  PROXIES: TOTAL 31 MAXPE 5 MAXPATCH 6 RefineTorusLB MEM: 0.260292 MB
LDB: TIME 348.936 LOAD: AVG 0.0604784 MAX 0.138321  PROXIES: TOTAL 31 MAXPE 5 MAXPATCH 6 RefineTorusLB MEM: 0.260292 MB
LDB: Reverting to original mapping
LDB: ============== END OF LOAD BALANCING =============== 348.936
Info: useSync: 0 useProxySync: 0
LDB: =============== DONE WITH MIGRATION ================ 348.936
LDB: ============= START OF LOAD BALANCING ============== 354.561
LDB: ============== END OF LOAD BALANCING =============== 354.561
Info: useSync: 0 useProxySync: 0
LDB: =============== DONE WITH MIGRATION ================ 354.561
LDB: ============= START OF LOAD BALANCING ============== 354.705
LDB: Largest compute 224 load 0.009385 is 15.6% of average load 0.060016
LDB: Average compute 0.002337 is 3.9% of average load 0.060016
LDB: TIME 354.705 LOAD: AVG 0.0600164 MAX 0.137534  PROXIES: TOTAL 28 MAXPE 3 MAXPATCH 5 None MEM: 0.260292 MB
LDB: TIME 354.705 LOAD: AVG 0.0600164 MAX 0.137534  PROXIES: TOTAL 31 MAXPE 5 MAXPATCH 6 RefineTorusLB MEM: 0.260292 MB
LDB: TIME 354.705 LOAD: AVG 0.0600164 MAX 0.137534  PROXIES: TOTAL 31 MAXPE 5 MAXPATCH 6 RefineTorusLB MEM: 0.260292 MB
LDB: ============== END OF LOAD BALANCING =============== 354.706
Info: useSync: 0 useProxySync: 0
LDB: =============== DONE WITH MIGRATION ================ 354.706
PRESSURE: 105000 902.164 158.919 -650.142 230.663 629.702 -328.346 711.495 145.441 8367.35
GPRESSURE: 105000 934.833 -245.261 -451.125 77.7796 619.113 -282.974 663.965 222.586 8406.05
PRESSAVG: 105000 525.722 -60.2535 -76.5789 -45.8787 484.067 -58.9386 515.022 697.823 8193.5
GPRESSAVG: 105000 525.505 -60.274 -76.9342 -45.7968 484.151 -59.3083 514.929 697.715 8193.54
ENERGY:  105000         0.0000         0.0000         0.0000         0.0000          -5641.9683       432.9406         0.0000         0.0000       943.0862          -4265.9415       299.6102     -5209.0277     -4264.3430       298.2058           3299.7394      3319.9981     22741.3648      3067.7631      3067.7321

WRITING COORDINATES TO DCD FILE MD.dcd AT STEP 105000
LDB: ============= START OF LOAD BALANCING ============== 360.37
LDB: ============== END OF LOAD BALANCING =============== 360.37
Info: useSync: 0 useProxySync: 0
LDB: =============== DONE WITH MIGRATION ================ 360.371
LDB: ============= START OF LOAD BALANCING ============== 360.515
LDB: Largest compute 225 load 0.009400 is 15.5% of average load 0.060587
LDB: Average compute 0.002363 is 3.9% of average load 0.060587
LDB: TIME 360.515 LOAD: AVG 0.060587 MAX 0.137663  PROXIES: TOTAL 28 MAXPE 3 MAXPATCH 5 None MEM: 0.260292 MB
LDB: TIME 360.515 LOAD: AVG 0.060587 MAX 0.137663  PROXIES: TOTAL 31 MAXPE 5 MAXPATCH 6 RefineTorusLB MEM: 0.260292 MB
LDB: TIME 360.515 LOAD: AVG 0.060587 MAX 0.137663  PROXIES: TOTAL 31 MAXPE 5 MAXPATCH 6 RefineTorusLB MEM: 0.260292 MB
LDB: ============== END OF LOAD BALANCING =============== 360.515
Info: useSync: 0 useProxySync: 0
LDB: =============== DONE WITH MIGRATION ================ 360.516
LDB: ============= START OF LOAD BALANCING ============== 366.156
LDB: ============== END OF LOAD BALANCING =============== 366.156
Info: useSync: 0 useProxySync: 0
LDB: =============== DONE WITH MIGRATION ================ 366.156
LDB: ============= START OF LOAD BALANCING ============== 366.3
LDB: Largest compute 17 load 0.009072 is 15.0% of average load 0.060484
LDB: Average compute 0.002362 is 3.9% of average load 0.060484
LDB: TIME 366.3 LOAD: AVG 0.0604844 MAX 0.13743  PROXIES: TOTAL 28 MAXPE 3 MAXPATCH 5 None MEM: 0.260292 MB
LDB: TIME 366.3 LOAD: AVG 0.0604844 MAX 0.13743  PROXIES: TOTAL 31 MAXPE 5 MAXPATCH 6 RefineTorusLB MEM: 0.260292 MB
LDB: TIME 366.3 LOAD: AVG 0.0604844 MAX 0.13743  PROXIES: TOTAL 31 MAXPE 5 MAXPATCH 6 RefineTorusLB MEM: 0.260292 MB
LDB: ============== END OF LOAD BALANCING =============== 366.301
Info: useSync: 0 useProxySync: 0
LDB: =============== DONE WITH MIGRATION ================ 366.301
PRESSURE: 110000 30.05 597.468 209.53 438.585 932.364 520.311 543.81 616.542 7420.63
GPRESSURE: 110000 -69.5881 678.51 366.951 348.568 966.713 713.988 552.03 381.662 7544.19
PRESSAVG: 110000 754.483 20.8698 -29.1347 53.7762 638.185 -3.4311 592.123 572.603 8392.89
GPRESSAVG: 110000 754.477 20.6688 -29.3082 53.6968 638.251 -3.17509 592.337 573.002 8393.18
ENERGY:  110000         0.0000         0.0000         0.0000         0.0000          -5616.8732       442.5489         0.0000         0.0000       925.4798          -4248.8445       294.0168     -5174.3243     -4245.3761       303.0418           2794.3493      2813.7721     22741.3648      3261.8536      3261.9680

WRITING COORDINATES TO DCD FILE MD.dcd AT STEP 110000
LDB: ============= START OF LOAD BALANCING ============== 372.005
LDB: ============== END OF LOAD BALANCING =============== 372.005
Info: useSync: 0 useProxySync: 0
LDB: =============== DONE WITH MIGRATION ================ 372.005
LDB: ============= START OF LOAD BALANCING ============== 372.149
LDB: Largest compute 17 load 0.010322 is 17.2% of average load 0.060042
LDB: Average compute 0.002347 is 3.9% of average load 0.060042
LDB: TIME 372.15 LOAD: AVG 0.0600423 MAX 0.138213  PROXIES: TOTAL 28 MAXPE 3 MAXPATCH 5 None MEM: 0.260292 MB
LDB: TIME 372.15 LOAD: AVG 0.0600423 MAX 0.138213  PROXIES: TOTAL 31 MAXPE 5 MAXPATCH 6 RefineTorusLB MEM: 0.260292 MB
LDB: TIME 372.15 LOAD: AVG 0.0600423 MAX 0.138213  PROXIES: TOTAL 31 MAXPE 5 MAXPATCH 6 RefineTorusLB MEM: 0.260292 MB
LDB: Reverting to original mapping
LDB: ============== END OF LOAD BALANCING =============== 372.15
Info: useSync: 0 useProxySync: 0
LDB: =============== DONE WITH MIGRATION ================ 372.15
LDB: ============= START OF LOAD BALANCING ============== 377.795
LDB: ============== END OF LOAD BALANCING =============== 377.795
Info: useSync: 0 useProxySync: 0
LDB: =============== DONE WITH MIGRATION ================ 377.795
LDB: ============= START OF LOAD BALANCING ============== 377.94
LDB: Largest compute 17 load 0.009541 is 15.8% of average load 0.060353
LDB: Average compute 0.002362 is 3.9% of average load 0.060353
LDB: TIME 377.94 LOAD: AVG 0.0603525 MAX 0.138162  PROXIES: TOTAL 28 MAXPE 3 MAXPATCH 5 None MEM: 0.260292 MB
LDB: TIME 377.94 LOAD: AVG 0.0603525 MAX 0.138162  PROXIES: TOTAL 31 MAXPE 5 MAXPATCH 6 RefineTorusLB MEM: 0.260292 MB
LDB: TIME 377.94 LOAD: AVG 0.0603525 MAX 0.138162  PROXIES: TOTAL 31 MAXPE 5 MAXPATCH 6 RefineTorusLB MEM: 0.260292 MB
LDB: ============== END OF LOAD BALANCING =============== 377.94
Info: useSync: 0 useProxySync: 0
LDB: =============== DONE WITH MIGRATION ================ 377.941
LDB: ============= START OF LOAD BALANCING ============== 383.58
LDB: ============== END OF LOAD BALANCING =============== 383.58
Info: useSync: 0 useProxySync: 0
LDB: =============== DONE WITH MIGRATION ================ 383.58
LDB: ============= START OF LOAD BALANCING ============== 383.724
LDB: Largest compute 17 load 0.009659 is 16.0% of average load 0.060218
LDB: Average compute 0.002354 is 3.9% of average load 0.060218
LDB: TIME 383.725 LOAD: AVG 0.0602175 MAX 0.137622  PROXIES: TOTAL 28 MAXPE 3 MAXPATCH 5 None MEM: 0.260292 MB
LDB: TIME 383.725 LOAD: AVG 0.0602175 MAX 0.137622  PROXIES: TOTAL 31 MAXPE 5 MAXPATCH 6 RefineTorusLB MEM: 0.260292 MB
LDB: TIME 383.725 LOAD: AVG 0.0602175 MAX 0.137622  PROXIES: TOTAL 31 MAXPE 5 MAXPATCH 6 RefineTorusLB MEM: 0.260292 MB
LDB: Reverting to original mapping
LDB: ============== END OF LOAD BALANCING =============== 383.725
Info: useSync: 0 useProxySync: 0
LDB: =============== DONE WITH MIGRATION ================ 383.725
WRITING COORDINATES TO DCD FILE MD.dcd AT STEP 115000
PRESSURE: 115000 1184.55 484.306 167.925 388.363 111.922 302.721 874.392 1113.98 9161.22
GPRESSURE: 115000 1113.73 425.315 239.392 421.53 298.116 279.047 784.97 1142.11 9064.5
PRESSAVG: 115000 625.102 24.6837 89.74 24.3981 655.369 46.9225 765.229 341.107 8460.66
GPRESSAVG: 115000 625.478 24.916 89.8149 23.7439 655.455 47.4158 765.362 340.903 8460.52
ENERGY:  115000         0.0000         0.0000         0.0000         0.0000          -5644.7153       462.2102         0.0000         0.0000       939.4880          -4243.0170       298.4671     -5182.5051     -4240.9711       301.0692           3485.8961      3492.1133     22741.3648      3247.0442      3247.1498

LDB: ============= START OF LOAD BALANCING ============== 389.361
LDB: ============== END OF LOAD BALANCING =============== 389.361
Info: useSync: 0 useProxySync: 0
LDB: =============== DONE WITH MIGRATION ================ 389.361
LDB: ============= START OF LOAD BALANCING ============== 389.507
LDB: Largest compute 17 load 0.009911 is 16.3% of average load 0.060658
LDB: Average compute 0.002376 is 3.9% of average load 0.060658
LDB: TIME 389.507 LOAD: AVG 0.0606582 MAX 0.138764  PROXIES: TOTAL 28 MAXPE 3 MAXPATCH 5 None MEM: 0.260292 MB
LDB: TIME 389.507 LOAD: AVG 0.0606582 MAX 0.138764  PROXIES: TOTAL 31 MAXPE 5 MAXPATCH 6 RefineTorusLB MEM: 0.260292 MB
LDB: TIME 389.507 LOAD: AVG 0.0606582 MAX 0.138764  PROXIES: TOTAL 31 MAXPE 5 MAXPATCH 6 RefineTorusLB MEM: 0.260292 MB
LDB: ============== END OF LOAD BALANCING =============== 389.507
Info: useSync: 0 useProxySync: 0
LDB: =============== DONE WITH MIGRATION ================ 389.507
LDB: ============= START OF LOAD BALANCING ============== 395.151
LDB: ============== END OF LOAD BALANCING =============== 395.151
Info: useSync: 0 useProxySync: 0
LDB: =============== DONE WITH MIGRATION ================ 395.151
LDB: ============= START OF LOAD BALANCING ============== 395.297
LDB: Largest compute 17 load 0.009198 is 15.1% of average load 0.060910
LDB: Average compute 0.002388 is 3.9% of average load 0.060910
LDB: TIME 395.297 LOAD: AVG 0.06091 MAX 0.138834  PROXIES: TOTAL 28 MAXPE 3 MAXPATCH 5 None MEM: 0.260292 MB
LDB: TIME 395.297 LOAD: AVG 0.06091 MAX 0.138834  PROXIES: TOTAL 31 MAXPE 5 MAXPATCH 6 RefineTorusLB MEM: 0.260292 MB
LDB: TIME 395.297 LOAD: AVG 0.06091 MAX 0.138834  PROXIES: TOTAL 31 MAXPE 5 MAXPATCH 6 RefineTorusLB MEM: 0.260292 MB
LDB: ============== END OF LOAD BALANCING =============== 395.297
Info: useSync: 0 useProxySync: 0
LDB: =============== DONE WITH MIGRATION ================ 395.297
PRESSURE: 120000 1629.34 353.762 -998.556 125.932 1592.95 -384.505 189.476 442.266 8804.32
GPRESSURE: 120000 1547.68 213.994 -1094.78 437.789 1562.7 -364.067 250.98 504.065 8945.69
PRESSAVG: 120000 716.895 -3.51335 109.81 -0.00767654 757.2 -37.8257 782.255 425.265 8859.34
GPRESSAVG: 120000 716.852 -3.25957 109.962 0.277462 757.312 -38.5047 782.487 424.794 8859.79
ENERGY:  120000         0.0000         0.0000         0.0000         0.0000          -5648.2220       473.1748         0.0000         0.0000       972.2207          -4202.8265       308.8660     -5175.0473     -4201.3492       305.7846           4008.8696      4018.6931     22741.3648      3444.4770      3444.6500

WRITING COORDINATES TO DCD FILE MD.dcd AT STEP 120000
LDB: ============= START OF LOAD BALANCING ============== 407.984
LDB: ============== END OF LOAD BALANCING =============== 407.992
Info: useSync: 0 useProxySync: 0
LDB: =============== DONE WITH MIGRATION ================ 408.016
LDB: ============= START OF LOAD BALANCING ============== 408.392
LDB: Largest compute 15 load 0.011469 is 17.8% of average load 0.064356
LDB: Average compute 0.002451 is 3.8% of average load 0.064356
LDB: TIME 408.4 LOAD: AVG 0.0643564 MAX 0.135588  PROXIES: TOTAL 28 MAXPE 3 MAXPATCH 5 None MEM: 0.260292 MB
LDB: TIME 408.4 LOAD: AVG 0.0643564 MAX 0.135588  PROXIES: TOTAL 31 MAXPE 5 MAXPATCH 6 RefineTorusLB MEM: 0.260292 MB
LDB: TIME 408.4 LOAD: AVG 0.0643564 MAX 0.135588  PROXIES: TOTAL 31 MAXPE 5 MAXPATCH 6 RefineTorusLB MEM: 0.260292 MB
LDB: Reverting to original mapping
LDB: ============== END OF LOAD BALANCING =============== 408.406
Info: useSync: 0 useProxySync: 0
LDB: =============== DONE WITH MIGRATION ================ 408.478
LDB: ============= START OF LOAD BALANCING ============== 423.446
LDB: ============== END OF LOAD BALANCING =============== 423.449
Info: useSync: 0 useProxySync: 0
LDB: =============== DONE WITH MIGRATION ================ 423.461
LDB: ============= START OF LOAD BALANCING ============== 423.815
LDB: Largest compute 229 load 0.012608 is 19.5% of average load 0.064686
LDB: Average compute 0.002412 is 3.7% of average load 0.064686
LDB: TIME 423.818 LOAD: AVG 0.0646857 MAX 0.139055  PROXIES: TOTAL 28 MAXPE 3 MAXPATCH 5 None MEM: 0.260292 MB
LDB: TIME 423.818 LOAD: AVG 0.0646857 MAX 0.139055  PROXIES: TOTAL 31 MAXPE 5 MAXPATCH 6 RefineTorusLB MEM: 0.260292 MB
LDB: TIME 423.818 LOAD: AVG 0.0646857 MAX 0.139055  PROXIES: TOTAL 31 MAXPE 5 MAXPATCH 6 RefineTorusLB MEM: 0.260292 MB
LDB: Reverting to original mapping
LDB: ============== END OF LOAD BALANCING =============== 423.824
Info: useSync: 0 useProxySync: 0
LDB: =============== DONE WITH MIGRATION ================ 423.855
LDB: ============= START OF LOAD BALANCING ============== 438.928
LDB: ============== END OF LOAD BALANCING =============== 438.931
Info: useSync: 0 useProxySync: 0
LDB: =============== DONE WITH MIGRATION ================ 438.941
LDB: ============= START OF LOAD BALANCING ============== 439.256
LDB: Largest compute 212 load 0.027684 is 43.6% of average load 0.063429
LDB: Average compute 0.002417 is 3.8% of average load 0.063429
LDB: TIME 439.259 LOAD: AVG 0.0634291 MAX 0.133769  PROXIES: TOTAL 28 MAXPE 3 MAXPATCH 5 None MEM: 0.260292 MB
LDB: TIME 439.259 LOAD: AVG 0.0634291 MAX 0.133769  PROXIES: TOTAL 31 MAXPE 5 MAXPATCH 6 RefineTorusLB MEM: 0.260292 MB
LDB: TIME 439.259 LOAD: AVG 0.0634291 MAX 0.133769  PROXIES: TOTAL 33 MAXPE 5 MAXPATCH 7 RefineTorusLB MEM: 0.260292 MB
LDB: ============== END OF LOAD BALANCING =============== 439.265
Info: useSync: 0 useProxySync: 0
LDB: =============== DONE WITH MIGRATION ================ 439.295
PRESSURE: 125000 1589.47 -379.959 184.561 -618.61 -515.996 344.797 1276.89 715.84 8591.64
GPRESSURE: 125000 1473.03 -151.303 120.362 -678.502 -338.65 406.647 1348.7 715.03 8568.9
PRESSAVG: 125000 600.58 -50.6583 -42.3899 -58.5075 616.237 64.5381 723.764 1038.2 8803.32
GPRESSAVG: 125000 600.612 -50.6384 -42.6252 -58.5263 616.399 64.9386 723.723 1038.2 8803.76
ENERGY:  125000         0.0000         0.0000         0.0000         0.0000          -5649.2183       459.1149         0.0000         0.0000       931.6561          -4258.4473       295.9790     -5190.1034     -4255.2553       301.8599           3221.7062      3234.4290     22741.3648      3340.0463      3340.2571

WRITING COORDINATES TO DCD FILE MD.dcd AT STEP 125000
LDB: ============= START OF LOAD BALANCING ============== 454.623
LDB: ============== END OF LOAD BALANCING =============== 454.623
Info: useSync: 0 useProxySync: 0
LDB: =============== DONE WITH MIGRATION ================ 454.623
LDB: ============= START OF LOAD BALANCING ============== 454.848
LDB: Largest compute 223 load 0.018391 is 27.6% of average load 0.066725
LDB: Average compute 0.002558 is 3.8% of average load 0.066725
LDB: TIME 454.848 LOAD: AVG 0.066725 MAX 0.146577  PROXIES: TOTAL 28 MAXPE 3 MAXPATCH 5 None MEM: 0.260292 MB
LDB: TIME 454.848 LOAD: AVG 0.066725 MAX 0.146577  PROXIES: TOTAL 33 MAXPE 5 MAXPATCH 7 RefineTorusLB MEM: 0.260292 MB
LDB: TIME 454.849 LOAD: AVG 0.066725 MAX 0.146577  PROXIES: TOTAL 32 MAXPE 5 MAXPATCH 6 RefineTorusLB MEM: 0.260292 MB
LDB: ============== END OF LOAD BALANCING =============== 454.849
Info: useSync: 0 useProxySync: 0
LDB: =============== DONE WITH MIGRATION ================ 454.857
LDB: ============= START OF LOAD BALANCING ============== 461.189
LDB: ============== END OF LOAD BALANCING =============== 461.19
Info: useSync: 0 useProxySync: 0
LDB: =============== DONE WITH MIGRATION ================ 461.19
LDB: ============= START OF LOAD BALANCING ============== 461.328
LDB: Largest compute 17 load 0.009707 is 16.6% of average load 0.058442
LDB: Average compute 0.002279 is 3.9% of average load 0.058442
LDB: TIME 461.328 LOAD: AVG 0.0584421 MAX 0.1317  PROXIES: TOTAL 28 MAXPE 3 MAXPATCH 5 None MEM: 0.260292 MB
LDB: TIME 461.328 LOAD: AVG 0.0584421 MAX 0.1317  PROXIES: TOTAL 32 MAXPE 5 MAXPATCH 6 RefineTorusLB MEM: 0.260292 MB
LDB: TIME 461.328 LOAD: AVG 0.0584421 MAX 0.1317  PROXIES: TOTAL 32 MAXPE 5 MAXPATCH 6 RefineTorusLB MEM: 0.260292 MB
LDB: Reverting to original mapping
LDB: ============== END OF LOAD BALANCING =============== 461.328
Info: useSync: 0 useProxySync: 0
LDB: =============== DONE WITH MIGRATION ================ 461.328
WRITING COORDINATES TO DCD FILE MD.dcd AT STEP 130000
PRESSURE: 130000 513.635 25.2947 627.941 168.399 368.708 -936.537 1427.78 -179.861 9341.88
GPRESSURE: 130000 562.74 -58.0658 795.969 77.4967 472.799 -1000.18 1124.65 -310.518 9303.47
PRESSAVG: 130000 731.36 2.38737 -28.8308 40.5325 783.123 -7.32585 969.784 865.028 9080.28
GPRESSAVG: 130000 731.105 1.67034 -28.5453 40.7104 783.139 -7.63757 969.454 865.021 9080.43
ENERGY:  130000         0.0000         0.0000         0.0000         0.0000          -5625.6782       441.4547         0.0000         0.0000       951.1647          -4233.0587       302.1767     -5184.2235     -4230.6361       302.5827           3408.0734      3446.3381     22741.3648      3531.5882      3531.5585

LDB: ============= START OF LOAD BALANCING ============== 466.741
LDB: ============== END OF LOAD BALANCING =============== 466.741
Info: useSync: 0 useProxySync: 0
LDB: =============== DONE WITH MIGRATION ================ 466.742
LDB: ============= START OF LOAD BALANCING ============== 466.88
LDB: Largest compute 17 load 0.009736 is 16.6% of average load 0.058620
LDB: Average compute 0.002289 is 3.9% of average load 0.058620
LDB: TIME 466.88 LOAD: AVG 0.05862 MAX 0.132004  PROXIES: TOTAL 28 MAXPE 3 MAXPATCH 5 None MEM: 0.260292 MB
LDB: TIME 466.88 LOAD: AVG 0.05862 MAX 0.132004  PROXIES: TOTAL 32 MAXPE 5 MAXPATCH 6 RefineTorusLB MEM: 0.260292 MB
LDB: TIME 466.88 LOAD: AVG 0.05862 MAX 0.132004  PROXIES: TOTAL 32 MAXPE 5 MAXPATCH 6 RefineTorusLB MEM: 0.260292 MB
LDB: Reverting to original mapping
LDB: ============== END OF LOAD BALANCING =============== 466.88
Info: useSync: 0 useProxySync: 0
LDB: =============== DONE WITH MIGRATION ================ 466.881
LDB: ============= START OF LOAD BALANCING ============== 473.573
LDB: ============== END OF LOAD BALANCING =============== 473.573
Info: useSync: 0 useProxySync: 0
LDB: =============== DONE WITH MIGRATION ================ 473.573
LDB: ============= START OF LOAD BALANCING ============== 473.711
LDB: Largest compute 17 load 0.008729 is 14.8% of average load 0.058899
LDB: Average compute 0.002302 is 3.9% of average load 0.058899
LDB: TIME 473.712 LOAD: AVG 0.0588986 MAX 0.131538  PROXIES: TOTAL 28 MAXPE 3 MAXPATCH 5 None MEM: 0.260292 MB
LDB: TIME 473.712 LOAD: AVG 0.0588986 MAX 0.131538  PROXIES: TOTAL 32 MAXPE 5 MAXPATCH 6 RefineTorusLB MEM: 0.260292 MB
LDB: TIME 473.712 LOAD: AVG 0.0588986 MAX 0.131538  PROXIES: TOTAL 32 MAXPE 5 MAXPATCH 6 RefineTorusLB MEM: 0.260292 MB
LDB: Reverting to original mapping
LDB: ============== END OF LOAD BALANCING =============== 473.712
Info: useSync: 0 useProxySync: 0
LDB: =============== DONE WITH MIGRATION ================ 473.712
LDB: ============= START OF LOAD BALANCING ============== 479.105
LDB: ============== END OF LOAD BALANCING =============== 479.105
Info: useSync: 0 useProxySync: 0
LDB: =============== DONE WITH MIGRATION ================ 479.105
LDB: ============= START OF LOAD BALANCING ============== 479.243
LDB: Largest compute 16 load 0.008492 is 14.5% of average load 0.058547
LDB: Average compute 0.002280 is 3.9% of average load 0.058547
LDB: TIME 479.243 LOAD: AVG 0.0585474 MAX 0.131543  PROXIES: TOTAL 28 MAXPE 3 MAXPATCH 5 None MEM: 0.260292 MB
LDB: TIME 479.243 LOAD: AVG 0.0585474 MAX 0.131543  PROXIES: TOTAL 32 MAXPE 5 MAXPATCH 6 RefineTorusLB MEM: 0.260292 MB
LDB: TIME 479.244 LOAD: AVG 0.0585474 MAX 0.131543  PROXIES: TOTAL 32 MAXPE 5 MAXPATCH 6 RefineTorusLB MEM: 0.260292 MB
LDB: ============== END OF LOAD BALANCING =============== 479.244
Info: useSync: 0 useProxySync: 0
LDB: =============== DONE WITH MIGRATION ================ 479.244
WRITING COORDINATES TO DCD FILE MD.dcd AT STEP 135000
PRESSURE: 135000 1110.35 -189.322 373.881 -60.2791 1303.59 644.501 1200.68 683.075 8525.68
GPRESSURE: 135000 1182.77 -375.116 764.091 161.739 1276.53 369.68 902.5 438.601 8512.59
PRESSAVG: 135000 826.344 2.36185 -35.435 -13.9375 869.379 17.6361 1063.53 601.759 9457.9
GPRESSAVG: 135000 826.214 1.9817 -35.2429 -13.5974 869.191 17.4556 1063.46 601.425 9458.19
ENERGY:  135000         0.0000         0.0000         0.0000         0.0000          -5677.9295       459.4753         0.0000         0.0000       971.6419          -4246.8122       308.6821     -5218.4542     -4244.8891       306.6307           3646.5388      3657.2990     22741.3648      3717.8735      3717.8654

LDB: ============= START OF LOAD BALANCING ============== 484.696
LDB: ============== END OF LOAD BALANCING =============== 484.696
Info: useSync: 0 useProxySync: 0
LDB: =============== DONE WITH MIGRATION ================ 484.696
LDB: ============= START OF LOAD BALANCING ============== 484.835
LDB: Largest compute 128 load 0.009365 is 15.7% of average load 0.059482
LDB: Average compute 0.002333 is 3.9% of average load 0.059482
LDB: TIME 484.835 LOAD: AVG 0.0594823 MAX 0.132729  PROXIES: TOTAL 28 MAXPE 3 MAXPATCH 5 None MEM: 0.260292 MB
LDB: TIME 484.835 LOAD: AVG 0.0594823 MAX 0.132729  PROXIES: TOTAL 32 MAXPE 5 MAXPATCH 6 RefineTorusLB MEM: 0.260292 MB
LDB: TIME 484.835 LOAD: AVG 0.0594823 MAX 0.132729  PROXIES: TOTAL 32 MAXPE 5 MAXPATCH 6 RefineTorusLB MEM: 0.260292 MB
LDB: Reverting to original mapping
LDB: ============== END OF LOAD BALANCING =============== 484.836
Info: useSync: 0 useProxySync: 0
LDB: =============== DONE WITH MIGRATION ================ 484.836
LDB: ============= START OF LOAD BALANCING ============== 490.315
LDB: ============== END OF LOAD BALANCING =============== 490.315
Info: useSync: 0 useProxySync: 0
LDB: =============== DONE WITH MIGRATION ================ 490.317
LDB: ============= START OF LOAD BALANCING ============== 490.457
LDB: Largest compute 17 load 0.009400 is 15.7% of average load 0.059769
LDB: Average compute 0.002338 is 3.9% of average load 0.059769
LDB: TIME 490.457 LOAD: AVG 0.0597688 MAX 0.132976  PROXIES: TOTAL 28 MAXPE 3 MAXPATCH 5 None MEM: 0.260292 MB
LDB: TIME 490.457 LOAD: AVG 0.0597688 MAX 0.132976  PROXIES: TOTAL 32 MAXPE 5 MAXPATCH 6 RefineTorusLB MEM: 0.260292 MB
LDB: TIME 490.457 LOAD: AVG 0.0597688 MAX 0.132976  PROXIES: TOTAL 32 MAXPE 5 MAXPATCH 6 RefineTorusLB MEM: 0.260292 MB
LDB: Reverting to original mapping
LDB: ============== END OF LOAD BALANCING =============== 490.457
Info: useSync: 0 useProxySync: 0
LDB: =============== DONE WITH MIGRATION ================ 490.457
WRITING COORDINATES TO DCD FILE MD.dcd AT STEP 140000
PRESSURE: 140000 98.8373 388.572 226.094 -331.678 375.762 53.6412 889.821 662.966 9681.27
GPRESSURE: 140000 -139.967 229.542 -100.616 -394.378 643.716 -108.67 1147.36 632.684 9725.47
PRESSAVG: 140000 777.602 16.6937 23.1913 31.0295 756.924 22.2948 1166.43 474.467 9465.81
GPRESSAVG: 140000 777.519 16.7891 23.5439 30.9615 756.592 22.46 1166.27 474.641 9465.74
ENERGY:  140000         0.0000         0.0000         0.0000         0.0000          -5605.2618       423.7838         0.0000         0.0000       934.9856          -4246.4923       297.0367     -5181.4779     -4245.2980       299.4932           3385.2899      3409.7391     22741.3648      3666.7784      3666.6169

LDB: ============= START OF LOAD BALANCING ============== 495.928
LDB: ============== END OF LOAD BALANCING =============== 495.928
Info: useSync: 0 useProxySync: 0
LDB: =============== DONE WITH MIGRATION ================ 495.928
LDB: ============= START OF LOAD BALANCING ============== 496.069
LDB: Largest compute 17 load 0.010151 is 16.9% of average load 0.060034
LDB: Average compute 0.002347 is 3.9% of average load 0.060034
LDB: TIME 496.07 LOAD: AVG 0.0600335 MAX 0.134859  PROXIES: TOTAL 28 MAXPE 3 MAXPATCH 5 None MEM: 0.260292 MB
LDB: TIME 496.07 LOAD: AVG 0.0600335 MAX 0.134859  PROXIES: TOTAL 32 MAXPE 5 MAXPATCH 6 RefineTorusLB MEM: 0.260292 MB
LDB: TIME 496.07 LOAD: AVG 0.0600335 MAX 0.134859  PROXIES: TOTAL 32 MAXPE 5 MAXPATCH 6 RefineTorusLB MEM: 0.260292 MB
LDB: Reverting to original mapping
LDB: ============== END OF LOAD BALANCING =============== 496.07
Info: useSync: 0 useProxySync: 0
LDB: =============== DONE WITH MIGRATION ================ 496.07
LDB: ============= START OF LOAD BALANCING ============== 501.596
LDB: ============== END OF LOAD BALANCING =============== 501.596
Info: useSync: 0 useProxySync: 0
LDB: =============== DONE WITH MIGRATION ================ 501.596
LDB: ============= START OF LOAD BALANCING ============== 501.738
LDB: Largest compute 224 load 0.009464 is 15.6% of average load 0.060482
LDB: Average compute 0.002371 is 3.9% of average load 0.060482
LDB: TIME 501.738 LOAD: AVG 0.0604815 MAX 0.13542  PROXIES: TOTAL 28 MAXPE 3 MAXPATCH 5 None MEM: 0.260292 MB
LDB: TIME 501.738 LOAD: AVG 0.0604815 MAX 0.13542  PROXIES: TOTAL 32 MAXPE 5 MAXPATCH 6 RefineTorusLB MEM: 0.260292 MB
LDB: TIME 501.738 LOAD: AVG 0.0604815 MAX 0.13542  PROXIES: TOTAL 32 MAXPE 5 MAXPATCH 6 RefineTorusLB MEM: 0.260292 MB
LDB: ============== END OF LOAD BALANCING =============== 501.738
Info: useSync: 0 useProxySync: 0
LDB: =============== DONE WITH MIGRATION ================ 501.738
LDB: ============= START OF LOAD BALANCING ============== 507.266
LDB: ============== END OF LOAD BALANCING =============== 507.29
Info: useSync: 0 useProxySync: 0
LDB: =============== DONE WITH MIGRATION ================ 507.29
LDB: ============= START OF LOAD BALANCING ============== 507.429
LDB: Largest compute 17 load 0.009799 is 16.4% of average load 0.059608
LDB: Average compute 0.002338 is 3.9% of average load 0.059608
LDB: TIME 507.429 LOAD: AVG 0.0596083 MAX 0.13289  PROXIES: TOTAL 28 MAXPE 3 MAXPATCH 5 None MEM: 0.260292 MB
LDB: TIME 507.429 LOAD: AVG 0.0596083 MAX 0.13289  PROXIES: TOTAL 32 MAXPE 5 MAXPATCH 6 RefineTorusLB MEM: 0.260292 MB
LDB: TIME 507.429 LOAD: AVG 0.0596083 MAX 0.13289  PROXIES: TOTAL 32 MAXPE 5 MAXPATCH 6 RefineTorusLB MEM: 0.260292 MB
LDB: Reverting to original mapping
LDB: ============== END OF LOAD BALANCING =============== 507.429
Info: useSync: 0 useProxySync: 0
LDB: =============== DONE WITH MIGRATION ================ 507.43
PRESSURE: 145000 167.615 -301.196 -683.661 87.0237 287.711 -205.759 195.904 246.973 9335.96
GPRESSURE: 145000 70.3058 -709.364 -391.143 187.695 327.762 -63.4059 21.7122 263.348 9400.48
PRESSAVG: 145000 840.771 -31.9452 39.3727 9.06032 778.644 -15.0797 738.524 496.982 9862.61
GPRESSAVG: 145000 840.725 -31.7443 38.8355 8.70923 778.498 -15.7584 738.675 497.023 9863.07
ENERGY:  145000         0.0000         0.0000         0.0000         0.0000          -5529.2654       402.8172         0.0000         0.0000       940.1556          -4186.2926       298.6792     -5126.4482     -4184.9093       301.9884           3263.7630      3266.1834     22741.3648      3827.3408      3827.4315

WRITING COORDINATES TO DCD FILE MD.dcd AT STEP 145000
LDB: ============= START OF LOAD BALANCING ============== 512.955
LDB: ============== END OF LOAD BALANCING =============== 512.955
Info: useSync: 0 useProxySync: 0
LDB: =============== DONE WITH MIGRATION ================ 512.955
LDB: ============= START OF LOAD BALANCING ============== 513.097
LDB: Largest compute 17 load 0.009393 is 15.6% of average load 0.060305
LDB: Average compute 0.002358 is 3.9% of average load 0.060305
LDB: TIME 513.097 LOAD: AVG 0.060305 MAX 0.135288  PROXIES: TOTAL 28 MAXPE 3 MAXPATCH 5 None MEM: 0.260292 MB
LDB: TIME 513.097 LOAD: AVG 0.060305 MAX 0.135288  PROXIES: TOTAL 32 MAXPE 5 MAXPATCH 6 RefineTorusLB MEM: 0.260292 MB
LDB: TIME 513.097 LOAD: AVG 0.060305 MAX 0.135288  PROXIES: TOTAL 32 MAXPE 5 MAXPATCH 6 RefineTorusLB MEM: 0.260292 MB
LDB: Reverting to original mapping
LDB: ============== END OF LOAD BALANCING =============== 513.097
Info: useSync: 0 useProxySync: 0
LDB: =============== DONE WITH MIGRATION ================ 513.097
LDB: ============= START OF LOAD BALANCING ============== 518.642
LDB: ============== END OF LOAD BALANCING =============== 518.642
Info: useSync: 0 useProxySync: 0
LDB: =============== DONE WITH MIGRATION ================ 518.642
LDB: ============= START OF LOAD BALANCING ============== 518.784
LDB: Largest compute 17 load 0.009654 is 16.0% of average load 0.060231
LDB: Average compute 0.002357 is 3.9% of average load 0.060231
LDB: TIME 518.784 LOAD: AVG 0.0602305 MAX 0.135399  PROXIES: TOTAL 28 MAXPE 3 MAXPATCH 5 None MEM: 0.260292 MB
LDB: TIME 518.784 LOAD: AVG 0.0602305 MAX 0.135399  PROXIES: TOTAL 32 MAXPE 5 MAXPATCH 6 RefineTorusLB MEM: 0.260292 MB
LDB: TIME 518.784 LOAD: AVG 0.0602305 MAX 0.135399  PROXIES: TOTAL 32 MAXPE 5 MAXPATCH 6 RefineTorusLB MEM: 0.260292 MB
LDB: ============== END OF LOAD BALANCING =============== 518.784
Info: useSync: 0 useProxySync: 0
LDB: =============== DONE WITH MIGRATION ================ 518.784
WRITING COORDINATES TO DCD FILE MD.dcd AT STEP 150000
WRITING COORDINATES TO RESTART FILE AT STEP 150000
FINISHED WRITING RESTART COORDINATES
PRESSURE: 150000 2019.9 721.827 -993.493 918.088 992.391 128.136 -1095.99 519.753 10365.4
GPRESSURE: 150000 2036.37 779.306 -1031.27 927.791 923.109 97.6697 -862.636 562.552 10449.5
PRESSAVG: 150000 343.367 -104.636 -12.5054 -16.8542 431.435 54.7534 255.798 539.52 9393.02
GPRESSAVG: 150000 343.277 -104.689 -12.0012 -16.5319 431.532 54.8014 255.636 540.019 9393.34
TIMING: 150000  CPU: 499.114, 0.00351778/step  Wall: 511.34, 0.00362611/step, 0.151088 hours remaining, 0.260292 MB of memory in use.
PERFORMANCE: 150000  averaging 50.691 ns/day, 0.00340889 sec/step with standard deviation 0.000441364
ETITLE:      TS           BOND          ANGLE          DIHED          IMPRP               ELECT            VDW       BOUNDARY           MISC        KINETIC               TOTAL           TEMP      POTENTIAL         TOTAL3        TEMPAVG            PRESSURE      GPRESSURE         VOLUME       PRESSAVG      GPRESSAVG

ENERGY:  150000         0.0000         0.0000         0.0000         0.0000          -5663.5876       485.2626         0.0000         0.0000      1011.8271          -4166.4979       321.4486     -5178.3250     -4164.9290       299.6448           4459.2360      4469.6670     22741.3648      3389.2748      3389.3841

WRITING EXTENDED SYSTEM TO RESTART FILE AT STEP 150000
WRITING VELOCITIES TO RESTART FILE AT STEP 150000
FINISHED WRITING RESTART VELOCITIES
The last velocity output (seq=150000) takes 0.000 seconds, 0.260 MB of memory in use
LDB: ============= START OF LOAD BALANCING ============== 524.336
LDB: ============== END OF LOAD BALANCING =============== 524.337
Info: useSync: 0 useProxySync: 0
LDB: =============== DONE WITH MIGRATION ================ 524.337
LDB: ============= START OF LOAD BALANCING ============== 524.479
LDB: Largest compute 17 load 0.008690 is 14.3% of average load 0.060936
LDB: Average compute 0.002392 is 3.9% of average load 0.060936
LDB: TIME 524.479 LOAD: AVG 0.0609362 MAX 0.135977  PROXIES: TOTAL 28 MAXPE 3 MAXPATCH 5 None MEM: 0.260292 MB
LDB: TIME 524.479 LOAD: AVG 0.0609362 MAX 0.135977  PROXIES: TOTAL 32 MAXPE 5 MAXPATCH 6 RefineTorusLB MEM: 0.260292 MB
LDB: TIME 524.479 LOAD: AVG 0.0609362 MAX 0.135977  PROXIES: TOTAL 32 MAXPE 5 MAXPATCH 6 RefineTorusLB MEM: 0.260292 MB
LDB: Reverting to original mapping
LDB: ============== END OF LOAD BALANCING =============== 524.479
Info: useSync: 0 useProxySync: 0
LDB: =============== DONE WITH MIGRATION ================ 524.48
LDB: ============= START OF LOAD BALANCING ============== 530.039
LDB: ============== END OF LOAD BALANCING =============== 530.039
Info: useSync: 0 useProxySync: 0
LDB: =============== DONE WITH MIGRATION ================ 530.039
LDB: ============= START OF LOAD BALANCING ============== 530.184
LDB: Largest compute 17 load 0.009676 is 16.0% of average load 0.060508
LDB: Average compute 0.002365 is 3.9% of average load 0.060508
LDB: TIME 530.184 LOAD: AVG 0.0605076 MAX 0.135505  PROXIES: TOTAL 28 MAXPE 3 MAXPATCH 5 None MEM: 0.260292 MB
LDB: TIME 530.184 LOAD: AVG 0.0605076 MAX 0.135505  PROXIES: TOTAL 32 MAXPE 5 MAXPATCH 6 RefineTorusLB MEM: 0.260292 MB
LDB: TIME 530.184 LOAD: AVG 0.0605076 MAX 0.135505  PROXIES: TOTAL 32 MAXPE 5 MAXPATCH 6 RefineTorusLB MEM: 0.260292 MB
LDB: ============== END OF LOAD BALANCING =============== 530.184
Info: useSync: 0 useProxySync: 0
LDB: =============== DONE WITH MIGRATION ================ 530.184
LDB: ============= START OF LOAD BALANCING ============== 535.73
LDB: ============== END OF LOAD BALANCING =============== 535.731
Info: useSync: 0 useProxySync: 0
LDB: =============== DONE WITH MIGRATION ================ 535.731
LDB: ============= START OF LOAD BALANCING ============== 535.872
LDB: Largest compute 17 load 0.009137 is 15.2% of average load 0.060216
LDB: Average compute 0.002359 is 3.9% of average load 0.060216
LDB: TIME 535.872 LOAD: AVG 0.0602161 MAX 0.135158  PROXIES: TOTAL 28 MAXPE 3 MAXPATCH 5 None MEM: 0.260292 MB
LDB: TIME 535.872 LOAD: AVG 0.0602161 MAX 0.135158  PROXIES: TOTAL 32 MAXPE 5 MAXPATCH 6 RefineTorusLB MEM: 0.260292 MB
LDB: TIME 535.873 LOAD: AVG 0.0602161 MAX 0.135158  PROXIES: TOTAL 32 MAXPE 5 MAXPATCH 6 RefineTorusLB MEM: 0.260292 MB
LDB: Reverting to original mapping
LDB: ============== END OF LOAD BALANCING =============== 535.873
Info: useSync: 0 useProxySync: 0
LDB: =============== DONE WITH MIGRATION ================ 535.873
PRESSURE: 155000 236.912 454.627 500.739 849.762 1594.16 820.306 -106.859 1080.23 8573.49
GPRESSURE: 155000 164.466 292.157 556.818 964.286 1809.46 795.969 -328.019 999.024 8471.98
PRESSAVG: 155000 597.971 27.0597 61.0019 -1.59132 512.005 -18.1708 110.483 401.362 9678.66
GPRESSAVG: 155000 598.285 27.0396 60.6913 -1.91334 511.941 -18.5059 110.605 401.278 9678.77
ENERGY:  155000         0.0000         0.0000         0.0000         0.0000          -5650.0116       447.0055         0.0000         0.0000       953.8755          -4249.1306       303.0379     -5203.0061     -4246.9134       303.4202           3468.1870      3481.9667     22741.3648      3596.2127      3596.3336

WRITING COORDINATES TO DCD FILE MD.dcd AT STEP 155000
LDB: ============= START OF LOAD BALANCING ============== 541.397
LDB: ============== END OF LOAD BALANCING =============== 541.397
Info: useSync: 0 useProxySync: 0
LDB: =============== DONE WITH MIGRATION ================ 541.397
LDB: ============= START OF LOAD BALANCING ============== 541.538
LDB: Largest compute 17 load 0.010490 is 17.4% of average load 0.060177
LDB: Average compute 0.002358 is 3.9% of average load 0.060177
LDB: TIME 541.539 LOAD: AVG 0.0601775 MAX 0.135115  PROXIES: TOTAL 28 MAXPE 3 MAXPATCH 5 None MEM: 0.260292 MB
LDB: TIME 541.539 LOAD: AVG 0.0601775 MAX 0.135115  PROXIES: TOTAL 32 MAXPE 5 MAXPATCH 6 RefineTorusLB MEM: 0.260292 MB
LDB: TIME 541.539 LOAD: AVG 0.0601775 MAX 0.135115  PROXIES: TOTAL 32 MAXPE 5 MAXPATCH 6 RefineTorusLB MEM: 0.260292 MB
LDB: ============== END OF LOAD BALANCING =============== 541.539
Info: useSync: 0 useProxySync: 0
LDB: =============== DONE WITH MIGRATION ================ 541.539
LDB: ============= START OF LOAD BALANCING ============== 547.07
LDB: ============== END OF LOAD BALANCING =============== 547.07
Info: useSync: 0 useProxySync: 0
LDB: =============== DONE WITH MIGRATION ================ 547.07
LDB: ============= START OF LOAD BALANCING ============== 547.211
LDB: Largest compute 224 load 0.009384 is 15.5% of average load 0.060438
LDB: Average compute 0.002373 is 3.9% of average load 0.060438
LDB: TIME 547.211 LOAD: AVG 0.0604377 MAX 0.134826  PROXIES: TOTAL 28 MAXPE 3 MAXPATCH 5 None MEM: 0.260292 MB
LDB: TIME 547.212 LOAD: AVG 0.0604377 MAX 0.134826  PROXIES: TOTAL 32 MAXPE 5 MAXPATCH 6 RefineTorusLB MEM: 0.260292 MB
LDB: TIME 547.212 LOAD: AVG 0.0604377 MAX 0.134826  PROXIES: TOTAL 32 MAXPE 5 MAXPATCH 6 RefineTorusLB MEM: 0.260292 MB
LDB: ============== END OF LOAD BALANCING =============== 547.212
Info: useSync: 0 useProxySync: 0
LDB: =============== DONE WITH MIGRATION ================ 547.212
PRESSURE: 160000 -87.4179 -463.258 -462.749 -196.998 -376.647 -629.602 -952.531 166.305 9992.06
GPRESSURE: 160000 177.542 -528.126 -513.72 -317.942 -481.018 -470.236 -982.699 20.5157 9805.89
PRESSAVG: 160000 445.298 42.9445 -2.09337 20.8149 465.526 3.51118 -262.845 641.253 10079.6
GPRESSAVG: 160000 444.711 42.6881 -1.51935 21.0095 465.82 4.02836 -262.924 640.65 10080
ENERGY:  160000         0.0000         0.0000         0.0000         0.0000          -5641.3928       403.6573         0.0000         0.0000       922.1327          -4315.6028       292.9535     -5237.7356     -4314.1055       299.3602           3175.9998      3167.4719     22741.3648      3663.4584      3663.4941

WRITING COORDINATES TO DCD FILE MD.dcd AT STEP 160000
LDB: ============= START OF LOAD BALANCING ============== 552.786
LDB: ============== END OF LOAD BALANCING =============== 552.786
Info: useSync: 0 useProxySync: 0
LDB: =============== DONE WITH MIGRATION ================ 552.786
LDB: ============= START OF LOAD BALANCING ============== 552.928
LDB: Largest compute 223 load 0.009473 is 15.6% of average load 0.060553
LDB: Average compute 0.002378 is 3.9% of average load 0.060553
LDB: TIME 552.928 LOAD: AVG 0.0605532 MAX 0.135058  PROXIES: TOTAL 28 MAXPE 3 MAXPATCH 5 None MEM: 0.260292 MB
LDB: TIME 552.928 LOAD: AVG 0.0605532 MAX 0.135058  PROXIES: TOTAL 32 MAXPE 5 MAXPATCH 6 RefineTorusLB MEM: 0.260292 MB
LDB: TIME 552.928 LOAD: AVG 0.0605532 MAX 0.135058  PROXIES: TOTAL 32 MAXPE 5 MAXPATCH 6 RefineTorusLB MEM: 0.260292 MB
LDB: ============== END OF LOAD BALANCING =============== 552.928
Info: useSync: 0 useProxySync: 0
LDB: =============== DONE WITH MIGRATION ================ 552.929
LDB: ============= START OF LOAD BALANCING ============== 558.455
LDB: ============== END OF LOAD BALANCING =============== 558.455
Info: useSync: 0 useProxySync: 0
LDB: =============== DONE WITH MIGRATION ================ 558.458
LDB: ============= START OF LOAD BALANCING ============== 558.6
LDB: Largest compute 223 load 0.008999 is 14.8% of average load 0.060735
LDB: Average compute 0.002382 is 3.9% of average load 0.060735
LDB: TIME 558.6 LOAD: AVG 0.0607348 MAX 0.135659  PROXIES: TOTAL 28 MAXPE 3 MAXPATCH 5 None MEM: 0.260292 MB
LDB: TIME 558.6 LOAD: AVG 0.0607348 MAX 0.135659  PROXIES: TOTAL 32 MAXPE 5 MAXPATCH 6 RefineTorusLB MEM: 0.260292 MB
LDB: TIME 558.6 LOAD: AVG 0.0607348 MAX 0.135659  PROXIES: TOTAL 32 MAXPE 5 MAXPATCH 6 RefineTorusLB MEM: 0.260292 MB
LDB: ============== END OF LOAD BALANCING =============== 558.6
Info: useSync: 0 useProxySync: 0
LDB: =============== DONE WITH MIGRATION ================ 558.6
LDB: ============= START OF LOAD BALANCING ============== 564.125
LDB: ============== END OF LOAD BALANCING =============== 564.125
Info: useSync: 0 useProxySync: 0
LDB: =============== DONE WITH MIGRATION ================ 564.125
LDB: ============= START OF LOAD BALANCING ============== 564.267
LDB: Largest compute 17 load 0.010202 is 16.7% of average load 0.060924
LDB: Average compute 0.002394 is 3.9% of average load 0.060924
LDB: TIME 564.267 LOAD: AVG 0.060924 MAX 0.135598  PROXIES: TOTAL 28 MAXPE 3 MAXPATCH 5 None MEM: 0.260292 MB
LDB: TIME 564.267 LOAD: AVG 0.060924 MAX 0.135598  PROXIES: TOTAL 32 MAXPE 5 MAXPATCH 6 RefineTorusLB MEM: 0.260292 MB
LDB: TIME 564.267 LOAD: AVG 0.060924 MAX 0.135598  PROXIES: TOTAL 32 MAXPE 5 MAXPATCH 6 RefineTorusLB MEM: 0.260292 MB
LDB: ============== END OF LOAD BALANCING =============== 564.267
Info: useSync: 0 useProxySync: 0
LDB: =============== DONE WITH MIGRATION ================ 564.267
PRESSURE: 165000 1012.2 -375.899 58.3417 -182.657 -290.611 210.906 0.706696 1221.28 12228.9
GPRESSURE: 165000 1036.57 -296.987 -7.12099 -244.669 -148.107 191.744 313.567 1237.27 12135.4
PRESSAVG: 165000 637.017 -4.13727 -15.4025 1.81649 655.746 -5.13765 -365.984 625.424 10122.4
GPRESSAVG: 165000 636.811 -4.32514 -15.4658 1.73657 655.895 -5.31939 -366.412 625.644 10122.4
ENERGY:  165000         0.0000         0.0000         0.0000         0.0000          -5624.4719       475.2049         0.0000         0.0000       958.3333          -4190.9338       304.4541     -5149.2671     -4188.7167       298.5504           4316.8360      4341.2796     22741.3648      3805.0489      3805.0460

WRITING COORDINATES TO DCD FILE MD.dcd AT STEP 165000
LDB: ============= START OF LOAD BALANCING ============== 569.795
LDB: ============== END OF LOAD BALANCING =============== 569.795
Info: useSync: 0 useProxySync: 0
LDB: =============== DONE WITH MIGRATION ================ 569.795
LDB: ============= START OF LOAD BALANCING ============== 569.936
LDB: Largest compute 17 load 0.010205 is 16.8% of average load 0.060659
LDB: Average compute 0.002386 is 3.9% of average load 0.060659
LDB: TIME 569.937 LOAD: AVG 0.060659 MAX 0.134612  PROXIES: TOTAL 28 MAXPE 3 MAXPATCH 5 None MEM: 0.260292 MB
LDB: TIME 569.937 LOAD: AVG 0.060659 MAX 0.134612  PROXIES: TOTAL 32 MAXPE 5 MAXPATCH 6 RefineTorusLB MEM: 0.260292 MB
LDB: TIME 569.937 LOAD: AVG 0.060659 MAX 0.134612  PROXIES: TOTAL 32 MAXPE 5 MAXPATCH 6 RefineTorusLB MEM: 0.260292 MB
LDB: ============== END OF LOAD BALANCING =============== 569.937
Info: useSync: 0 useProxySync: 0
LDB: =============== DONE WITH MIGRATION ================ 569.937
LDB: ============= START OF LOAD BALANCING ============== 575.462
LDB: ============== END OF LOAD BALANCING =============== 575.473
Info: useSync: 0 useProxySync: 0
LDB: =============== DONE WITH MIGRATION ================ 575.473
LDB: ============= START OF LOAD BALANCING ============== 575.614
LDB: Largest compute 17 load 0.009486 is 15.7% of average load 0.060482
LDB: Average compute 0.002377 is 3.9% of average load 0.060482
LDB: TIME 575.614 LOAD: AVG 0.0604824 MAX 0.134512  PROXIES: TOTAL 28 MAXPE 3 MAXPATCH 5 None MEM: 0.260292 MB
LDB: TIME 575.614 LOAD: AVG 0.0604824 MAX 0.134512  PROXIES: TOTAL 32 MAXPE 5 MAXPATCH 6 RefineTorusLB MEM: 0.260292 MB
LDB: TIME 575.614 LOAD: AVG 0.0604824 MAX 0.134512  PROXIES: TOTAL 32 MAXPE 5 MAXPATCH 6 RefineTorusLB MEM: 0.260292 MB
LDB: Reverting to original mapping
LDB: ============== END OF LOAD BALANCING =============== 575.614
Info: useSync: 0 useProxySync: 0
LDB: =============== DONE WITH MIGRATION ================ 575.615
PRESSURE: 170000 637.131 370.947 207.458 -71.2156 659.823 585.21 -908.735 1312.17 9361.04
GPRESSURE: 170000 556.588 362.342 185.072 74.7042 786.286 317.354 -992.484 1492.29 9407.93
PRESSAVG: 170000 628.704 -32.6999 14.4817 -65.565 564.062 -8.38453 -425.551 803.766 9687.83
GPRESSAVG: 170000 628.807 -32.5918 14.4769 -65.5268 563.663 -8.21968 -425.884 803.874 9688.51
ENERGY:  170000         0.0000         0.0000         0.0000         0.0000          -5535.1201       387.4577         0.0000         0.0000       974.5611          -4173.1013       309.6095     -5147.6624     -4170.1594       307.7648           3552.6632      3583.6013     22741.3648      3626.8663      3626.9935

WRITING COORDINATES TO DCD FILE MD.dcd AT STEP 170000
LDB: ============= START OF LOAD BALANCING ============== 581.422
LDB: ============== END OF LOAD BALANCING =============== 581.422
Info: useSync: 0 useProxySync: 0
LDB: =============== DONE WITH MIGRATION ================ 581.422
LDB: ============= START OF LOAD BALANCING ============== 581.564
LDB: Largest compute 17 load 0.009853 is 16.2% of average load 0.060930
LDB: Average compute 0.002396 is 3.9% of average load 0.060930
LDB: TIME 581.564 LOAD: AVG 0.0609301 MAX 0.135173  PROXIES: TOTAL 28 MAXPE 3 MAXPATCH 5 None MEM: 0.260292 MB
LDB: TIME 581.564 LOAD: AVG 0.0609301 MAX 0.135173  PROXIES: TOTAL 32 MAXPE 5 MAXPATCH 6 RefineTorusLB MEM: 0.260292 MB
LDB: TIME 581.564 LOAD: AVG 0.0609301 MAX 0.135173  PROXIES: TOTAL 32 MAXPE 5 MAXPATCH 6 RefineTorusLB MEM: 0.260292 MB
LDB: ============== END OF LOAD BALANCING =============== 581.564
Info: useSync: 0 useProxySync: 0
LDB: =============== DONE WITH MIGRATION ================ 581.564
LDB: ============= START OF LOAD BALANCING ============== 587.154
LDB: ============== END OF LOAD BALANCING =============== 587.154
Info: useSync: 0 useProxySync: 0
LDB: =============== DONE WITH MIGRATION ================ 587.154
LDB: ============= START OF LOAD BALANCING ============== 587.296
LDB: Largest compute 17 load 0.009770 is 16.0% of average load 0.061046
LDB: Average compute 0.002399 is 3.9% of average load 0.061046
LDB: TIME 587.296 LOAD: AVG 0.061046 MAX 0.135251  PROXIES: TOTAL 28 MAXPE 3 MAXPATCH 5 None MEM: 0.260292 MB
LDB: TIME 587.296 LOAD: AVG 0.061046 MAX 0.135251  PROXIES: TOTAL 32 MAXPE 5 MAXPATCH 6 RefineTorusLB MEM: 0.260292 MB
LDB: TIME 587.296 LOAD: AVG 0.061046 MAX 0.135251  PROXIES: TOTAL 32 MAXPE 5 MAXPATCH 6 RefineTorusLB MEM: 0.260292 MB
LDB: ============== END OF LOAD BALANCING =============== 587.296
Info: useSync: 0 useProxySync: 0
LDB: =============== DONE WITH MIGRATION ================ 587.296
LDB: ============= START OF LOAD BALANCING ============== 592.816
LDB: ============== END OF LOAD BALANCING =============== 592.816
Info: useSync: 0 useProxySync: 0
LDB: =============== DONE WITH MIGRATION ================ 592.816
LDB: ============= START OF LOAD BALANCING ============== 592.958
LDB: Largest compute 17 load 0.009737 is 16.1% of average load 0.060543
LDB: Average compute 0.002376 is 3.9% of average load 0.060543
LDB: TIME 592.958 LOAD: AVG 0.0605432 MAX 0.134699  PROXIES: TOTAL 28 MAXPE 3 MAXPATCH 5 None MEM: 0.260292 MB
LDB: TIME 592.958 LOAD: AVG 0.0605432 MAX 0.134699  PROXIES: TOTAL 32 MAXPE 5 MAXPATCH 6 RefineTorusLB MEM: 0.260292 MB
LDB: TIME 592.958 LOAD: AVG 0.0605432 MAX 0.134699  PROXIES: TOTAL 32 MAXPE 5 MAXPATCH 6 RefineTorusLB MEM: 0.260292 MB
LDB: ============== END OF LOAD BALANCING =============== 592.958
Info: useSync: 0 useProxySync: 0
LDB: =============== DONE WITH MIGRATION ================ 592.958
PRESSURE: 175000 296.395 237.534 -12.9185 49.7509 893.964 -100.619 -1534.91 1930.53 9159.94
GPRESSURE: 175000 158.892 183.874 -177.067 284.089 973.096 -11.6981 -1306.9 1927.93 9260.01
PRESSAVG: 175000 693.29 14.2773 71.1296 -29.0547 562.765 18.6897 -917.121 1152.62 9852.38
GPRESSAVG: 175000 693.427 14.5445 70.8985 -29.1595 562.952 19.0741 -916.35 1152.58 9852.3
ENERGY:  175000         0.0000         0.0000         0.0000         0.0000          -5512.0946       388.0380         0.0000         0.0000       948.7382          -4175.3184       301.4058     -5124.0566     -4173.1100       303.0243           3450.0999      3464.0007     22741.3648      3702.8114      3702.8922

WRITING COORDINATES TO DCD FILE MD.dcd AT STEP 175000
LDB: ============= START OF LOAD BALANCING ============== 598.493
LDB: ============== END OF LOAD BALANCING =============== 598.493
Info: useSync: 0 useProxySync: 0
LDB: =============== DONE WITH MIGRATION ================ 598.493
LDB: ============= START OF LOAD BALANCING ============== 598.636
LDB: Largest compute 17 load 0.010344 is 16.8% of average load 0.061515
LDB: Average compute 0.002422 is 3.9% of average load 0.061515
LDB: TIME 598.636 LOAD: AVG 0.0615154 MAX 0.13607  PROXIES: TOTAL 28 MAXPE 3 MAXPATCH 5 None MEM: 0.260292 MB
LDB: TIME 598.636 LOAD: AVG 0.0615154 MAX 0.13607  PROXIES: TOTAL 32 MAXPE 5 MAXPATCH 6 RefineTorusLB MEM: 0.260292 MB
LDB: TIME 598.636 LOAD: AVG 0.0615154 MAX 0.13607  PROXIES: TOTAL 32 MAXPE 5 MAXPATCH 6 RefineTorusLB MEM: 0.260292 MB
LDB: Reverting to original mapping
LDB: ============== END OF LOAD BALANCING =============== 598.636
Info: useSync: 0 useProxySync: 0
LDB: =============== DONE WITH MIGRATION ================ 598.636
LDB: ============= START OF LOAD BALANCING ============== 604.165
LDB: ============== END OF LOAD BALANCING =============== 604.165
Info: useSync: 0 useProxySync: 0
LDB: =============== DONE WITH MIGRATION ================ 604.165
LDB: ============= START OF LOAD BALANCING ============== 604.307
LDB: Largest compute 17 load 0.010442 is 17.1% of average load 0.061121
LDB: Average compute 0.002403 is 3.9% of average load 0.061121
LDB: TIME 604.307 LOAD: AVG 0.0611214 MAX 0.135677  PROXIES: TOTAL 28 MAXPE 3 MAXPATCH 5 None MEM: 0.260292 MB
LDB: TIME 604.307 LOAD: AVG 0.0611214 MAX 0.135677  PROXIES: TOTAL 32 MAXPE 5 MAXPATCH 6 RefineTorusLB MEM: 0.260292 MB
LDB: TIME 604.307 LOAD: AVG 0.0611214 MAX 0.135677  PROXIES: TOTAL 32 MAXPE 5 MAXPATCH 6 RefineTorusLB MEM: 0.260292 MB
LDB: ============== END OF LOAD BALANCING =============== 604.308
Info: useSync: 0 useProxySync: 0
LDB: =============== DONE WITH MIGRATION ================ 604.308
WRITING COORDINATES TO DCD FILE MD.dcd AT STEP 180000
PRESSURE: 180000 316.991 -230.251 -197.779 131.768 433.093 728.097 -1637.6 1208.46 13005.9
GPRESSURE: 180000 466.798 -28.8169 -130.351 -22.4508 226.959 627.941 -1566.59 1521.91 13107.2
PRESSAVG: 180000 632.128 -6.25936 39.6594 -37.4625 619.744 0.490171 -880.432 1090.9 10732.3
GPRESSAVG: 180000 632.19 -6.56651 39.9492 -37.2153 619.531 0.233722 -880.73 1090.84 10732.5
ENERGY:  180000         0.0000         0.0000         0.0000         0.0000          -5595.4700       453.8605         0.0000         0.0000       985.0444          -4156.5651       312.9399     -5141.6095     -4154.5222       308.9169           4585.3208      4600.3137     22741.3648      3994.7200      3994.7481

LDB: ============= START OF LOAD BALANCING ============== 609.845
LDB: ============== END OF LOAD BALANCING =============== 609.845
Info: useSync: 0 useProxySync: 0
LDB: =============== DONE WITH MIGRATION ================ 609.845
LDB: ============= START OF LOAD BALANCING ============== 609.986
LDB: Largest compute 17 load 0.010585 is 17.6% of average load 0.060285
LDB: Average compute 0.002363 is 3.9% of average load 0.060285
LDB: TIME 609.986 LOAD: AVG 0.0602854 MAX 0.13471  PROXIES: TOTAL 28 MAXPE 3 MAXPATCH 5 None MEM: 0.260292 MB
LDB: TIME 609.987 LOAD: AVG 0.0602854 MAX 0.13471  PROXIES: TOTAL 32 MAXPE 5 MAXPATCH 6 RefineTorusLB MEM: 0.260292 MB
LDB: TIME 609.987 LOAD: AVG 0.0602854 MAX 0.13471  PROXIES: TOTAL 32 MAXPE 5 MAXPATCH 6 RefineTorusLB MEM: 0.260292 MB
LDB: ============== END OF LOAD BALANCING =============== 609.987
Info: useSync: 0 useProxySync: 0
LDB: =============== DONE WITH MIGRATION ================ 609.987
LDB: ============= START OF LOAD BALANCING ============== 615.582
LDB: ============== END OF LOAD BALANCING =============== 615.582
Info: useSync: 0 useProxySync: 0
LDB: =============== DONE WITH MIGRATION ================ 615.582
LDB: ============= START OF LOAD BALANCING ============== 615.724
LDB: Largest compute 17 load 0.010879 is 17.9% of average load 0.060634
LDB: Average compute 0.002377 is 3.9% of average load 0.060634
LDB: TIME 615.724 LOAD: AVG 0.0606337 MAX 0.135343  PROXIES: TOTAL 28 MAXPE 3 MAXPATCH 5 None MEM: 0.260292 MB
LDB: TIME 615.724 LOAD: AVG 0.0606337 MAX 0.135343  PROXIES: TOTAL 32 MAXPE 5 MAXPATCH 6 RefineTorusLB MEM: 0.260292 MB
LDB: TIME 615.724 LOAD: AVG 0.0606337 MAX 0.135343  PROXIES: TOTAL 32 MAXPE 5 MAXPATCH 6 RefineTorusLB MEM: 0.260292 MB
LDB: Reverting to original mapping
LDB: ============== END OF LOAD BALANCING =============== 615.724
Info: useSync: 0 useProxySync: 0
LDB: =============== DONE WITH MIGRATION ================ 615.724
LDB: ============= START OF LOAD BALANCING ============== 621.31
LDB: ============== END OF LOAD BALANCING =============== 621.31
Info: useSync: 0 useProxySync: 0
LDB: =============== DONE WITH MIGRATION ================ 621.31
LDB: ============= START OF LOAD BALANCING ============== 621.453
LDB: Largest compute 17 load 0.010184 is 16.7% of average load 0.060827
LDB: Average compute 0.002385 is 3.9% of average load 0.060827
LDB: TIME 621.453 LOAD: AVG 0.0608272 MAX 0.135836  PROXIES: TOTAL 28 MAXPE 3 MAXPATCH 5 None MEM: 0.260292 MB
LDB: TIME 621.453 LOAD: AVG 0.0608272 MAX 0.135836  PROXIES: TOTAL 32 MAXPE 5 MAXPATCH 6 RefineTorusLB MEM: 0.260292 MB
LDB: TIME 621.453 LOAD: AVG 0.0608272 MAX 0.135836  PROXIES: TOTAL 32 MAXPE 5 MAXPATCH 6 RefineTorusLB MEM: 0.260292 MB
LDB: Reverting to original mapping
LDB: ============== END OF LOAD BALANCING =============== 621.453
Info: useSync: 0 useProxySync: 0
LDB: =============== DONE WITH MIGRATION ================ 621.453
PRESSURE: 185000 2372.19 45.0167 -374.005 -390.683 1049.29 504.894 -1030.86 1577.94 13028.7
GPRESSURE: 185000 2419.36 393.108 -383.826 -408.846 877.69 352.354 -977.94 1786.13 13147.9
PRESSAVG: 185000 567.261 90.2866 95.8728 45.0292 547.201 -28.4855 -672.53 1209.1 11468
GPRESSAVG: 185000 567.507 90.5989 96.1771 44.6792 547.551 -28.2692 -673.426 1208.9 11468.1
ENERGY:  185000         0.0000         0.0000         0.0000         0.0000          -5637.5388       488.4377         0.0000         0.0000       940.6291          -4208.4720       298.8296     -5149.1011     -4205.4603       298.8512           5483.4035      5481.6622     22741.3648      4194.1449      4194.3784

WRITING COORDINATES TO DCD FILE MD.dcd AT STEP 185000
LDB: ============= START OF LOAD BALANCING ============== 627.026
LDB: ============== END OF LOAD BALANCING =============== 627.026
Info: useSync: 0 useProxySync: 0
LDB: =============== DONE WITH MIGRATION ================ 627.026
LDB: ============= START OF LOAD BALANCING ============== 627.168
LDB: Largest compute 17 load 0.009823 is 16.1% of average load 0.061094
LDB: Average compute 0.002402 is 3.9% of average load 0.061094
LDB: TIME 627.168 LOAD: AVG 0.0610935 MAX 0.135376  PROXIES: TOTAL 28 MAXPE 3 MAXPATCH 5 None MEM: 0.260292 MB
LDB: TIME 627.168 LOAD: AVG 0.0610935 MAX 0.135376  PROXIES: TOTAL 32 MAXPE 5 MAXPATCH 6 RefineTorusLB MEM: 0.260292 MB
LDB: TIME 627.168 LOAD: AVG 0.0610935 MAX 0.135376  PROXIES: TOTAL 32 MAXPE 5 MAXPATCH 6 RefineTorusLB MEM: 0.260292 MB
LDB: ============== END OF LOAD BALANCING =============== 627.168
Info: useSync: 0 useProxySync: 0
LDB: =============== DONE WITH MIGRATION ================ 627.169
LDB: ============= START OF LOAD BALANCING ============== 633.222
LDB: ============== END OF LOAD BALANCING =============== 633.222
Info: useSync: 0 useProxySync: 0
LDB: =============== DONE WITH MIGRATION ================ 633.222
LDB: ============= START OF LOAD BALANCING ============== 633.366
LDB: Largest compute 17 load 0.009276 is 15.3% of average load 0.060515
LDB: Average compute 0.002358 is 3.9% of average load 0.060515
LDB: TIME 633.367 LOAD: AVG 0.060515 MAX 0.137054  PROXIES: TOTAL 28 MAXPE 3 MAXPATCH 5 None MEM: 0.260292 MB
LDB: TIME 633.367 LOAD: AVG 0.060515 MAX 0.137054  PROXIES: TOTAL 32 MAXPE 5 MAXPATCH 6 RefineTorusLB MEM: 0.260292 MB
LDB: TIME 633.367 LOAD: AVG 0.060515 MAX 0.137054  PROXIES: TOTAL 32 MAXPE 5 MAXPATCH 6 RefineTorusLB MEM: 0.260292 MB
LDB: ============== END OF LOAD BALANCING =============== 633.367
Info: useSync: 0 useProxySync: 0
LDB: =============== DONE WITH MIGRATION ================ 633.367
WRITING COORDINATES TO DCD FILE MD.dcd AT STEP 190000
PRESSURE: 190000 1331.26 -149.076 -320.148 82.8981 416.77 -594.832 -1958.79 1256.08 11944.9
GPRESSURE: 190000 1354.95 -12.2357 -536.445 245.971 398.115 -417.014 -1780.13 1133.55 11972
PRESSAVG: 190000 634.462 30.3434 75.8536 -8.87784 662.149 15.7774 -1004.36 1278.39 12033.8
GPRESSAVG: 190000 634.164 29.9686 75.7507 -8.52329 662.519 15.0275 -1004.3 1278.37 12033.8
ENERGY:  190000         0.0000         0.0000         0.0000         0.0000          -5597.4427       445.3519         0.0000         0.0000       948.9024          -4203.1884       301.4580     -5152.0908     -4201.8500       304.8569           4564.3018      4575.0190     22741.3648      4443.4672      4443.4908

LDB: ============= START OF LOAD BALANCING ============== 640.389
LDB: ============== END OF LOAD BALANCING =============== 640.389
Info: useSync: 0 useProxySync: 0
LDB: =============== DONE WITH MIGRATION ================ 640.389
LDB: ============= START OF LOAD BALANCING ============== 640.531
LDB: Largest compute 17 load 0.009981 is 16.8% of average load 0.059361
LDB: Average compute 0.002321 is 3.9% of average load 0.059361
LDB: TIME 640.531 LOAD: AVG 0.0593609 MAX 0.135063  PROXIES: TOTAL 28 MAXPE 3 MAXPATCH 5 None MEM: 0.260292 MB
LDB: TIME 640.531 LOAD: AVG 0.0593609 MAX 0.135063  PROXIES: TOTAL 32 MAXPE 5 MAXPATCH 6 RefineTorusLB MEM: 0.260292 MB
LDB: TIME 640.531 LOAD: AVG 0.0593609 MAX 0.135063  PROXIES: TOTAL 32 MAXPE 5 MAXPATCH 6 RefineTorusLB MEM: 0.260292 MB
LDB: Reverting to original mapping
LDB: ============== END OF LOAD BALANCING =============== 640.532
Info: useSync: 0 useProxySync: 0
LDB: =============== DONE WITH MIGRATION ================ 640.532
LDB: ============= START OF LOAD BALANCING ============== 646.305
LDB: ============== END OF LOAD BALANCING =============== 646.305
Info: useSync: 0 useProxySync: 0
LDB: =============== DONE WITH MIGRATION ================ 646.317
LDB: ============= START OF LOAD BALANCING ============== 646.527
LDB: Largest compute 17 load 0.009337 is 15.3% of average load 0.060878
LDB: Average compute 0.002353 is 3.9% of average load 0.060878
LDB: TIME 646.527 LOAD: AVG 0.0608776 MAX 0.134497  PROXIES: TOTAL 28 MAXPE 3 MAXPATCH 5 None MEM: 0.260292 MB
LDB: TIME 646.527 LOAD: AVG 0.0608776 MAX 0.134497  PROXIES: TOTAL 32 MAXPE 5 MAXPATCH 6 RefineTorusLB MEM: 0.260292 MB
LDB: TIME 646.527 LOAD: AVG 0.0608776 MAX 0.134497  PROXIES: TOTAL 32 MAXPE 5 MAXPATCH 6 RefineTorusLB MEM: 0.260292 MB
LDB: Reverting to original mapping
LDB: ============== END OF LOAD BALANCING =============== 646.527
Info: useSync: 0 useProxySync: 0
LDB: =============== DONE WITH MIGRATION ================ 646.527
LDB: ============= START OF LOAD BALANCING ============== 652.435
LDB: ============== END OF LOAD BALANCING =============== 652.435
Info: useSync: 0 useProxySync: 0
LDB: =============== DONE WITH MIGRATION ================ 652.435
LDB: ============= START OF LOAD BALANCING ============== 652.576
LDB: Largest compute 17 load 0.011104 is 18.1% of average load 0.061253
LDB: Average compute 0.002421 is 4.0% of average load 0.061253
LDB: TIME 652.576 LOAD: AVG 0.0612531 MAX 0.134698  PROXIES: TOTAL 28 MAXPE 3 MAXPATCH 5 None MEM: 0.260292 MB
LDB: TIME 652.576 LOAD: AVG 0.0612531 MAX 0.134698  PROXIES: TOTAL 32 MAXPE 5 MAXPATCH 6 RefineTorusLB MEM: 0.260292 MB
LDB: TIME 652.576 LOAD: AVG 0.0612531 MAX 0.134698  PROXIES: TOTAL 32 MAXPE 5 MAXPATCH 6 RefineTorusLB MEM: 0.260292 MB
LDB: Reverting to original mapping
LDB: ============== END OF LOAD BALANCING =============== 652.576
Info: useSync: 0 useProxySync: 0
LDB: =============== DONE WITH MIGRATION ================ 652.576
WRITING COORDINATES TO DCD FILE MD.dcd AT STEP 195000
PRESSURE: 195000 494.511 -495.97 173.034 -264.782 910.097 390.42 -1191.6 1041.14 12361.5
GPRESSURE: 195000 578.995 -534.69 -36.5295 -93.4301 966.93 199.886 -1068.31 1189.96 12267.6
PRESSAVG: 195000 642.902 36.4864 -5.02575 -61.4611 626.259 3.09615 -1250.83 799.117 12212.1
GPRESSAVG: 195000 642.764 36.7802 -5.23865 -62.074 626.182 2.85372 -1250.63 799.529 12212.1
ENERGY:  195000         0.0000         0.0000         0.0000         0.0000          -5662.2152       479.0206         0.0000         0.0000       955.2891          -4227.9056       303.4869     -5183.1946     -4225.6385       299.9701           4588.7161      4604.4937     22741.3648      4493.7579      4493.6755

LDB: ============= START OF LOAD BALANCING ============== 658.4
LDB: ============== END OF LOAD BALANCING =============== 658.4
Info: useSync: 0 useProxySync: 0
LDB: =============== DONE WITH MIGRATION ================ 658.4
LDB: ============= START OF LOAD BALANCING ============== 658.542
LDB: Largest compute 17 load 0.009304 is 15.3% of average load 0.060995
LDB: Average compute 0.002390 is 3.9% of average load 0.060995
LDB: TIME 658.543 LOAD: AVG 0.0609948 MAX 0.135405  PROXIES: TOTAL 28 MAXPE 3 MAXPATCH 5 None MEM: 0.260292 MB
LDB: TIME 658.543 LOAD: AVG 0.0609948 MAX 0.135405  PROXIES: TOTAL 32 MAXPE 5 MAXPATCH 6 RefineTorusLB MEM: 0.260292 MB
LDB: TIME 658.543 LOAD: AVG 0.0609948 MAX 0.135405  PROXIES: TOTAL 32 MAXPE 5 MAXPATCH 6 RefineTorusLB MEM: 0.260292 MB
LDB: ============== END OF LOAD BALANCING =============== 658.543
Info: useSync: 0 useProxySync: 0
LDB: =============== DONE WITH MIGRATION ================ 658.543
LDB: ============= START OF LOAD BALANCING ============== 664.161
LDB: ============== END OF LOAD BALANCING =============== 664.162
Info: useSync: 0 useProxySync: 0
LDB: =============== DONE WITH MIGRATION ================ 664.162
LDB: ============= START OF LOAD BALANCING ============== 664.305
LDB: Largest compute 17 load 0.008982 is 14.9% of average load 0.060362
LDB: Average compute 0.002353 is 3.9% of average load 0.060362
LDB: TIME 664.305 LOAD: AVG 0.0603621 MAX 0.136653  PROXIES: TOTAL 28 MAXPE 3 MAXPATCH 5 None MEM: 0.260292 MB
LDB: TIME 664.305 LOAD: AVG 0.0603621 MAX 0.136653  PROXIES: TOTAL 32 MAXPE 5 MAXPATCH 6 RefineTorusLB MEM: 0.260292 MB
LDB: TIME 664.305 LOAD: AVG 0.0603621 MAX 0.136653  PROXIES: TOTAL 32 MAXPE 5 MAXPATCH 6 RefineTorusLB MEM: 0.260292 MB
LDB: ============== END OF LOAD BALANCING =============== 664.305
Info: useSync: 0 useProxySync: 0
LDB: =============== DONE WITH MIGRATION ================ 664.306
WRITING COORDINATES TO DCD FILE MD.dcd AT STEP 200000
WRITING COORDINATES TO RESTART FILE AT STEP 200000
FINISHED WRITING RESTART COORDINATES
PRESSURE: 200000 2012.65 188.657 -156.229 274.393 1041.13 -405.35 -1151.22 957.434 12882
GPRESSURE: 200000 1850 335.896 -232.775 237.637 1159.74 -528.267 -1029.96 1113.86 12927.6
PRESSAVG: 200000 684.762 18.9368 37.6684 17.8649 666.104 -80.1241 -1278.7 824.198 12099.5
GPRESSAVG: 200000 684.703 18.7594 37.4341 17.9936 666.076 -80.0926 -1279 823.699 12099.8
TIMING: 200000  CPU: 644.232, 0.00290237/step  Wall: 657.096, 0.00291511/step, 0.0809754 hours remaining, 0.260292 MB of memory in use.
PERFORMANCE: 200000  averaging 52.5956 ns/day, 0.00328544 sec/step with standard deviation 0.000436831
ETITLE:      TS           BOND          ANGLE          DIHED          IMPRP               ELECT            VDW       BOUNDARY           MISC        KINETIC               TOTAL           TEMP      POTENTIAL         TOTAL3        TEMPAVG            PRESSURE      GPRESSURE         VOLUME       PRESSAVG      GPRESSAVG

ENERGY:  200000         0.0000         0.0000         0.0000         0.0000          -5714.6999       497.8587         0.0000         0.0000       945.2574          -4271.5837       300.3000     -5216.8412     -4267.6336       298.5897           5311.9188      5312.4417     22741.3648      4483.4448      4483.5279

WRITING EXTENDED SYSTEM TO RESTART FILE AT STEP 200000
WRITING VELOCITIES TO RESTART FILE AT STEP 200000
FINISHED WRITING RESTART VELOCITIES
The last velocity output (seq=200000) takes 0.000 seconds, 0.260 MB of memory in use
LDB: ============= START OF LOAD BALANCING ============== 670.098
LDB: ============== END OF LOAD BALANCING =============== 670.098
Info: useSync: 0 useProxySync: 0
LDB: =============== DONE WITH MIGRATION ================ 670.098
LDB: ============= START OF LOAD BALANCING ============== 670.25
LDB: Largest compute 253 load 0.009781 is 15.6% of average load 0.062509
LDB: Average compute 0.002431 is 3.9% of average load 0.062509
LDB: TIME 670.25 LOAD: AVG 0.0625093 MAX 0.141746  PROXIES: TOTAL 28 MAXPE 3 MAXPATCH 5 None MEM: 0.260292 MB
LDB: TIME 670.25 LOAD: AVG 0.0625093 MAX 0.141746  PROXIES: TOTAL 32 MAXPE 5 MAXPATCH 6 RefineTorusLB MEM: 0.260292 MB
LDB: TIME 670.25 LOAD: AVG 0.0625093 MAX 0.141746  PROXIES: TOTAL 32 MAXPE 5 MAXPATCH 6 RefineTorusLB MEM: 0.260292 MB
LDB: ============== END OF LOAD BALANCING =============== 670.25
Info: useSync: 0 useProxySync: 0
LDB: =============== DONE WITH MIGRATION ================ 670.251
LDB: ============= START OF LOAD BALANCING ============== 676.266
LDB: ============== END OF LOAD BALANCING =============== 676.266
Info: useSync: 0 useProxySync: 0
LDB: =============== DONE WITH MIGRATION ================ 676.266
LDB: ============= START OF LOAD BALANCING ============== 676.409
LDB: Largest compute 17 load 0.008812 is 14.6% of average load 0.060352
LDB: Average compute 0.002353 is 3.9% of average load 0.060352
LDB: TIME 676.409 LOAD: AVG 0.0603518 MAX 0.13616  PROXIES: TOTAL 28 MAXPE 3 MAXPATCH 5 None MEM: 0.260292 MB
LDB: TIME 676.41 LOAD: AVG 0.0603518 MAX 0.13616  PROXIES: TOTAL 32 MAXPE 5 MAXPATCH 6 RefineTorusLB MEM: 0.260292 MB
LDB: TIME 676.41 LOAD: AVG 0.0603518 MAX 0.13616  PROXIES: TOTAL 32 MAXPE 5 MAXPATCH 6 RefineTorusLB MEM: 0.260292 MB
LDB: ============== END OF LOAD BALANCING =============== 676.41
Info: useSync: 0 useProxySync: 0
LDB: =============== DONE WITH MIGRATION ================ 676.41
LDB: ============= START OF LOAD BALANCING ============== 682.049
LDB: ============== END OF LOAD BALANCING =============== 682.049
Info: useSync: 0 useProxySync: 0
LDB: =============== DONE WITH MIGRATION ================ 682.049
LDB: ============= START OF LOAD BALANCING ============== 682.193
LDB: Largest compute 17 load 0.009363 is 15.4% of average load 0.060740
LDB: Average compute 0.002369 is 3.9% of average load 0.060740
LDB: TIME 682.193 LOAD: AVG 0.0607399 MAX 0.136431  PROXIES: TOTAL 28 MAXPE 3 MAXPATCH 5 None MEM: 0.260292 MB
LDB: TIME 682.193 LOAD: AVG 0.0607399 MAX 0.136431  PROXIES: TOTAL 32 MAXPE 5 MAXPATCH 6 RefineTorusLB MEM: 0.260292 MB
LDB: TIME 682.193 LOAD: AVG 0.0607399 MAX 0.136431  PROXIES: TOTAL 32 MAXPE 5 MAXPATCH 6 RefineTorusLB MEM: 0.260292 MB
LDB: Reverting to original mapping
LDB: ============== END OF LOAD BALANCING =============== 682.193
Info: useSync: 0 useProxySync: 0
LDB: =============== DONE WITH MIGRATION ================ 682.193
WRITING COORDINATES TO DCD FILE MD.dcd AT STEP 205000
PRESSURE: 205000 1118.99 477.795 -656.478 35.0079 101.832 -219.309 -2295.95 139.443 12371.5
GPRESSURE: 205000 1070.73 271.743 -567.094 81.4709 185.853 -549.061 -2369.12 213.535 12411.8
PRESSAVG: 205000 705.082 -73.9625 75.3671 -63.5957 644.97 28.9418 -1009.83 886.226 12349.1
GPRESSAVG: 205000 704.995 -73.8355 75.0531 -64.0522 645.152 28.8959 -1009.47 886.33 12349.3
ENERGY:  205000         0.0000         0.0000         0.0000         0.0000          -5566.0769       440.4625         0.0000         0.0000       935.1777          -4190.4368       297.0977     -5125.6144     -4188.2852       300.6843           4530.7915      4556.1245     22741.3648      4566.3873      4566.4766

LDB: ============= START OF LOAD BALANCING ============== 687.815
LDB: ============== END OF LOAD BALANCING =============== 687.815
Info: useSync: 0 useProxySync: 0
LDB: =============== DONE WITH MIGRATION ================ 687.815
LDB: ============= START OF LOAD BALANCING ============== 687.959
LDB: Largest compute 17 load 0.009742 is 16.1% of average load 0.060591
LDB: Average compute 0.002360 is 3.9% of average load 0.060591
LDB: TIME 687.959 LOAD: AVG 0.0605913 MAX 0.136946  PROXIES: TOTAL 28 MAXPE 3 MAXPATCH 5 None MEM: 0.260292 MB
LDB: TIME 687.96 LOAD: AVG 0.0605913 MAX 0.136946  PROXIES: TOTAL 32 MAXPE 5 MAXPATCH 6 RefineTorusLB MEM: 0.260292 MB
LDB: TIME 687.96 LOAD: AVG 0.0605913 MAX 0.136946  PROXIES: TOTAL 32 MAXPE 5 MAXPATCH 6 RefineTorusLB MEM: 0.260292 MB
LDB: Reverting to original mapping
LDB: ============== END OF LOAD BALANCING =============== 687.96
Info: useSync: 0 useProxySync: 0
LDB: =============== DONE WITH MIGRATION ================ 687.96
LDB: ============= START OF LOAD BALANCING ============== 693.555
LDB: ============== END OF LOAD BALANCING =============== 693.555
Info: useSync: 0 useProxySync: 0
LDB: =============== DONE WITH MIGRATION ================ 693.555
LDB: ============= START OF LOAD BALANCING ============== 693.698
LDB: Largest compute 17 load 0.008865 is 14.6% of average load 0.060686
LDB: Average compute 0.002369 is 3.9% of average load 0.060686
LDB: TIME 693.698 LOAD: AVG 0.0606856 MAX 0.136165  PROXIES: TOTAL 28 MAXPE 3 MAXPATCH 5 None MEM: 0.260292 MB
LDB: TIME 693.698 LOAD: AVG 0.0606856 MAX 0.136165  PROXIES: TOTAL 32 MAXPE 5 MAXPATCH 6 RefineTorusLB MEM: 0.260292 MB
LDB: TIME 693.698 LOAD: AVG 0.0606856 MAX 0.136165  PROXIES: TOTAL 32 MAXPE 5 MAXPATCH 6 RefineTorusLB MEM: 0.260292 MB
LDB: ============== END OF LOAD BALANCING =============== 693.698
Info: useSync: 0 useProxySync: 0
LDB: =============== DONE WITH MIGRATION ================ 693.699
PRESSURE: 210000 799.685 466.616 -609.754 370.061 593.114 397.667 -1088.95 1133.78 12741.3
GPRESSURE: 210000 570.274 752.1 -550.164 181.548 492.561 71.905 -1145.19 1362.86 13154.8
PRESSAVG: 210000 642.976 10.9258 49.1709 15.3137 643.718 -96.6577 -1029.52 651.685 12709.4
GPRESSAVG: 210000 643.041 10.6752 49.2108 15.3745 643.59 -96.729 -1029.27 651.858 12709.4
ENERGY:  210000         0.0000         0.0000         0.0000         0.0000          -5656.8463       448.0467         0.0000         0.0000       958.9211          -4249.8785       304.6408     -5208.7996     -4248.2761       300.7800           4711.3694      4739.2203     22741.3648      4665.3619      4665.3554

WRITING COORDINATES TO DCD FILE MD.dcd AT STEP 210000
LDB: ============= START OF LOAD BALANCING ============== 699.292
LDB: ============== END OF LOAD BALANCING =============== 699.292
Info: useSync: 0 useProxySync: 0
LDB: =============== DONE WITH MIGRATION ================ 699.293
LDB: ============= START OF LOAD BALANCING ============== 699.436
LDB: Largest compute 222 load 0.009240 is 15.2% of average load 0.060817
LDB: Average compute 0.002372 is 3.9% of average load 0.060817
LDB: TIME 699.437 LOAD: AVG 0.0608174 MAX 0.136954  PROXIES: TOTAL 28 MAXPE 3 MAXPATCH 5 None MEM: 0.260292 MB
LDB: TIME 699.437 LOAD: AVG 0.0608174 MAX 0.136954  PROXIES: TOTAL 32 MAXPE 5 MAXPATCH 6 RefineTorusLB MEM: 0.260292 MB
LDB: TIME 699.437 LOAD: AVG 0.0608174 MAX 0.136954  PROXIES: TOTAL 32 MAXPE 5 MAXPATCH 6 RefineTorusLB MEM: 0.260292 MB
LDB: ============== END OF LOAD BALANCING =============== 699.437
Info: useSync: 0 useProxySync: 0
LDB: =============== DONE WITH MIGRATION ================ 699.437
LDB: ============= START OF LOAD BALANCING ============== 705.021
LDB: ============== END OF LOAD BALANCING =============== 705.021
Info: useSync: 0 useProxySync: 0
LDB: =============== DONE WITH MIGRATION ================ 705.021
LDB: ============= START OF LOAD BALANCING ============== 705.164
LDB: Largest compute 222 load 0.008968 is 14.7% of average load 0.060808
LDB: Average compute 0.002379 is 3.9% of average load 0.060808
LDB: TIME 705.164 LOAD: AVG 0.0608075 MAX 0.136267  PROXIES: TOTAL 28 MAXPE 3 MAXPATCH 5 None MEM: 0.260292 MB
LDB: TIME 705.164 LOAD: AVG 0.0608075 MAX 0.136267  PROXIES: TOTAL 32 MAXPE 5 MAXPATCH 6 RefineTorusLB MEM: 0.260292 MB
LDB: TIME 705.164 LOAD: AVG 0.0608075 MAX 0.136267  PROXIES: TOTAL 32 MAXPE 5 MAXPATCH 6 RefineTorusLB MEM: 0.260292 MB
LDB: ============== END OF LOAD BALANCING =============== 705.164
Info: useSync: 0 useProxySync: 0
LDB: =============== DONE WITH MIGRATION ================ 705.165
LDB: ============= START OF LOAD BALANCING ============== 710.798
LDB: ============== END OF LOAD BALANCING =============== 710.798
Info: useSync: 0 useProxySync: 0
LDB: =============== DONE WITH MIGRATION ================ 710.798
LDB: ============= START OF LOAD BALANCING ============== 710.95
LDB: Largest compute 17 load 0.008628 is 14.1% of average load 0.061046
LDB: Average compute 0.002357 is 3.9% of average load 0.061046
LDB: TIME 710.95 LOAD: AVG 0.0610458 MAX 0.142741  PROXIES: TOTAL 28 MAXPE 3 MAXPATCH 5 None MEM: 0.260292 MB
LDB: TIME 710.95 LOAD: AVG 0.0610458 MAX 0.142741  PROXIES: TOTAL 32 MAXPE 5 MAXPATCH 6 RefineTorusLB MEM: 0.260292 MB
LDB: TIME 710.95 LOAD: AVG 0.0610458 MAX 0.142741  PROXIES: TOTAL 32 MAXPE 5 MAXPATCH 6 RefineTorusLB MEM: 0.260292 MB
LDB: ============== END OF LOAD BALANCING =============== 710.95
Info: useSync: 0 useProxySync: 0
LDB: =============== DONE WITH MIGRATION ================ 710.95
WRITING COORDINATES TO DCD FILE MD.dcd AT STEP 215000
PRESSURE: 215000 662.975 -810.076 -795.505 -396.656 806.083 430.274 -2342.91 453.204 11689.5
GPRESSURE: 215000 664.884 -624.205 -843.186 -554.033 1067.85 212.401 -2629.84 330.35 11495.5
PRESSAVG: 215000 687.464 29.6903 -4.29106 5.44287 730.888 40.9082 -1075.48 537.059 12773.5
GPRESSAVG: 215000 687.612 29.9918 -4.22264 5.45137 730.371 40.9154 -1075.47 536.657 12774.2
ENERGY:  215000         0.0000         0.0000         0.0000         0.0000          -5543.2360       405.9201         0.0000         0.0000       937.4445          -4199.8714       297.8179     -5137.3159     -4197.7088       305.1699           4386.1849      4409.4012     22741.3648      4730.6255      4730.7146

LDB: ============= START OF LOAD BALANCING ============== 716.637
LDB: ============== END OF LOAD BALANCING =============== 716.637
Info: useSync: 0 useProxySync: 0
LDB: =============== DONE WITH MIGRATION ================ 716.637
LDB: ============= START OF LOAD BALANCING ============== 716.8
LDB: Largest compute 252 load 0.009665 is 15.2% of average load 0.063564
LDB: Average compute 0.002444 is 3.8% of average load 0.063564
LDB: TIME 716.8 LOAD: AVG 0.0635638 MAX 0.144059  PROXIES: TOTAL 28 MAXPE 3 MAXPATCH 5 None MEM: 0.260292 MB
LDB: TIME 716.8 LOAD: AVG 0.0635638 MAX 0.144059  PROXIES: TOTAL 32 MAXPE 5 MAXPATCH 6 RefineTorusLB MEM: 0.260292 MB
LDB: TIME 716.8 LOAD: AVG 0.0635638 MAX 0.144059  PROXIES: TOTAL 32 MAXPE 5 MAXPATCH 6 RefineTorusLB MEM: 0.260292 MB
LDB: ============== END OF LOAD BALANCING =============== 716.8
Info: useSync: 0 useProxySync: 0
LDB: =============== DONE WITH MIGRATION ================ 716.801
LDB: ============= START OF LOAD BALANCING ============== 722.507
LDB: ============== END OF LOAD BALANCING =============== 722.507
Info: useSync: 0 useProxySync: 0
LDB: =============== DONE WITH MIGRATION ================ 722.507
LDB: ============= START OF LOAD BALANCING ============== 722.652
LDB: Largest compute 223 load 0.009653 is 15.6% of average load 0.062043
LDB: Average compute 0.002435 is 3.9% of average load 0.062043
LDB: TIME 722.652 LOAD: AVG 0.0620429 MAX 0.137698  PROXIES: TOTAL 28 MAXPE 3 MAXPATCH 5 None MEM: 0.260292 MB
LDB: TIME 722.652 LOAD: AVG 0.0620429 MAX 0.137698  PROXIES: TOTAL 32 MAXPE 5 MAXPATCH 6 RefineTorusLB MEM: 0.260292 MB
LDB: TIME 722.652 LOAD: AVG 0.0620429 MAX 0.137698  PROXIES: TOTAL 32 MAXPE 5 MAXPATCH 6 RefineTorusLB MEM: 0.260292 MB
LDB: Reverting to original mapping
LDB: ============== END OF LOAD BALANCING =============== 722.652
Info: useSync: 0 useProxySync: 0
LDB: =============== DONE WITH MIGRATION ================ 722.653
PRESSURE: 220000 979.346 -249.674 660.184 228.146 1370.64 -575.416 -1013.58 -19.8281 14160.5
GPRESSURE: 220000 932.408 -368.561 490.381 306.509 1439.01 -651.121 -858.261 37.9524 14186.6
PRESSAVG: 220000 490.268 -35.5581 2.32858 7.61834 617.434 7.16597 -1198.07 489.445 13047.7
GPRESSAVG: 220000 490.347 -35.2058 2.31819 7.57623 617.489 6.94317 -1197.85 489.601 13047.4
ENERGY:  220000         0.0000         0.0000         0.0000         0.0000          -5640.3892       468.2531         0.0000         0.0000       935.5054          -4236.6307       297.2019     -5172.1361     -4233.3961       306.0670           5503.4952      5519.3516     22741.3648      4718.4545      4718.4004

WRITING COORDINATES TO DCD FILE MD.dcd AT STEP 220000
LDB: ============= START OF LOAD BALANCING ============== 728.275
LDB: ============== END OF LOAD BALANCING =============== 728.275
Info: useSync: 0 useProxySync: 0
LDB: =============== DONE WITH MIGRATION ================ 728.275
LDB: ============= START OF LOAD BALANCING ============== 728.419
LDB: Largest compute 17 load 0.009113 is 15.0% of average load 0.060823
LDB: Average compute 0.002381 is 3.9% of average load 0.060823
LDB: TIME 728.419 LOAD: AVG 0.0608227 MAX 0.135851  PROXIES: TOTAL 28 MAXPE 3 MAXPATCH 5 None MEM: 0.260292 MB
LDB: TIME 728.419 LOAD: AVG 0.0608227 MAX 0.135851  PROXIES: TOTAL 32 MAXPE 5 MAXPATCH 6 RefineTorusLB MEM: 0.260292 MB
LDB: TIME 728.419 LOAD: AVG 0.0608227 MAX 0.135851  PROXIES: TOTAL 32 MAXPE 5 MAXPATCH 6 RefineTorusLB MEM: 0.260292 MB
LDB: ============== END OF LOAD BALANCING =============== 728.419
Info: useSync: 0 useProxySync: 0
LDB: =============== DONE WITH MIGRATION ================ 728.42
LDB: ============= START OF LOAD BALANCING ============== 734.027
LDB: ============== END OF LOAD BALANCING =============== 734.027
Info: useSync: 0 useProxySync: 0
LDB: =============== DONE WITH MIGRATION ================ 734.028
LDB: ============= START OF LOAD BALANCING ============== 734.169
LDB: Largest compute 17 load 0.009539 is 15.9% of average load 0.060054
LDB: Average compute 0.002354 is 3.9% of average load 0.060054
LDB: TIME 734.169 LOAD: AVG 0.0600538 MAX 0.135132  PROXIES: TOTAL 28 MAXPE 3 MAXPATCH 5 None MEM: 0.260292 MB
LDB: TIME 734.169 LOAD: AVG 0.0600538 MAX 0.135132  PROXIES: TOTAL 32 MAXPE 5 MAXPATCH 6 RefineTorusLB MEM: 0.260292 MB
LDB: TIME 734.169 LOAD: AVG 0.0600538 MAX 0.135132  PROXIES: TOTAL 32 MAXPE 5 MAXPATCH 6 RefineTorusLB MEM: 0.260292 MB
LDB: Reverting to original mapping
LDB: ============== END OF LOAD BALANCING =============== 734.169
Info: useSync: 0 useProxySync: 0
LDB: =============== DONE WITH MIGRATION ================ 734.169
LDB: ============= START OF LOAD BALANCING ============== 739.719
LDB: ============== END OF LOAD BALANCING =============== 739.719
Info: useSync: 0 useProxySync: 0
LDB: =============== DONE WITH MIGRATION ================ 739.719
LDB: ============= START OF LOAD BALANCING ============== 739.865
LDB: Largest compute 17 load 0.010518 is 17.2% of average load 0.061050
LDB: Average compute 0.002380 is 3.9% of average load 0.061050
LDB: TIME 739.866 LOAD: AVG 0.0610496 MAX 0.138982  PROXIES: TOTAL 28 MAXPE 3 MAXPATCH 5 None MEM: 0.260292 MB
LDB: TIME 739.866 LOAD: AVG 0.0610496 MAX 0.138982  PROXIES: TOTAL 32 MAXPE 5 MAXPATCH 6 RefineTorusLB MEM: 0.260292 MB
LDB: TIME 739.866 LOAD: AVG 0.0610496 MAX 0.138982  PROXIES: TOTAL 32 MAXPE 5 MAXPATCH 6 RefineTorusLB MEM: 0.260292 MB
LDB: Reverting to original mapping
LDB: ============== END OF LOAD BALANCING =============== 739.866
Info: useSync: 0 useProxySync: 0
LDB: =============== DONE WITH MIGRATION ================ 739.866
WRITING COORDINATES TO DCD FILE MD.dcd AT STEP 225000
PRESSURE: 225000 265.029 171.329 246.519 251.821 1614.97 239.746 -2002.59 488.711 14270.3
GPRESSURE: 225000 311.932 -217.882 434.384 529.008 1642.53 82.4815 -2101.14 540.77 14254.9
PRESSAVG: 225000 702.916 49.6492 -22.4564 30.4757 616.033 3.77194 -1432.87 482.233 13684.6
GPRESSAVG: 225000 702.618 49.7037 -22.8266 30.6342 615.983 4.03584 -1432.79 482.392 13684.6
ENERGY:  225000         0.0000         0.0000         0.0000         0.0000          -5706.6487       486.8463         0.0000         0.0000       961.7050          -4258.0973       305.5252     -5219.8024     -4254.8096       296.6617           5383.4247      5403.1060     22741.3648      5001.1774      5001.0652

LDB: ============= START OF LOAD BALANCING ============== 745.665
LDB: ============== END OF LOAD BALANCING =============== 745.665
Info: useSync: 0 useProxySync: 0
LDB: =============== DONE WITH MIGRATION ================ 745.665
LDB: ============= START OF LOAD BALANCING ============== 745.811
LDB: Largest compute 17 load 0.009328 is 15.3% of average load 0.061012
LDB: Average compute 0.002384 is 3.9% of average load 0.061012
LDB: TIME 745.811 LOAD: AVG 0.0610124 MAX 0.138857  PROXIES: TOTAL 28 MAXPE 3 MAXPATCH 5 None MEM: 0.260292 MB
LDB: TIME 745.811 LOAD: AVG 0.0610124 MAX 0.138857  PROXIES: TOTAL 32 MAXPE 5 MAXPATCH 6 RefineTorusLB MEM: 0.260292 MB
LDB: TIME 745.811 LOAD: AVG 0.0610124 MAX 0.138857  PROXIES: TOTAL 32 MAXPE 5 MAXPATCH 6 RefineTorusLB MEM: 0.260292 MB
LDB: Reverting to original mapping
LDB: ============== END OF LOAD BALANCING =============== 745.811
Info: useSync: 0 useProxySync: 0
LDB: =============== DONE WITH MIGRATION ================ 745.811
LDB: ============= START OF LOAD BALANCING ============== 751.595
LDB: ============== END OF LOAD BALANCING =============== 751.595
Info: useSync: 0 useProxySync: 0
LDB: =============== DONE WITH MIGRATION ================ 751.596
LDB: ============= START OF LOAD BALANCING ============== 751.745
LDB: Largest compute 16 load 0.008871 is 14.3% of average load 0.061867
LDB: Average compute 0.002407 is 3.9% of average load 0.061867
LDB: TIME 751.745 LOAD: AVG 0.061867 MAX 0.138817  PROXIES: TOTAL 28 MAXPE 3 MAXPATCH 5 None MEM: 0.260292 MB
LDB: TIME 751.745 LOAD: AVG 0.061867 MAX 0.138817  PROXIES: TOTAL 32 MAXPE 5 MAXPATCH 6 RefineTorusLB MEM: 0.260292 MB
LDB: TIME 751.745 LOAD: AVG 0.061867 MAX 0.138817  PROXIES: TOTAL 32 MAXPE 5 MAXPATCH 6 RefineTorusLB MEM: 0.260292 MB
LDB: ============== END OF LOAD BALANCING =============== 751.745
Info: useSync: 0 useProxySync: 0
LDB: =============== DONE WITH MIGRATION ================ 751.745
WRITING COORDINATES TO DCD FILE MD.dcd AT STEP 230000
PRESSURE: 230000 167.697 -25.4836 568.204 98.4625 1176.23 -205.733 -1544.78 -110.021 14956.5
GPRESSURE: 230000 265.477 86.3146 735.156 -174.241 1228.59 -210.154 -1318.64 -165.382 14876.4
PRESSAVG: 230000 793.649 -13.4234 -84.5197 -30.1944 754.882 -41.1224 -1703.95 320.42 14057.6
GPRESSAVG: 230000 793.916 -13.9345 -84.254 -29.997 754.856 -41.3945 -1704.23 320.338 14057.5
ENERGY:  230000         0.0000         0.0000         0.0000         0.0000          -5580.3477       429.7636         0.0000         0.0000       936.1480          -4214.4362       297.4060     -5150.5841     -4211.6108       305.2383           5433.4741      5456.8129     22741.3648      5202.0364      5202.0835

LDB: ============= START OF LOAD BALANCING ============== 757.509
LDB: ============== END OF LOAD BALANCING =============== 757.509
Info: useSync: 0 useProxySync: 0
LDB: =============== DONE WITH MIGRATION ================ 757.51
LDB: ============= START OF LOAD BALANCING ============== 757.655
LDB: Largest compute 17 load 0.009390 is 15.4% of average load 0.060970
LDB: Average compute 0.002386 is 3.9% of average load 0.060970
LDB: TIME 757.655 LOAD: AVG 0.0609699 MAX 0.138274  PROXIES: TOTAL 28 MAXPE 3 MAXPATCH 5 None MEM: 0.260292 MB
LDB: TIME 757.655 LOAD: AVG 0.0609699 MAX 0.138274  PROXIES: TOTAL 32 MAXPE 5 MAXPATCH 6 RefineTorusLB MEM: 0.260292 MB
LDB: TIME 757.655 LOAD: AVG 0.0609699 MAX 0.138274  PROXIES: TOTAL 32 MAXPE 5 MAXPATCH 6 RefineTorusLB MEM: 0.260292 MB
LDB: Reverting to original mapping
LDB: ============== END OF LOAD BALANCING =============== 757.655
Info: useSync: 0 useProxySync: 0
LDB: =============== DONE WITH MIGRATION ================ 757.655
LDB: ============= START OF LOAD BALANCING ============== 763.389
LDB: ============== END OF LOAD BALANCING =============== 763.389
Info: useSync: 0 useProxySync: 0
LDB: =============== DONE WITH MIGRATION ================ 763.39
LDB: ============= START OF LOAD BALANCING ============== 763.544
LDB: Largest compute 17 load 0.008688 is 14.0% of average load 0.061834
LDB: Average compute 0.002414 is 3.9% of average load 0.061834
LDB: TIME 763.544 LOAD: AVG 0.061834 MAX 0.139361  PROXIES: TOTAL 28 MAXPE 3 MAXPATCH 5 None MEM: 0.260292 MB
LDB: TIME 763.544 LOAD: AVG 0.061834 MAX 0.139361  PROXIES: TOTAL 32 MAXPE 5 MAXPATCH 6 RefineTorusLB MEM: 0.260292 MB
LDB: TIME 763.544 LOAD: AVG 0.061834 MAX 0.139361  PROXIES: TOTAL 32 MAXPE 5 MAXPATCH 6 RefineTorusLB MEM: 0.260292 MB
LDB: ============== END OF LOAD BALANCING =============== 763.544
Info: useSync: 0 useProxySync: 0
LDB: =============== DONE WITH MIGRATION ================ 763.544
LDB: ============= START OF LOAD BALANCING ============== 769.311
LDB: ============== END OF LOAD BALANCING =============== 769.311
Info: useSync: 0 useProxySync: 0
LDB: =============== DONE WITH MIGRATION ================ 769.311
LDB: ============= START OF LOAD BALANCING ============== 769.464
LDB: Largest compute 217 load 0.018773 is 30.0% of average load 0.062671
LDB: Average compute 0.002489 is 4.0% of average load 0.062671
LDB: TIME 769.464 LOAD: AVG 0.0626709 MAX 0.135376  PROXIES: TOTAL 28 MAXPE 3 MAXPATCH 5 None MEM: 0.260292 MB
LDB: TIME 769.464 LOAD: AVG 0.0626709 MAX 0.135376  PROXIES: TOTAL 32 MAXPE 5 MAXPATCH 6 RefineTorusLB MEM: 0.260292 MB
LDB: TIME 769.464 LOAD: AVG 0.0626709 MAX 0.135376  PROXIES: TOTAL 32 MAXPE 5 MAXPATCH 6 RefineTorusLB MEM: 0.260292 MB
LDB: ============== END OF LOAD BALANCING =============== 769.464
Info: useSync: 0 useProxySync: 0
LDB: =============== DONE WITH MIGRATION ================ 769.465
PRESSURE: 235000 166.285 167.251 365.092 145.078 1033.47 13.2285 -61.7595 1001.83 14736.7
GPRESSURE: 235000 207.832 -65.0504 291.268 316.203 1014.43 -88.9992 -75.1982 1073.74 14806.6
PRESSAVG: 235000 745.781 50.9853 24.0266 76.7706 645.222 33.7657 -1654.08 841.088 14173.6
GPRESSAVG: 235000 745.715 50.7941 24.0404 76.9876 645.257 34.1716 -1654.13 841.207 14173.7
ENERGY:  235000         0.0000         0.0000         0.0000         0.0000          -5627.6121       467.9238         0.0000         0.0000       953.5797          -4206.1086       302.9439     -5159.6882     -4203.6930       306.6454           5312.1587      5342.9665     22741.3648      5188.1903      5188.2226

WRITING COORDINATES TO DCD FILE MD.dcd AT STEP 235000
LDB: ============= START OF LOAD BALANCING ============== 785.618
LDB: ============== END OF LOAD BALANCING =============== 785.618
Info: useSync: 0 useProxySync: 0
LDB: =============== DONE WITH MIGRATION ================ 785.63
LDB: ============= START OF LOAD BALANCING ============== 785.974
LDB: Largest compute 110 load 0.011314 is 16.8% of average load 0.067235
LDB: Average compute 0.002495 is 3.7% of average load 0.067235
LDB: TIME 785.998 LOAD: AVG 0.067235 MAX 0.147671  PROXIES: TOTAL 28 MAXPE 3 MAXPATCH 5 None MEM: 0.260292 MB
LDB: TIME 785.998 LOAD: AVG 0.067235 MAX 0.147671  PROXIES: TOTAL 32 MAXPE 5 MAXPATCH 6 RefineTorusLB MEM: 0.260292 MB
LDB: TIME 785.998 LOAD: AVG 0.067235 MAX 0.147671  PROXIES: TOTAL 32 MAXPE 5 MAXPATCH 6 RefineTorusLB MEM: 0.260292 MB
LDB: Reverting to original mapping
LDB: ============== END OF LOAD BALANCING =============== 786.012
Info: useSync: 0 useProxySync: 0
LDB: =============== DONE WITH MIGRATION ================ 786.065
LDB: ============= START OF LOAD BALANCING ============== 803.229
LDB: ============== END OF LOAD BALANCING =============== 803.229
Info: useSync: 0 useProxySync: 0
LDB: =============== DONE WITH MIGRATION ================ 803.24
LDB: ============= START OF LOAD BALANCING ============== 803.58
LDB: Largest compute 17 load 0.018499 is 28.9% of average load 0.064049
LDB: Average compute 0.002498 is 3.9% of average load 0.064049
LDB: TIME 803.588 LOAD: AVG 0.064049 MAX 0.132066  PROXIES: TOTAL 28 MAXPE 3 MAXPATCH 5 None MEM: 0.260292 MB
LDB: TIME 803.588 LOAD: AVG 0.064049 MAX 0.132066  PROXIES: TOTAL 32 MAXPE 5 MAXPATCH 6 RefineTorusLB MEM: 0.260292 MB
LDB: TIME 803.588 LOAD: AVG 0.064049 MAX 0.132066  PROXIES: TOTAL 32 MAXPE 5 MAXPATCH 6 RefineTorusLB MEM: 0.260292 MB
LDB: ============== END OF LOAD BALANCING =============== 803.594
Info: useSync: 0 useProxySync: 0
LDB: =============== DONE WITH MIGRATION ================ 803.642
PRESSURE: 240000 30.2396 35.3632 293.088 -233.52 1038.06 16.3134 -729.323 -570.48 14816.7
GPRESSURE: 240000 -36.1237 318.063 135.44 -384.712 917.752 76.4429 -889.934 -384.255 14985.7
PRESSAVG: 240000 564.283 -33.6292 90.6943 -60.2075 807.883 32.8308 -1188.7 602.462 14348.1
GPRESSAVG: 240000 564.205 -33.1131 90.8697 -60.549 807.831 32.5408 -1188.24 602.945 14348.1
ENERGY:  240000         0.0000         0.0000         0.0000         0.0000          -5638.5142       420.8631         0.0000         0.0000       944.6520          -4272.9992       300.1076     -5217.6511     -4270.0444       304.8709           5295.0147      5289.1013     22741.3648      5240.0810      5240.0397

WRITING COORDINATES TO DCD FILE MD.dcd AT STEP 240000
LDB: ============= START OF LOAD BALANCING ============== 819.544
LDB: ============== END OF LOAD BALANCING =============== 819.545
Info: useSync: 0 useProxySync: 0
LDB: =============== DONE WITH MIGRATION ================ 819.547
LDB: ============= START OF LOAD BALANCING ============== 819.923
LDB: Largest compute 240 load 0.014886 is 23.7% of average load 0.062786
LDB: Average compute 0.002370 is 3.8% of average load 0.062786
LDB: TIME 819.929 LOAD: AVG 0.0627857 MAX 0.138404  PROXIES: TOTAL 28 MAXPE 3 MAXPATCH 5 None MEM: 0.260292 MB
LDB: TIME 819.929 LOAD: AVG 0.0627857 MAX 0.138404  PROXIES: TOTAL 32 MAXPE 5 MAXPATCH 6 RefineTorusLB MEM: 0.260292 MB
LDB: TIME 819.929 LOAD: AVG 0.0627857 MAX 0.138404  PROXIES: TOTAL 32 MAXPE 5 MAXPATCH 6 RefineTorusLB MEM: 0.260292 MB
LDB: Reverting to original mapping
LDB: ============== END OF LOAD BALANCING =============== 819.935
Info: useSync: 0 useProxySync: 0
LDB: =============== DONE WITH MIGRATION ================ 819.983
LDB: ============= START OF LOAD BALANCING ============== 832.253
LDB: ============== END OF LOAD BALANCING =============== 832.253
Info: useSync: 0 useProxySync: 0
LDB: =============== DONE WITH MIGRATION ================ 832.254
LDB: ============= START OF LOAD BALANCING ============== 832.397
LDB: Largest compute 17 load 0.009022 is 15.1% of average load 0.059861
LDB: Average compute 0.002337 is 3.9% of average load 0.059861
LDB: TIME 832.397 LOAD: AVG 0.0598612 MAX 0.136406  PROXIES: TOTAL 28 MAXPE 3 MAXPATCH 5 None MEM: 0.260292 MB
LDB: TIME 832.397 LOAD: AVG 0.0598612 MAX 0.136406  PROXIES: TOTAL 32 MAXPE 5 MAXPATCH 6 RefineTorusLB MEM: 0.260292 MB
LDB: TIME 832.397 LOAD: AVG 0.0598612 MAX 0.136406  PROXIES: TOTAL 32 MAXPE 5 MAXPATCH 6 RefineTorusLB MEM: 0.260292 MB
LDB: ============== END OF LOAD BALANCING =============== 832.397
Info: useSync: 0 useProxySync: 0
LDB: =============== DONE WITH MIGRATION ================ 832.397
LDB: ============= START OF LOAD BALANCING ============== 838.051
LDB: ============== END OF LOAD BALANCING =============== 838.051
Info: useSync: 0 useProxySync: 0
LDB: =============== DONE WITH MIGRATION ================ 838.051
LDB: ============= START OF LOAD BALANCING ============== 838.193
LDB: Largest compute 250 load 0.008913 is 14.9% of average load 0.059740
LDB: Average compute 0.002333 is 3.9% of average load 0.059740
LDB: TIME 838.193 LOAD: AVG 0.0597403 MAX 0.135496  PROXIES: TOTAL 28 MAXPE 3 MAXPATCH 5 None MEM: 0.260292 MB
LDB: TIME 838.193 LOAD: AVG 0.0597403 MAX 0.135496  PROXIES: TOTAL 32 MAXPE 5 MAXPATCH 6 RefineTorusLB MEM: 0.260292 MB
LDB: TIME 838.193 LOAD: AVG 0.0597403 MAX 0.135496  PROXIES: TOTAL 32 MAXPE 5 MAXPATCH 6 RefineTorusLB MEM: 0.260292 MB
LDB: Reverting to original mapping
LDB: ============== END OF LOAD BALANCING =============== 838.193
Info: useSync: 0 useProxySync: 0
LDB: =============== DONE WITH MIGRATION ================ 838.194
PRESSURE: 245000 794.551 -144.109 -72.0659 -60.8147 374.527 172.192 -1314.12 866.019 14189.1
GPRESSURE: 245000 840.238 -142.432 -33.6779 117.366 249.955 78.479 -1305.47 1086.44 14328.7
PRESSAVG: 245000 549.909 -45.5999 3.67532 -12.2526 456.69 89.9951 -1170.62 382.126 14812.4
GPRESSAVG: 245000 549.424 -45.3482 3.46129 -12.0528 456.804 89.7431 -1170.56 382.219 14812.8
ENERGY:  245000         0.0000         0.0000         0.0000         0.0000          -5642.9524       431.4012         0.0000         0.0000       932.0809          -4279.4703       296.1139     -5211.5512     -4278.2421       295.6403           5119.3932      5139.6245     22741.3648      5272.9899      5273.0055

WRITING COORDINATES TO DCD FILE MD.dcd AT STEP 245000
LDB: ============= START OF LOAD BALANCING ============== 845.022
LDB: ============== END OF LOAD BALANCING =============== 845.022
Info: useSync: 0 useProxySync: 0
LDB: =============== DONE WITH MIGRATION ================ 845.022
LDB: ============= START OF LOAD BALANCING ============== 845.163
LDB: Largest compute 17 load 0.008870 is 14.8% of average load 0.059736
LDB: Average compute 0.002339 is 3.9% of average load 0.059736
LDB: TIME 845.163 LOAD: AVG 0.0597364 MAX 0.134471  PROXIES: TOTAL 28 MAXPE 3 MAXPATCH 5 None MEM: 0.260292 MB
LDB: TIME 845.163 LOAD: AVG 0.0597364 MAX 0.134471  PROXIES: TOTAL 32 MAXPE 5 MAXPATCH 6 RefineTorusLB MEM: 0.260292 MB
LDB: TIME 845.164 LOAD: AVG 0.0597364 MAX 0.134471  PROXIES: TOTAL 32 MAXPE 5 MAXPATCH 6 RefineTorusLB MEM: 0.260292 MB
LDB: Reverting to original mapping
LDB: ============== END OF LOAD BALANCING =============== 845.164
Info: useSync: 0 useProxySync: 0
LDB: =============== DONE WITH MIGRATION ================ 845.164
LDB: ============= START OF LOAD BALANCING ============== 850.675
LDB: ============== END OF LOAD BALANCING =============== 850.675
Info: useSync: 0 useProxySync: 0
LDB: =============== DONE WITH MIGRATION ================ 850.675
LDB: ============= START OF LOAD BALANCING ============== 850.817
LDB: Largest compute 223 load 0.009043 is 15.2% of average load 0.059587
LDB: Average compute 0.002336 is 3.9% of average load 0.059587
LDB: TIME 850.817 LOAD: AVG 0.0595869 MAX 0.135158  PROXIES: TOTAL 28 MAXPE 3 MAXPATCH 5 None MEM: 0.260292 MB
LDB: TIME 850.817 LOAD: AVG 0.0595869 MAX 0.135158  PROXIES: TOTAL 32 MAXPE 5 MAXPATCH 6 RefineTorusLB MEM: 0.260292 MB
LDB: TIME 850.817 LOAD: AVG 0.0595869 MAX 0.135158  PROXIES: TOTAL 32 MAXPE 5 MAXPATCH 6 RefineTorusLB MEM: 0.260292 MB
LDB: ============== END OF LOAD BALANCING =============== 850.817
Info: useSync: 0 useProxySync: 0
LDB: =============== DONE WITH MIGRATION ================ 850.817
PRESSURE: 250000 1172.32 -341.313 -185.116 -358.14 -447.231 397.984 -593.728 895.542 15087.3
GPRESSURE: 250000 1068.49 -408.442 -134.985 -315.773 -333.326 100.856 -823.89 1116.04 15117.5
PRESSAVG: 250000 494.802 37.7748 7.31733 62.9923 503.504 45.1233 -998.289 384.655 14672.3
GPRESSAVG: 250000 495.258 38.1109 7.58917 63.0686 503.536 45.1119 -998.374 384.532 14672.2
TIMING: 250000  CPU: 824.295, 0.00360125/step  Wall: 843.623, 0.00373054/step, 0.0518131 hours remaining, 0.260292 MB of memory in use.
PERFORMANCE: 250000  averaging 51.2081 ns/day, 0.00337446 sec/step with standard deviation 0.00042748
ETITLE:      TS           BOND          ANGLE          DIHED          IMPRP               ELECT            VDW       BOUNDARY           MISC        KINETIC               TOTAL           TEMP      POTENTIAL         TOTAL3        TEMPAVG            PRESSURE      GPRESSURE         VOLUME       PRESSAVG      GPRESSAVG

ENERGY:  250000         0.0000         0.0000         0.0000         0.0000          -5591.6891       441.9115         0.0000         0.0000       986.1737          -4163.6039       313.2987     -5149.7776     -4161.9771       300.6921           5270.8123      5284.2050     22741.3648      5223.5414      5223.6734

WRITING EXTENDED SYSTEM TO RESTART FILE AT STEP 250000
WRITING COORDINATES TO DCD FILE MD.dcd AT STEP 250000
WRITING COORDINATES TO RESTART FILE AT STEP 250000
FINISHED WRITING RESTART COORDINATES
WRITING VELOCITIES TO RESTART FILE AT STEP 250000
FINISHED WRITING RESTART VELOCITIES
The last velocity output (seq=250000) takes 0.000 seconds, 0.260 MB of memory in use
LDB: ============= START OF LOAD BALANCING ============== 856.604
LDB: ============== END OF LOAD BALANCING =============== 856.605
Info: useSync: 0 useProxySync: 0
LDB: =============== DONE WITH MIGRATION ================ 856.605
LDB: ============= START OF LOAD BALANCING ============== 856.746
LDB: Largest compute 17 load 0.009608 is 16.2% of average load 0.059289
LDB: Average compute 0.002326 is 3.9% of average load 0.059289
LDB: TIME 856.746 LOAD: AVG 0.0592894 MAX 0.135309  PROXIES: TOTAL 28 MAXPE 3 MAXPATCH 5 None MEM: 0.260292 MB
LDB: TIME 856.746 LOAD: AVG 0.0592894 MAX 0.135309  PROXIES: TOTAL 32 MAXPE 5 MAXPATCH 6 RefineTorusLB MEM: 0.260292 MB
LDB: TIME 856.746 LOAD: AVG 0.0592894 MAX 0.135309  PROXIES: TOTAL 32 MAXPE 5 MAXPATCH 6 RefineTorusLB MEM: 0.260292 MB
LDB: ============== END OF LOAD BALANCING =============== 856.746
Info: useSync: 0 useProxySync: 0
LDB: =============== DONE WITH MIGRATION ================ 856.746
LDB: ============= START OF LOAD BALANCING ============== 862.286
LDB: ============== END OF LOAD BALANCING =============== 862.286
Info: useSync: 0 useProxySync: 0
LDB: =============== DONE WITH MIGRATION ================ 862.286
LDB: ============= START OF LOAD BALANCING ============== 862.434
LDB: Largest compute 255 load 0.010016 is 16.6% of average load 0.060458
LDB: Average compute 0.002365 is 3.9% of average load 0.060458
LDB: TIME 862.434 LOAD: AVG 0.060458 MAX 0.139849  PROXIES: TOTAL 28 MAXPE 3 MAXPATCH 5 None MEM: 0.260292 MB
LDB: TIME 862.434 LOAD: AVG 0.060458 MAX 0.139849  PROXIES: TOTAL 32 MAXPE 5 MAXPATCH 6 RefineTorusLB MEM: 0.260292 MB
LDB: TIME 862.434 LOAD: AVG 0.060458 MAX 0.139849  PROXIES: TOTAL 32 MAXPE 5 MAXPATCH 6 RefineTorusLB MEM: 0.260292 MB
LDB: Reverting to original mapping
LDB: ============== END OF LOAD BALANCING =============== 862.434
Info: useSync: 0 useProxySync: 0
LDB: =============== DONE WITH MIGRATION ================ 862.434
LDB: ============= START OF LOAD BALANCING ============== 868.213
LDB: ============== END OF LOAD BALANCING =============== 868.213
Info: useSync: 0 useProxySync: 0
LDB: =============== DONE WITH MIGRATION ================ 868.213
LDB: ============= START OF LOAD BALANCING ============== 868.358
LDB: Largest compute 17 load 0.009598 is 15.5% of average load 0.061769
LDB: Average compute 0.002432 is 3.9% of average load 0.061769
LDB: TIME 868.358 LOAD: AVG 0.0617693 MAX 0.137378  PROXIES: TOTAL 28 MAXPE 3 MAXPATCH 5 None MEM: 0.260292 MB
LDB: TIME 868.358 LOAD: AVG 0.0617693 MAX 0.137378  PROXIES: TOTAL 32 MAXPE 5 MAXPATCH 6 RefineTorusLB MEM: 0.260292 MB
LDB: TIME 868.358 LOAD: AVG 0.0617693 MAX 0.137378  PROXIES: TOTAL 32 MAXPE 5 MAXPATCH 6 RefineTorusLB MEM: 0.260292 MB
LDB: Reverting to original mapping
LDB: ============== END OF LOAD BALANCING =============== 868.358
Info: useSync: 0 useProxySync: 0
LDB: =============== DONE WITH MIGRATION ================ 868.358
WRITING COORDINATES TO DCD FILE MD.dcd AT STEP 255000
PRESSURE: 255000 469.399 -122.324 -100.281 -86.17 248.853 -262.418 -1411.29 -5.3465 15768.1
GPRESSURE: 255000 506.01 -393.604 25.4936 30.0975 222.23 -541.127 -1625.39 73.6306 15829.8
PRESSAVG: 255000 720.371 25.4338 4.18604 90.2119 770.024 -28.8602 -1122.31 48.0629 15163.6
GPRESSAVG: 255000 720.593 24.8813 4.19541 90.3673 769.93 -28.6204 -1122.23 48.2494 15163.7
ENERGY:  255000         0.0000         0.0000         0.0000         0.0000          -5586.3779       425.0326         0.0000         0.0000       916.2826          -4245.0627       291.0949     -5161.3452     -4243.8145       306.3833           5495.4384      5519.3545     22741.3648      5551.3260      5551.3917

LDB: ============= START OF LOAD BALANCING ============== 874.123
LDB: ============== END OF LOAD BALANCING =============== 874.123
Info: useSync: 0 useProxySync: 0
LDB: =============== DONE WITH MIGRATION ================ 874.123
LDB: ============= START OF LOAD BALANCING ============== 874.268
LDB: Largest compute 17 load 0.009015 is 14.7% of average load 0.061461
LDB: Average compute 0.002404 is 3.9% of average load 0.061461
LDB: TIME 874.268 LOAD: AVG 0.0614605 MAX 0.137951  PROXIES: TOTAL 28 MAXPE 3 MAXPATCH 5 None MEM: 0.260292 MB
LDB: TIME 874.268 LOAD: AVG 0.0614605 MAX 0.137951  PROXIES: TOTAL 32 MAXPE 5 MAXPATCH 6 RefineTorusLB MEM: 0.260292 MB
LDB: TIME 874.268 LOAD: AVG 0.0614605 MAX 0.137951  PROXIES: TOTAL 32 MAXPE 5 MAXPATCH 6 RefineTorusLB MEM: 0.260292 MB
LDB: Reverting to original mapping
LDB: ============== END OF LOAD BALANCING =============== 874.268
Info: useSync: 0 useProxySync: 0
LDB: =============== DONE WITH MIGRATION ================ 874.269
LDB: ============= START OF LOAD BALANCING ============== 880.151
LDB: ============== END OF LOAD BALANCING =============== 880.151
Info: useSync: 0 useProxySync: 0
LDB: =============== DONE WITH MIGRATION ================ 880.151
LDB: ============= START OF LOAD BALANCING ============== 880.296
LDB: Largest compute 224 load 0.009335 is 15.2% of average load 0.061378
LDB: Average compute 0.002400 is 3.9% of average load 0.061378
LDB: TIME 880.296 LOAD: AVG 0.0613778 MAX 0.138055  PROXIES: TOTAL 28 MAXPE 3 MAXPATCH 5 None MEM: 0.260292 MB
LDB: TIME 880.297 LOAD: AVG 0.0613778 MAX 0.138055  PROXIES: TOTAL 32 MAXPE 5 MAXPATCH 6 RefineTorusLB MEM: 0.260292 MB
LDB: TIME 880.297 LOAD: AVG 0.0613778 MAX 0.138055  PROXIES: TOTAL 32 MAXPE 5 MAXPATCH 6 RefineTorusLB MEM: 0.260292 MB
LDB: Reverting to original mapping
LDB: ============== END OF LOAD BALANCING =============== 880.297
Info: useSync: 0 useProxySync: 0
LDB: =============== DONE WITH MIGRATION ================ 880.297
WRITING COORDINATES TO DCD FILE MD.dcd AT STEP 260000
PRESSURE: 260000 -12.2859 -40.6072 -331.58 -723.57 348.337 -54.8929 -968.807 464.193 17340.4
GPRESSURE: 260000 33.9492 -101.893 -226.827 -818.058 255.125 302.701 -772.261 167.112 17432
PRESSAVG: 260000 576.599 -9.36937 -20.369 -38.7796 587.877 13.0201 -1378.74 294.391 15443.2
GPRESSAVG: 260000 577.04 -9.43076 -20.5179 -38.5246 587.83 12.7726 -1378.33 294.43 15442.8
ENERGY:  260000         0.0000         0.0000         0.0000         0.0000          -5620.5245       443.2100         0.0000         0.0000       966.7617          -4210.5528       307.1317     -5177.3146     -4207.7083       299.7772           5892.1415      5907.0092     22741.3648      5535.8789      5535.8980

LDB: ============= START OF LOAD BALANCING ============== 885.949
LDB: ============== END OF LOAD BALANCING =============== 885.95
Info: useSync: 0 useProxySync: 0
LDB: =============== DONE WITH MIGRATION ================ 885.95
LDB: ============= START OF LOAD BALANCING ============== 886.095
LDB: Largest compute 223 load 0.009557 is 15.6% of average load 0.061209
LDB: Average compute 0.002393 is 3.9% of average load 0.061209
LDB: TIME 886.095 LOAD: AVG 0.0612089 MAX 0.138176  PROXIES: TOTAL 28 MAXPE 3 MAXPATCH 5 None MEM: 0.260292 MB
LDB: TIME 886.095 LOAD: AVG 0.0612089 MAX 0.138176  PROXIES: TOTAL 32 MAXPE 5 MAXPATCH 6 RefineTorusLB MEM: 0.260292 MB
LDB: TIME 886.095 LOAD: AVG 0.0612089 MAX 0.138176  PROXIES: TOTAL 32 MAXPE 5 MAXPATCH 6 RefineTorusLB MEM: 0.260292 MB
LDB: ============== END OF LOAD BALANCING =============== 886.095
Info: useSync: 0 useProxySync: 0
LDB: =============== DONE WITH MIGRATION ================ 886.095
LDB: ============= START OF LOAD BALANCING ============== 891.82
LDB: ============== END OF LOAD BALANCING =============== 891.82
Info: useSync: 0 useProxySync: 0
LDB: =============== DONE WITH MIGRATION ================ 891.82
LDB: ============= START OF LOAD BALANCING ============== 891.97
LDB: Largest compute 17 load 0.010256 is 16.5% of average load 0.061973
LDB: Average compute 0.002417 is 3.9% of average load 0.061973
LDB: TIME 891.97 LOAD: AVG 0.061973 MAX 0.140754  PROXIES: TOTAL 28 MAXPE 3 MAXPATCH 5 None MEM: 0.260292 MB
LDB: TIME 891.97 LOAD: AVG 0.061973 MAX 0.140754  PROXIES: TOTAL 32 MAXPE 5 MAXPATCH 6 RefineTorusLB MEM: 0.260292 MB
LDB: TIME 891.97 LOAD: AVG 0.061973 MAX 0.140754  PROXIES: TOTAL 32 MAXPE 5 MAXPATCH 6 RefineTorusLB MEM: 0.260292 MB
LDB: ============== END OF LOAD BALANCING =============== 891.97
Info: useSync: 0 useProxySync: 0
LDB: =============== DONE WITH MIGRATION ================ 891.97
LDB: ============= START OF LOAD BALANCING ============== 897.7
LDB: ============== END OF LOAD BALANCING =============== 897.7
Info: useSync: 0 useProxySync: 0
LDB: =============== DONE WITH MIGRATION ================ 897.7
LDB: ============= START OF LOAD BALANCING ============== 897.847
LDB: Largest compute 17 load 0.009864 is 16.0% of average load 0.061724
LDB: Average compute 0.002413 is 3.9% of average load 0.061724
LDB: TIME 897.847 LOAD: AVG 0.0617241 MAX 0.14007  PROXIES: TOTAL 28 MAXPE 3 MAXPATCH 5 None MEM: 0.260292 MB
LDB: TIME 897.847 LOAD: AVG 0.0617241 MAX 0.14007  PROXIES: TOTAL 32 MAXPE 5 MAXPATCH 6 RefineTorusLB MEM: 0.260292 MB
LDB: TIME 897.848 LOAD: AVG 0.0617241 MAX 0.14007  PROXIES: TOTAL 32 MAXPE 5 MAXPATCH 6 RefineTorusLB MEM: 0.260292 MB
LDB: Reverting to original mapping
LDB: ============== END OF LOAD BALANCING =============== 897.848
Info: useSync: 0 useProxySync: 0
LDB: =============== DONE WITH MIGRATION ================ 897.848
WRITING COORDINATES TO DCD FILE MD.dcd AT STEP 265000
PRESSURE: 265000 12.0928 773.315 296.435 555.643 719.047 -109.127 -1500.85 264.028 16540.6
GPRESSURE: 265000 189.8 583.491 129.611 879.039 762.119 59.8389 -1375.75 351.838 16327.7
PRESSAVG: 265000 677.859 45.8285 73.4403 -3.16646 702.964 32.4584 -1213.19 388.457 16267.8
GPRESSAVG: 265000 678.075 46.0661 73.7736 -3.66406 702.983 32.4675 -1213.37 388.431 16267.6
ENERGY:  265000         0.0000         0.0000         0.0000         0.0000          -5628.8608       449.9099         0.0000         0.0000       938.5977          -4240.3532       298.1842     -5178.9509     -4238.4519       303.7116           5757.2536      5759.8570     22741.3648      5882.8836      5882.8845

LDB: ============= START OF LOAD BALANCING ============== 903.565
LDB: ============== END OF LOAD BALANCING =============== 903.566
Info: useSync: 0 useProxySync: 0
LDB: =============== DONE WITH MIGRATION ================ 903.566
LDB: ============= START OF LOAD BALANCING ============== 903.709
LDB: Largest compute 17 load 0.010354 is 17.0% of average load 0.060963
LDB: Average compute 0.002396 is 3.9% of average load 0.060963
LDB: TIME 903.709 LOAD: AVG 0.0609628 MAX 0.137133  PROXIES: TOTAL 28 MAXPE 3 MAXPATCH 5 None MEM: 0.260292 MB
LDB: TIME 903.709 LOAD: AVG 0.0609628 MAX 0.137133  PROXIES: TOTAL 32 MAXPE 5 MAXPATCH 6 RefineTorusLB MEM: 0.260292 MB
LDB: TIME 903.71 LOAD: AVG 0.0609628 MAX 0.137133  PROXIES: TOTAL 32 MAXPE 5 MAXPATCH 6 RefineTorusLB MEM: 0.260292 MB
LDB: ============== END OF LOAD BALANCING =============== 903.71
Info: useSync: 0 useProxySync: 0
LDB: =============== DONE WITH MIGRATION ================ 903.71
LDB: ============= START OF LOAD BALANCING ============== 909.305
LDB: ============== END OF LOAD BALANCING =============== 909.305
Info: useSync: 0 useProxySync: 0
LDB: =============== DONE WITH MIGRATION ================ 909.305
LDB: ============= START OF LOAD BALANCING ============== 909.448
LDB: Largest compute 17 load 0.009999 is 16.5% of average load 0.060520
LDB: Average compute 0.002371 is 3.9% of average load 0.060520
LDB: TIME 909.449 LOAD: AVG 0.0605196 MAX 0.136803  PROXIES: TOTAL 28 MAXPE 3 MAXPATCH 5 None MEM: 0.260292 MB
LDB: TIME 909.449 LOAD: AVG 0.0605196 MAX 0.136803  PROXIES: TOTAL 32 MAXPE 5 MAXPATCH 6 RefineTorusLB MEM: 0.260292 MB
LDB: TIME 909.449 LOAD: AVG 0.0605196 MAX 0.136803  PROXIES: TOTAL 32 MAXPE 5 MAXPATCH 6 RefineTorusLB MEM: 0.260292 MB
LDB: Reverting to original mapping
LDB: ============== END OF LOAD BALANCING =============== 909.449
Info: useSync: 0 useProxySync: 0
LDB: =============== DONE WITH MIGRATION ================ 909.449
WRITING COORDINATES TO DCD FILE MD.dcd AT STEP 270000
PRESSURE: 270000 1706.11 375.681 -967.806 -8.86175 108.262 -41.9486 -2374.39 386.616 15030.7
GPRESSURE: 270000 1698.16 452.149 -1073.02 -34.5492 84.0114 -117.264 -2192.23 528.266 15091
PRESSAVG: 270000 838.859 64.8064 -22.9719 10.0322 803.76 40.6207 -1213.17 372.93 16343.2
GPRESSAVG: 270000 839.023 64.157 -23.1053 10.3821 803.768 40.7606 -1212.99 372.702 16343.5
ENERGY:  270000         0.0000         0.0000         0.0000         0.0000          -5625.6330       432.0762         0.0000         0.0000       996.4422          -4197.1146       316.5609     -5193.5568     -4193.7305       300.1606           5615.0091      5624.4018     22741.3648      5995.2636      5995.4361

LDB: ============= START OF LOAD BALANCING ============== 915.152
LDB: ============== END OF LOAD BALANCING =============== 915.152
Info: useSync: 0 useProxySync: 0
LDB: =============== DONE WITH MIGRATION ================ 915.152
LDB: ============= START OF LOAD BALANCING ============== 915.295
LDB: Largest compute 223 load 0.009643 is 15.9% of average load 0.060561
LDB: Average compute 0.002376 is 3.9% of average load 0.060561
LDB: TIME 915.295 LOAD: AVG 0.0605612 MAX 0.136526  PROXIES: TOTAL 28 MAXPE 3 MAXPATCH 5 None MEM: 0.260292 MB
LDB: TIME 915.295 LOAD: AVG 0.0605612 MAX 0.136526  PROXIES: TOTAL 32 MAXPE 5 MAXPATCH 6 RefineTorusLB MEM: 0.260292 MB
LDB: TIME 915.295 LOAD: AVG 0.0605612 MAX 0.136526  PROXIES: TOTAL 32 MAXPE 5 MAXPATCH 6 RefineTorusLB MEM: 0.260292 MB
LDB: ============== END OF LOAD BALANCING =============== 915.295
Info: useSync: 0 useProxySync: 0
LDB: =============== DONE WITH MIGRATION ================ 915.296
LDB: ============= START OF LOAD BALANCING ============== 921.001
LDB: ============== END OF LOAD BALANCING =============== 921.001
Info: useSync: 0 useProxySync: 0
LDB: =============== DONE WITH MIGRATION ================ 921.001
LDB: ============= START OF LOAD BALANCING ============== 921.146
LDB: Largest compute 223 load 0.009461 is 15.4% of average load 0.061319
LDB: Average compute 0.002409 is 3.9% of average load 0.061319
LDB: TIME 921.146 LOAD: AVG 0.0613192 MAX 0.137292  PROXIES: TOTAL 28 MAXPE 3 MAXPATCH 5 None MEM: 0.260292 MB
LDB: TIME 921.146 LOAD: AVG 0.0613192 MAX 0.137292  PROXIES: TOTAL 32 MAXPE 5 MAXPATCH 6 RefineTorusLB MEM: 0.260292 MB
LDB: TIME 921.146 LOAD: AVG 0.0613192 MAX 0.137292  PROXIES: TOTAL 32 MAXPE 5 MAXPATCH 6 RefineTorusLB MEM: 0.260292 MB
LDB: ============== END OF LOAD BALANCING =============== 921.146
Info: useSync: 0 useProxySync: 0
LDB: =============== DONE WITH MIGRATION ================ 921.147
LDB: ============= START OF LOAD BALANCING ============== 926.726
LDB: ============== END OF LOAD BALANCING =============== 926.737
Info: useSync: 0 useProxySync: 0
LDB: =============== DONE WITH MIGRATION ================ 926.738
LDB: ============= START OF LOAD BALANCING ============== 926.88
LDB: Largest compute 17 load 0.009474 is 15.6% of average load 0.060797
LDB: Average compute 0.002391 is 3.9% of average load 0.060797
LDB: TIME 926.88 LOAD: AVG 0.0607967 MAX 0.136033  PROXIES: TOTAL 28 MAXPE 3 MAXPATCH 5 None MEM: 0.260292 MB
LDB: TIME 926.88 LOAD: AVG 0.0607967 MAX 0.136033  PROXIES: TOTAL 32 MAXPE 5 MAXPATCH 6 RefineTorusLB MEM: 0.260292 MB
LDB: TIME 926.88 LOAD: AVG 0.0607967 MAX 0.136033  PROXIES: TOTAL 32 MAXPE 5 MAXPATCH 6 RefineTorusLB MEM: 0.260292 MB
LDB: ============== END OF LOAD BALANCING =============== 926.88
Info: useSync: 0 useProxySync: 0
LDB: =============== DONE WITH MIGRATION ================ 926.881
PRESSURE: 275000 1346.38 790.505 267.823 281.219 584.131 84.8966 -1051.22 552.948 17228.4
GPRESSURE: 275000 1358.59 692.037 294.359 273.22 458.554 38.9778 -1319.87 503.34 17416.2
PRESSAVG: 275000 872.408 16.6713 93.2374 8.32705 841.815 55.2884 -1224.21 464.394 16679.3
GPRESSAVG: 275000 872.583 16.533 93.5972 8.42658 841.862 55.6536 -1224.21 464.074 16679.4
ENERGY:  275000         0.0000         0.0000         0.0000         0.0000          -5626.9345       454.4061         0.0000         0.0000       961.6065          -4210.9220       305.4939     -5172.5284     -4209.6040       306.7167           6386.2944      6411.1129     22741.3648      6131.1893      6131.2685

WRITING COORDINATES TO DCD FILE MD.dcd AT STEP 275000
LDB: ============= START OF LOAD BALANCING ============== 933.333
LDB: ============== END OF LOAD BALANCING =============== 933.333
Info: useSync: 0 useProxySync: 0
LDB: =============== DONE WITH MIGRATION ================ 933.333
LDB: ============= START OF LOAD BALANCING ============== 933.475
LDB: Largest compute 17 load 0.008914 is 14.7% of average load 0.060526
LDB: Average compute 0.002375 is 3.9% of average load 0.060526
LDB: TIME 933.475 LOAD: AVG 0.0605258 MAX 0.136251  PROXIES: TOTAL 28 MAXPE 3 MAXPATCH 5 None MEM: 0.260292 MB
LDB: TIME 933.475 LOAD: AVG 0.0605258 MAX 0.136251  PROXIES: TOTAL 32 MAXPE 5 MAXPATCH 6 RefineTorusLB MEM: 0.260292 MB
LDB: TIME 933.475 LOAD: AVG 0.0605258 MAX 0.136251  PROXIES: TOTAL 32 MAXPE 5 MAXPATCH 6 RefineTorusLB MEM: 0.260292 MB
LDB: Reverting to original mapping
LDB: ============== END OF LOAD BALANCING =============== 933.475
Info: useSync: 0 useProxySync: 0
LDB: =============== DONE WITH MIGRATION ================ 933.475
LDB: ============= START OF LOAD BALANCING ============== 940.66
LDB: ============== END OF LOAD BALANCING =============== 940.66
Info: useSync: 0 useProxySync: 0
LDB: =============== DONE WITH MIGRATION ================ 940.66
LDB: ============= START OF LOAD BALANCING ============== 940.802
LDB: Largest compute 223 load 0.008959 is 14.7% of average load 0.060766
LDB: Average compute 0.002379 is 3.9% of average load 0.060766
LDB: TIME 940.803 LOAD: AVG 0.060766 MAX 0.135963  PROXIES: TOTAL 28 MAXPE 3 MAXPATCH 5 None MEM: 0.260292 MB
LDB: TIME 940.803 LOAD: AVG 0.060766 MAX 0.135963  PROXIES: TOTAL 32 MAXPE 5 MAXPATCH 6 RefineTorusLB MEM: 0.260292 MB
LDB: TIME 940.803 LOAD: AVG 0.060766 MAX 0.135963  PROXIES: TOTAL 32 MAXPE 5 MAXPATCH 6 RefineTorusLB MEM: 0.260292 MB
LDB: Reverting to original mapping
LDB: ============== END OF LOAD BALANCING =============== 940.803
Info: useSync: 0 useProxySync: 0
LDB: =============== DONE WITH MIGRATION ================ 940.803
WRITING COORDINATES TO DCD FILE MD.dcd AT STEP 280000
PRESSURE: 280000 469.19 -321.558 235.612 -107.883 1226.77 -24.1342 -1797.51 -189.292 14919.5
GPRESSURE: 280000 517.339 -217.268 137.833 -159.81 1370.08 -428.443 -1872.3 43.2276 14767.9
PRESSAVG: 280000 631.773 4.78987 -17.6145 42.1507 818.878 -44.9877 -1853.01 191.587 16456.5
GPRESSAVG: 280000 631.533 4.9692 -17.5095 41.66 818.691 -45.0209 -1853.45 191.923 16457
ENERGY:  280000         0.0000         0.0000         0.0000         0.0000          -5578.3185       413.0489         0.0000         0.0000       944.8324          -4220.4372       300.1650     -5165.2697     -4215.5247       306.0339           5538.4724      5551.7626     22741.3648      5969.0490      5969.0855

LDB: ============= START OF LOAD BALANCING ============== 946.888
LDB: ============== END OF LOAD BALANCING =============== 946.888
Info: useSync: 0 useProxySync: 0
LDB: =============== DONE WITH MIGRATION ================ 946.888
LDB: ============= START OF LOAD BALANCING ============== 947.046
LDB: Largest compute 77 load 0.019254 is 31.1% of average load 0.061813
LDB: Average compute 0.002413 is 3.9% of average load 0.061813
LDB: TIME 947.046 LOAD: AVG 0.0618134 MAX 0.138532  PROXIES: TOTAL 28 MAXPE 3 MAXPATCH 5 None MEM: 0.260292 MB
LDB: TIME 947.046 LOAD: AVG 0.0618134 MAX 0.138532  PROXIES: TOTAL 32 MAXPE 5 MAXPATCH 6 RefineTorusLB MEM: 0.260292 MB
LDB: TIME 947.046 LOAD: AVG 0.0618134 MAX 0.138532  PROXIES: TOTAL 32 MAXPE 5 MAXPATCH 6 RefineTorusLB MEM: 0.260292 MB
LDB: Reverting to original mapping
LDB: ============== END OF LOAD BALANCING =============== 947.046
Info: useSync: 0 useProxySync: 0
LDB: =============== DONE WITH MIGRATION ================ 947.046
LDB: ============= START OF LOAD BALANCING ============== 952.858
LDB: ============== END OF LOAD BALANCING =============== 952.859
Info: useSync: 0 useProxySync: 0
LDB: =============== DONE WITH MIGRATION ================ 952.859
LDB: ============= START OF LOAD BALANCING ============== 953.002
LDB: Largest compute 17 load 0.009656 is 15.8% of average load 0.061268
LDB: Average compute 0.002402 is 3.9% of average load 0.061268
LDB: TIME 953.002 LOAD: AVG 0.0612675 MAX 0.135806  PROXIES: TOTAL 28 MAXPE 3 MAXPATCH 5 None MEM: 0.260292 MB
LDB: TIME 953.002 LOAD: AVG 0.0612675 MAX 0.135806  PROXIES: TOTAL 32 MAXPE 5 MAXPATCH 6 RefineTorusLB MEM: 0.260292 MB
LDB: TIME 953.002 LOAD: AVG 0.0612675 MAX 0.135806  PROXIES: TOTAL 32 MAXPE 5 MAXPATCH 6 RefineTorusLB MEM: 0.260292 MB
LDB: Reverting to original mapping
LDB: ============== END OF LOAD BALANCING =============== 953.002
Info: useSync: 0 useProxySync: 0
LDB: =============== DONE WITH MIGRATION ================ 953.003
LDB: ============= START OF LOAD BALANCING ============== 958.645
LDB: ============== END OF LOAD BALANCING =============== 958.645
Info: useSync: 0 useProxySync: 0
LDB: =============== DONE WITH MIGRATION ================ 958.646
LDB: ============= START OF LOAD BALANCING ============== 958.789
LDB: Largest compute 225 load 0.009308 is 15.2% of average load 0.061076
LDB: Average compute 0.002384 is 3.9% of average load 0.061076
LDB: TIME 958.789 LOAD: AVG 0.061076 MAX 0.136114  PROXIES: TOTAL 28 MAXPE 3 MAXPATCH 5 None MEM: 0.260292 MB
LDB: TIME 958.789 LOAD: AVG 0.061076 MAX 0.136114  PROXIES: TOTAL 32 MAXPE 5 MAXPATCH 6 RefineTorusLB MEM: 0.260292 MB
LDB: TIME 958.789 LOAD: AVG 0.061076 MAX 0.136114  PROXIES: TOTAL 32 MAXPE 5 MAXPATCH 6 RefineTorusLB MEM: 0.260292 MB
LDB: Reverting to original mapping
LDB: ============== END OF LOAD BALANCING =============== 958.789
Info: useSync: 0 useProxySync: 0
LDB: =============== DONE WITH MIGRATION ================ 958.789
WRITING COORDINATES TO DCD FILE MD.dcd AT STEP 285000
PRESSURE: 285000 115.782 434.663 225.931 677.921 1461.76 151.61 -2805.61 -311.085 18892.8
GPRESSURE: 285000 109.02 557.014 160.172 895.634 1484.53 186.075 -2821.03 -336.824 18943.3
PRESSAVG: 285000 625.824 -40.5197 58.5629 -19.5023 681.991 -6.0646 -1827.23 -20.007 16758.5
GPRESSAVG: 285000 625.713 -40.7504 57.8894 -19.0481 682.166 -5.7424 -1827.11 -20.2049 16758.7
ENERGY:  285000         0.0000         0.0000         0.0000         0.0000          -5631.2637       475.6270         0.0000         0.0000       944.1633          -4211.4733       299.9524     -5155.6366     -4209.8384       302.7135           6823.4382      6845.6104     22741.3648      6022.0994      6022.1862

LDB: ============= START OF LOAD BALANCING ============== 964.443
LDB: ============== END OF LOAD BALANCING =============== 964.443
Info: useSync: 0 useProxySync: 0
LDB: =============== DONE WITH MIGRATION ================ 964.454
LDB: ============= START OF LOAD BALANCING ============== 964.595
LDB: Largest compute 17 load 0.008221 is 13.7% of average load 0.059819
LDB: Average compute 0.002337 is 3.9% of average load 0.059819
LDB: TIME 964.595 LOAD: AVG 0.0598186 MAX 0.134526  PROXIES: TOTAL 28 MAXPE 3 MAXPATCH 5 None MEM: 0.260292 MB
LDB: TIME 964.595 LOAD: AVG 0.0598186 MAX 0.134526  PROXIES: TOTAL 32 MAXPE 5 MAXPATCH 6 RefineTorusLB MEM: 0.260292 MB
LDB: TIME 964.595 LOAD: AVG 0.0598186 MAX 0.134526  PROXIES: TOTAL 32 MAXPE 5 MAXPATCH 6 RefineTorusLB MEM: 0.260292 MB
LDB: Reverting to original mapping
LDB: ============== END OF LOAD BALANCING =============== 964.595
Info: useSync: 0 useProxySync: 0
LDB: =============== DONE WITH MIGRATION ================ 964.596
LDB: ============= START OF LOAD BALANCING ============== 970.303
LDB: ============== END OF LOAD BALANCING =============== 970.303
Info: useSync: 0 useProxySync: 0
LDB: =============== DONE WITH MIGRATION ================ 970.303
LDB: ============= START OF LOAD BALANCING ============== 970.453
LDB: Largest compute 241 load 0.011239 is 18.1% of average load 0.062136
LDB: Average compute 0.002425 is 3.9% of average load 0.062136
LDB: TIME 970.453 LOAD: AVG 0.0621363 MAX 0.139295  PROXIES: TOTAL 28 MAXPE 3 MAXPATCH 5 None MEM: 0.260292 MB
LDB: TIME 970.453 LOAD: AVG 0.0621363 MAX 0.139295  PROXIES: TOTAL 32 MAXPE 5 MAXPATCH 6 RefineTorusLB MEM: 0.260292 MB
LDB: TIME 970.453 LOAD: AVG 0.0621363 MAX 0.139295  PROXIES: TOTAL 32 MAXPE 5 MAXPATCH 6 RefineTorusLB MEM: 0.260292 MB
LDB: Reverting to original mapping
LDB: ============== END OF LOAD BALANCING =============== 970.453
Info: useSync: 0 useProxySync: 0
LDB: =============== DONE WITH MIGRATION ================ 970.453
WRITING COORDINATES TO DCD FILE MD.dcd AT STEP 290000
PRESSURE: 290000 1180.74 -654.109 534.423 -621.175 827.412 -501.489 -2694.23 -785.345 16677.4
GPRESSURE: 290000 1060.01 -655.981 375.182 -668.901 845.225 -331.732 -2539.66 -791.513 16823.8
PRESSAVG: 290000 589.694 32.1943 -32.7968 46.2022 643.469 -2.30077 -2304.27 -11.1123 16707.5
GPRESSAVG: 290000 589.77 32.5201 -32.4024 45.7432 643.169 -2.23362 -2304.4 -10.7686 16707.8
ENERGY:  290000         0.0000         0.0000         0.0000         0.0000          -5610.1834       448.6539         0.0000         0.0000       990.4108          -4171.1187       314.6448     -5161.5295     -4167.3588       299.6763           6228.5327      6243.0167     22741.3648      5980.2294      5980.2527

LDB: ============= START OF LOAD BALANCING ============== 976.307
LDB: ============== END OF LOAD BALANCING =============== 976.307
Info: useSync: 0 useProxySync: 0
LDB: =============== DONE WITH MIGRATION ================ 976.307
LDB: ============= START OF LOAD BALANCING ============== 976.45
LDB: Largest compute 225 load 0.009203 is 15.1% of average load 0.060911
LDB: Average compute 0.002396 is 3.9% of average load 0.060911
LDB: TIME 976.451 LOAD: AVG 0.060911 MAX 0.136697  PROXIES: TOTAL 28 MAXPE 3 MAXPATCH 5 None MEM: 0.260292 MB
LDB: TIME 976.451 LOAD: AVG 0.060911 MAX 0.136697  PROXIES: TOTAL 32 MAXPE 5 MAXPATCH 6 RefineTorusLB MEM: 0.260292 MB
LDB: TIME 976.451 LOAD: AVG 0.060911 MAX 0.136697  PROXIES: TOTAL 32 MAXPE 5 MAXPATCH 6 RefineTorusLB MEM: 0.260292 MB
LDB: Reverting to original mapping
LDB: ============== END OF LOAD BALANCING =============== 976.451
Info: useSync: 0 useProxySync: 0
LDB: =============== DONE WITH MIGRATION ================ 976.451
LDB: ============= START OF LOAD BALANCING ============== 982.886
LDB: ============== END OF LOAD BALANCING =============== 982.886
Info: useSync: 0 useProxySync: 0
LDB: =============== DONE WITH MIGRATION ================ 982.886
LDB: ============= START OF LOAD BALANCING ============== 983.029
LDB: Largest compute 17 load 0.008560 is 14.2% of average load 0.060307
LDB: Average compute 0.002362 is 3.9% of average load 0.060307
LDB: TIME 983.03 LOAD: AVG 0.0603075 MAX 0.136747  PROXIES: TOTAL 28 MAXPE 3 MAXPATCH 5 None MEM: 0.260292 MB
LDB: TIME 983.03 LOAD: AVG 0.0603075 MAX 0.136747  PROXIES: TOTAL 32 MAXPE 5 MAXPATCH 6 RefineTorusLB MEM: 0.260292 MB
LDB: TIME 983.03 LOAD: AVG 0.0603075 MAX 0.136747  PROXIES: TOTAL 32 MAXPE 5 MAXPATCH 6 RefineTorusLB MEM: 0.260292 MB
LDB: Reverting to original mapping
LDB: ============== END OF LOAD BALANCING =============== 983.03
Info: useSync: 0 useProxySync: 0
LDB: =============== DONE WITH MIGRATION ================ 983.03
LDB: ============= START OF LOAD BALANCING ============== 988.727
LDB: ============== END OF LOAD BALANCING =============== 988.727
Info: useSync: 0 useProxySync: 0
LDB: =============== DONE WITH MIGRATION ================ 988.727
LDB: ============= START OF LOAD BALANCING ============== 988.87
LDB: Largest compute 17 load 0.009521 is 15.8% of average load 0.060118
LDB: Average compute 0.002349 is 3.9% of average load 0.060118
LDB: TIME 988.871 LOAD: AVG 0.0601184 MAX 0.137056  PROXIES: TOTAL 28 MAXPE 3 MAXPATCH 5 None MEM: 0.260292 MB
LDB: TIME 988.871 LOAD: AVG 0.0601184 MAX 0.137056  PROXIES: TOTAL 32 MAXPE 5 MAXPATCH 6 RefineTorusLB MEM: 0.260292 MB
LDB: TIME 988.871 LOAD: AVG 0.0601184 MAX 0.137056  PROXIES: TOTAL 32 MAXPE 5 MAXPATCH 6 RefineTorusLB MEM: 0.260292 MB
LDB: ============== END OF LOAD BALANCING =============== 988.871
Info: useSync: 0 useProxySync: 0
LDB: =============== DONE WITH MIGRATION ================ 988.871
WRITING COORDINATES TO DCD FILE MD.dcd AT STEP 295000
PRESSURE: 295000 701.784 -596.359 150.524 -739.018 628.965 -728.439 -1215.54 -115.512 18119.5
GPRESSURE: 295000 754.239 -338.865 -96.0313 -417.113 619.22 -482.607 -1023.41 -258.801 18135.9
PRESSAVG: 295000 667.104 -25.3438 -6.783 -81.8835 642.714 43.5916 -2013.71 235.876 17024.8
GPRESSAVG: 295000 667.034 -25.3628 -6.67256 -81.8912 642.956 43.3567 -2013.97 235.773 17024.7
ENERGY:  295000         0.0000         0.0000         0.0000         0.0000          -5581.3440       428.1800         0.0000         0.0000       959.9121          -4193.2520       304.9556     -5153.1641     -4192.0828       305.6085           6483.4245      6503.1037     22741.3648      6111.5235      6111.5685

LDB: ============= START OF LOAD BALANCING ============== 994.541
LDB: ============== END OF LOAD BALANCING =============== 994.541
Info: useSync: 0 useProxySync: 0
LDB: =============== DONE WITH MIGRATION ================ 994.541
LDB: ============= START OF LOAD BALANCING ============== 994.684
LDB: Largest compute 17 load 0.009432 is 15.6% of average load 0.060397
LDB: Average compute 0.002371 is 3.9% of average load 0.060397
LDB: TIME 994.684 LOAD: AVG 0.0603972 MAX 0.137177  PROXIES: TOTAL 28 MAXPE 3 MAXPATCH 5 None MEM: 0.260292 MB
LDB: TIME 994.684 LOAD: AVG 0.0603972 MAX 0.137177  PROXIES: TOTAL 32 MAXPE 5 MAXPATCH 6 RefineTorusLB MEM: 0.260292 MB
LDB: TIME 994.684 LOAD: AVG 0.0603972 MAX 0.137177  PROXIES: TOTAL 32 MAXPE 5 MAXPATCH 6 RefineTorusLB MEM: 0.260292 MB
LDB: ============== END OF LOAD BALANCING =============== 994.684
Info: useSync: 0 useProxySync: 0
LDB: =============== DONE WITH MIGRATION ================ 994.685
LDB: ============= START OF LOAD BALANCING ============== 1001.28
LDB: ============== END OF LOAD BALANCING =============== 1001.28
Info: useSync: 0 useProxySync: 0
LDB: =============== DONE WITH MIGRATION ================ 1001.28
LDB: ============= START OF LOAD BALANCING ============== 1001.43
LDB: Largest compute 17 load 0.009179 is 15.0% of average load 0.060997
LDB: Average compute 0.002365 is 3.9% of average load 0.060997
LDB: TIME 1001.43 LOAD: AVG 0.0609974 MAX 0.142567  PROXIES: TOTAL 28 MAXPE 3 MAXPATCH 5 None MEM: 0.260292 MB
LDB: TIME 1001.43 LOAD: AVG 0.0609974 MAX 0.142567  PROXIES: TOTAL 32 MAXPE 5 MAXPATCH 6 RefineTorusLB MEM: 0.260292 MB
LDB: TIME 1001.43 LOAD: AVG 0.0609974 MAX 0.142567  PROXIES: TOTAL 32 MAXPE 5 MAXPATCH 6 RefineTorusLB MEM: 0.260292 MB
LDB: ============== END OF LOAD BALANCING =============== 1001.43
Info: useSync: 0 useProxySync: 0
LDB: =============== DONE WITH MIGRATION ================ 1001.43
PRESSURE: 300000 1615.47 313.258 -88.5174 752.917 2382.66 683.443 -1540.56 986.592 16851.2
GPRESSURE: 300000 1624.54 438.506 -18.7074 792.03 2270.69 364.579 -1480.91 841.152 17007.3
PRESSAVG: 300000 728.948 -12.9324 -54.3027 -54.0626 722.342 41.2372 -2031.64 508.29 17756.8
GPRESSAVG: 300000 728.913 -13.0379 -53.9541 -54.2125 721.822 40.7624 -2031.62 508.272 17757
TIMING: 300000  CPU: 973.473, 0.00298356/step  Wall: 994.073, 0.00300901/step, 0 hours remaining, 0.260292 MB of memory in use.
PERFORMANCE: 300000  averaging 52.1494 ns/day, 0.00331356 sec/step with standard deviation 0.000410427
ETITLE:      TS           BOND          ANGLE          DIHED          IMPRP               ELECT            VDW       BOUNDARY           MISC        KINETIC               TOTAL           TEMP      POTENTIAL         TOTAL3        TEMPAVG            PRESSURE      GPRESSURE         VOLUME       PRESSAVG      GPRESSAVG

ENERGY:  300000         0.0000         0.0000         0.0000         0.0000          -5687.4384       504.7553         0.0000         0.0000       932.2339          -4250.4493       296.1625     -5182.6831     -4247.6836       296.4674           6949.7914      6967.5043     22741.3648      6402.7115      6402.5690

WRITING EXTENDED SYSTEM TO RESTART FILE AT STEP 300000
WRITING COORDINATES TO DCD FILE MD.dcd AT STEP 300000
WRITING COORDINATES TO RESTART FILE AT STEP 300000
FINISHED WRITING RESTART COORDINATES
WRITING VELOCITIES TO RESTART FILE AT STEP 300000
FINISHED WRITING RESTART VELOCITIES
WRITING EXTENDED SYSTEM TO OUTPUT FILE AT STEP 300000
CLOSING EXTENDED SYSTEM TRAJECTORY FILE
WRITING COORDINATES TO OUTPUT FILE AT STEP 300000
CLOSING COORDINATE DCD FILE MD.dcd
WRITING VELOCITIES TO OUTPUT FILE AT STEP 300000
====================================================

WallClock: 1006.642822  CPUTime: 984.944824  Memory: 0.260292 MB
[Partition 0][Node 0] End of program
